pipeline,clique_preferred_id,clique_preferred_label,clique_biolink_type,change_kind,added_kind,added_id,added_id_label,added_id_biolink_type,would_be_added,needs_biolink_registration,biolink_registration_note,equivalent_ids
disease,EFO:0005414,airway hyperresponsiveness,biolink:PhenotypicFeature,expanded,preexisting,MP:0001952,increased airway responsiveness,biolink:PhenotypicFeature,true,false,,EFO:0005414|MP:0001952
disease,EFO:0008322,decreased susceptibility to bacterial infection,biolink:PhenotypicFeature,expanded,preexisting,MP:0002411,decreased susceptibility to bacterial infection,biolink:PhenotypicFeature,true,false,,EFO:0008322|MP:0002411
disease,EFO:0009427,embryonic lethality,biolink:PhenotypicFeature,expanded,preexisting,MP:0008762,embryonic lethality,biolink:PhenotypicFeature,true,false,,EFO:0009427|MP:0008762
disease,EFO:0009457,abnormal vascular wound healing,biolink:PhenotypicFeature,expanded,preexisting,MP:0004883,abnormal vascular wound healing,biolink:PhenotypicFeature,true,false,,EFO:0009457|MP:0004883
disease,EFO:0009471,small kidney,biolink:PhenotypicFeature,expanded,preexisting,MP:0002989,small kidney,biolink:PhenotypicFeature,true,false,,EFO:0009471|MEDDRA:10041135|MEDDRA:10041137|MP:0002989|ICD10:N27
disease,EFO:0009472,tympanic membrane perforation,biolink:PhenotypicFeature,expanded,preexisting,MP:0030414,tympanic membrane perforation,biolink:PhenotypicFeature,true,false,,EFO:0009472|UMLS:C0206504|MEDDRA:10014006|MEDDRA:10034391|MEDDRA:10034424|MEDDRA:10034425|MEDDRA:10045210|MP:0030414|SNOMEDCT:271743003|SNOMEDCT:60442001|MESH:D018058|ICD10:H72
disease,EFO:0009829,vascular smooth muscle hypertrophy,biolink:PhenotypicFeature,expanded,preexisting,MP:0002975,vascular smooth muscle hypertrophy,biolink:PhenotypicFeature,true,false,,EFO:0009829|MP:0002975
disease,EFO:0009866,pulmonary vascular congestion,biolink:PhenotypicFeature,expanded,preexisting,MP:0010018,pulmonary vascular congestion,biolink:PhenotypicFeature,true,false,,EFO:0009866|MP:0010018
disease,EFO:0009871,increased heart weight,biolink:PhenotypicFeature,expanded,preexisting,MP:0002833,increased heart weight,biolink:PhenotypicFeature,true,false,,EFO:0009871|MP:0002833
disease,EFO:0009872,increased cardiac output,biolink:PhenotypicFeature,expanded,preexisting,MP:0003394,increased cardiac output,biolink:PhenotypicFeature,true,false,,EFO:0009872|MP:0003394
disease,EFO:0009873,decreased cardiac output,biolink:PhenotypicFeature,expanded,preexisting,MP:0003393,decreased cardiac output,biolink:PhenotypicFeature,true,false,,EFO:0009873|MP:0003393
disease,EFO:0009874,decreased anxiety-related response,biolink:PhenotypicFeature,expanded,preexisting,MP:0001364,decreased anxiety-related response,biolink:PhenotypicFeature,true,false,,EFO:0009874|MP:0001364
disease,EFO:0009875,thymus atrophy,biolink:PhenotypicFeature,expanded,preexisting,MP:0003644,thymus atrophy,biolink:PhenotypicFeature,true,false,,EFO:0009875|MP:0003644
disease,EFO:0009876,abnormal lipolysis,biolink:PhenotypicFeature,expanded,preexisting,MP:0008032,abnormal lipolysis,biolink:PhenotypicFeature,true,false,,EFO:0009876|MP:0008032
disease,EFO:0009877,decreased bone mass,biolink:PhenotypicFeature,expanded,preexisting,MP:0004016,decreased bone mass,biolink:PhenotypicFeature,true,false,,EFO:0009877|MP:0004016
disease,HP:0000048,Bifid scrotum,biolink:PhenotypicFeature,expanded,added,MP:0009203,external male genitalia hypoplasia,biolink:PhenotypicFeature,true,false,,HP:0000048|UMLS:C0341787|MP:0009203|SNOMEDCT:236780002
disease,HP:0000085,Horseshoe kidney,biolink:PhenotypicFeature,expanded,added,MP:0003605,fused kidneys,biolink:PhenotypicFeature,true,false,,HP:0000085|NCIT:C98947|UMLS:C0221353|UMLS:C0266305|MEDDRA:10020393|MP:0003605|SNOMEDCT:204984002|SNOMEDCT:41729002|MESH:D000069337|Fyler:4507
disease,HP:0000217,Xerostomia,biolink:PhenotypicFeature,expanded,preexisting,MP:0000624,xerostomia,biolink:PhenotypicFeature,true,false,,HP:0000217|EFO:0009869|NCIT:C26917|UMLS:C0043352|MEDDRA:10003068|MEDDRA:10013781|MEDDRA:10013794|MEDDRA:10028016|MEDDRA:10028021|MEDDRA:10030974|MEDDRA:10039380|MEDDRA:10039425|MEDDRA:10048223|MEDDRA:10050239|MEDDRA:10050240|MEDDRA:10091448|MP:0000624|SNOMEDCT:300268000|SNOMEDCT:56893005|SNOMEDCT:87715008|MESH:D014987
disease,HP:0000256,Macrocephaly,biolink:PhenotypicFeature,expanded,added,MP:0000434,megacephaly,biolink:PhenotypicFeature,true,false,,HP:0000256|UMLS:C4255213|UMLS:C4280663|UMLS:C4280664|MP:0000434|Fyler:4335
disease,HP:0000347,Micrognathia,biolink:PhenotypicFeature,expanded,added,MP:0002639,micrognathia,biolink:PhenotypicFeature,true,false,,HP:0000347|NCIT:C87094|UMLS:C0025990|UMLS:C0240295|UMLS:C1857130|UMLS:C4476523|UMLS:C4476524|MEDDRA:10026742|MEDDRA:10027543|MP:0002639|SNOMEDCT:32958008|MESH:D008844|Fyler:4163
disease,HP:0000528,Anophthalmia,biolink:PhenotypicFeature,expanded,added,MP:0001293,anophthalmia,biolink:PhenotypicFeature,true,false,,HP:0000528|NCIT:C98814|UMLS:C0003119|MEDDRA:10002639|MEDDRA:10002640|MEDDRA:10009298|MP:0001293|SNOMEDCT:1381918001|SNOMEDCT:204099004|SNOMEDCT:7183006|MESH:D000853|Fyler:4864
disease,HP:0000568,Microphthalmia,biolink:PhenotypicFeature,expanded,added,MP:0001297,microphthalmia,biolink:PhenotypicFeature,true,false,,HP:0000568|UMLS:C4280625|UMLS:C4280808|MP:0001297|SNOMEDCT:204108000|SNOMEDCT:61142002|Fyler:4877
disease,HP:0001257,Spasticity,biolink:PhenotypicFeature,expanded,added,MP:0012051,spasticity,biolink:PhenotypicFeature,true,false,,HP:0001257|NCIT:C79750|UMLS:C0026838|MEDDRA:10028335|MEDDRA:10041416|MEDDRA:10041418|MP:0012051|SNOMEDCT:221360009|SNOMEDCT:397790002|MESH:D009128
disease,HP:0001537,Umbilical hernia,biolink:PhenotypicFeature,expanded,added,MP:0010146,umbilical hernia,biolink:PhenotypicFeature,true,false,,HP:0001537|NCIT:C118375|UMLS:C0019322|MEDDRA:10015677|MEDDRA:10045458|MEDDRA:10045459|MEDDRA:10045461|MP:0010146|SNOMEDCT:396347007|MESH:D006554|Fyler:4445
disease,HP:0001640,Cardiomegaly,biolink:PhenotypicFeature,expanded,preexisting,MP:0001625,cardiac hypertrophy,biolink:PhenotypicFeature,true,false,,HP:0001640|EFO:0002503|NCIT:C61453|UMLS:C0018800|UMLS:C1383860|MEDDRA:10007572|MP:0001625|SNOMEDCT:8186001|MESH:D006332|ICD9:429.3
disease,HP:0001641,Abnormal pulmonary valve morphology,biolink:PhenotypicFeature,expanded,added,MP:0002748,abnormal pulmonary valve morphology,biolink:PhenotypicFeature,true,false,,HP:0001641|UMLS:C3164374|MP:0002748|SNOMEDCT:448643005|Fyler:1600|Fyler:1602
disease,HP:0001646,Abnormal aortic valve morphology,biolink:PhenotypicFeature,expanded,added,MP:0002747,abnormal aortic valve morphology,biolink:PhenotypicFeature,true,false,,HP:0001646|UMLS:C3164445|MP:0002747|SNOMEDCT:448743001|Fyler:1400|Fyler:1408
disease,HP:0001667,Right ventricular hypertrophy,biolink:PhenotypicFeature,expanded,added,MP:0000276,heart right ventricle hypertrophy,biolink:PhenotypicFeature,true,false,,HP:0001667|NCIT:C50734|UMLS:C0162770|MEDDRA:10039341|MEDDRA:10050326|MEDDRA:10050582|MP:0000276|SNOMEDCT:89792004|MESH:D017380|Fyler:3609
disease,HP:0001679,Abnormal aortic morphology,biolink:PhenotypicFeature,expanded,added,MP:0000272,abnormal aorta morphology,biolink:PhenotypicFeature,true,false,,HP:0001679|UMLS:C4025756|MP:0000272|Fyler:1453|MA:0000062
disease,HP:0001688,Sinus bradycardia,biolink:PhenotypicFeature,expanded,added,MP:0010637,sinus bradycardia,biolink:PhenotypicFeature,true,false,,HP:0001688|NCIT:C26923|UMLS:C0085610|MEDDRA:10006098|MEDDRA:10040741|MP:0010637|SNOMEDCT:49710005|Fyler:7013
disease,HP:0001696,Situs inversus totalis,biolink:PhenotypicFeature,expanded,added,MP:0011252,situs inversus totalis,biolink:PhenotypicFeature,true,false,,HP:0001696|MP:0011252|Fyler:0100|Fyler:100
disease,HP:0001697,Abnormal pericardium morphology,biolink:PhenotypicFeature,expanded,added,MP:0000288,abnormal pericardium morphology,biolink:PhenotypicFeature,true,false,,HP:0001697|UMLS:C4025754|MP:0000288|Fyler:1900
disease,HP:0001707,Abnormal right ventricle morphology,biolink:PhenotypicFeature,expanded,added,MP:0003920,abnormal heart right ventricle morphology,biolink:PhenotypicFeature,true,false,,HP:0001707|UMLS:C0344887|MP:0003920|SNOMEDCT:253516002|Fyler:1820
disease,HP:0001711,Abnormal left ventricle morphology,biolink:PhenotypicFeature,expanded,added,MP:0003921,abnormal heart left ventricle morphology,biolink:PhenotypicFeature,true,false,,HP:0001711|UMLS:C0344905|MP:0003921|SNOMEDCT:253535002|SNOMEDCT:871660009|Fyler:1810
disease,HP:0001712,Left ventricular hypertrophy,biolink:PhenotypicFeature,expanded,added,MP:0002625,heart left ventricle hypertrophy,biolink:PhenotypicFeature,true,false,,HP:0001712|EFO:0003896|NCIT:C50631|UMLS:C0149721|MEDDRA:10025164|MEDDRA:10049773|MEDDRA:10050581|MP:0002625|SNOMEDCT:55827005|MESH:D017379|Fyler:3608
disease,HP:0001746,Asplenia,biolink:PhenotypicFeature,expanded,added,MP:0000690,absent spleen,biolink:PhenotypicFeature,true,false,,HP:0001746|UMLS:C0600031|UMLS:C5574735|UMLS:C5779621|MEDDRA:10053622|MP:0000690|SNOMEDCT:1003551006|SNOMEDCT:702624008|SNOMEDCT:707147002|SNOMEDCT:93030006|Fyler:4771
disease,HP:0001747,Accessory spleen,biolink:PhenotypicFeature,expanded,added,MP:0003342,accessory spleen,biolink:PhenotypicFeature,true,false,,HP:0001747|UMLS:C0266631|MEDDRA:10068059|MEDDRA:10074948|MEDDRA:10089986|MP:0003342|SNOMEDCT:10362008|Fyler:4772
disease,HP:0001750,Single ventricle,biolink:PhenotypicFeature,expanded,added,MP:0010432,common ventricle,biolink:PhenotypicFeature,true,false,,HP:0001750|NCIT:C99542|UMLS:C0152424|MEDDRA:10040729|MEDDRA:10045545|MP:0010432|SNOMEDCT:45503006|Fyler:0200|Fyler:200
disease,HP:0001920,Renal artery stenosis,biolink:PhenotypicFeature,expanded,added,MP:0011356,renal artery stenosis,biolink:PhenotypicFeature,true,false,,HP:0001920|NCIT:C123221|UMLS:C0035067|MEDDRA:10038378|MEDDRA:10038379|MP:0011356|SNOMEDCT:282664001|SNOMEDCT:302233006|Fyler:2634
disease,HP:0001965,Abnormal scalp morphology,biolink:PhenotypicFeature,expanded,added,MP:0030178,abnormal scalp morphology,biolink:PhenotypicFeature,true,false,,HP:0001965|UMLS:C4025734|MP:0030178|http://emedicine.medscape.com/article/834808-overview
disease,HP:0002414,Spina bifida,biolink:PhenotypicFeature,expanded,added,MP:0003054,spina bifida,biolink:PhenotypicFeature,true,false,,HP:0002414|MP:0003054|Fyler:4157
disease,HP:0002475,Myelomeningocele,biolink:PhenotypicFeature,expanded,added,MP:0009929,meningomyelocele,biolink:PhenotypicFeature,true,false,,HP:0002475|MP:0009929|Fyler:4309
disease,HP:0002623,Overriding aorta,biolink:PhenotypicFeature,expanded,added,MP:0000273,overriding aortic valve,biolink:PhenotypicFeature,true,false,,HP:0002623|NCIT:C124569|UMLS:C0011818|UMLS:C0265886|MP:0000273|SNOMEDCT:63934006|Fyler:1432
disease,HP:0002795,Abnormal respiratory system physiology,biolink:PhenotypicFeature,expanded,added,MP:0001943,abnormal respiration,biolink:PhenotypicFeature,true,false,,HP:0002795|UMLS:C4025677|MP:0001943|Fyler:4200
disease,HP:0003363,Abdominal situs inversus,biolink:PhenotypicFeature,expanded,added,MP:0011249,abdominal situs inversus,biolink:PhenotypicFeature,true,false,,HP:0003363|MP:0011249|Fyler:3816
disease,HP:0003468,Abnormal vertebral morphology,biolink:PhenotypicFeature,expanded,added,MP:0000137,abnormal vertebrae morphology,biolink:PhenotypicFeature,true,false,,HP:0003468|UMLS:C0158775|UMLS:C1834129|UMLS:C4020839|UMLS:C4020840|MEDDRA:10010352|MEDDRA:10010631|MEDDRA:10041611|MEDDRA:10041612|MP:0000137|SNOMEDCT:205043005|SNOMEDCT:74877002|Fyler:4108
disease,HP:0004299,Hernia of the abdominal wall,biolink:PhenotypicFeature,expanded,added,MP:0000757,herniated abdominal wall,biolink:PhenotypicFeature,true,false,,HP:0004299|NCIT:C98700|UMLS:C1442978|MEDDRA:10019911|MP:0000757|SNOMEDCT:128545000|MESH:D046449|Fyler:4414
disease,HP:0004384,Type I truncus arteriosus,biolink:PhenotypicFeature,expanded,added,MP:0011661,persistent truncus arteriosus type i,biolink:PhenotypicFeature,true,false,,HP:0004384|UMLS:C1834934|MP:0011661|Fyler:0510|Fyler:510
disease,HP:0004415,Pulmonary artery stenosis,biolink:PhenotypicFeature,expanded,added,MP:0010457,pulmonary artery stenosis,biolink:PhenotypicFeature,true,false,,HP:0004415|NCIT:C99030|UMLS:C0238397|MEDDRA:10037338|MP:0010457|SNOMEDCT:95441000|MESH:D000071079|Fyler:1622
disease,HP:0004762,Hypoplasia of right ventricle,biolink:PhenotypicFeature,expanded,added,MP:0010422,heart right ventricle hypoplasia,biolink:PhenotypicFeature,true,false,,HP:0004762|UMLS:C4082954|MP:0010422|Fyler:1821
disease,HP:0004959,Descending thoracic aorta aneurysm,biolink:PhenotypicFeature,expanded,added,MP:0010473,descending aorta dilation,biolink:PhenotypicFeature,true,false,,HP:0004959|UMLS:C1388233|UMLS:C4025266|MP:0010473|SNOMEDCT:2831000119107|MESH:D000094627|Fyler:2754
disease,HP:0004970,Ascending tubular aorta aneurysm,biolink:PhenotypicFeature,expanded,added,MP:0010470,dilated ascending aorta,biolink:PhenotypicFeature,true,false,,HP:0004970|UMLS:C0345049|UMLS:C0856747|MEDDRA:10002347|MP:0010470|MP:0010661|SNOMEDCT:253645007|SNOMEDCT:425963007|MESH:D000094625|Fyler:2310|Fyler:2701
disease,HP:0004970,Ascending tubular aorta aneurysm,biolink:PhenotypicFeature,expanded,added,MP:0010661,ascending aorta aneurysm,biolink:PhenotypicFeature,true,false,,HP:0004970|UMLS:C0345049|UMLS:C0856747|MEDDRA:10002347|MP:0010470|MP:0010661|SNOMEDCT:253645007|SNOMEDCT:425963007|MESH:D000094625|Fyler:2310|Fyler:2701
disease,HP:0005105,Abnormal nasal morphology,biolink:PhenotypicFeature,expanded,added,MP:0002233,abnormal nose morphology,biolink:PhenotypicFeature,true,false,,HP:0005105|UMLS:C4025252|MP:0002233|Fyler:4870
disease,HP:0005113,Aortic arch aneurysm,biolink:PhenotypicFeature,expanded,added,MP:0010575,aortic arch dilation,biolink:PhenotypicFeature,true,false,,HP:0005113|UMLS:C0856748|UMLS:C1851119|MEDDRA:10002341|MEDDRA:10002342|MP:0010575|SNOMEDCT:712578006|MESH:D000094626|Fyler:2706
disease,HP:0005133,Right ventricular dilatation,biolink:PhenotypicFeature,expanded,added,MP:0002754,dilated heart right ventricle,biolink:PhenotypicFeature,true,false,,HP:0005133|UMLS:C0344893|MEDDRA:10074222|MP:0002754|MP:0010423|SNOMEDCT:253522006|Fyler:1827|Fyler:2333
disease,HP:0005133,Right ventricular dilatation,biolink:PhenotypicFeature,expanded,added,MP:0010423,heart right ventricle aneurysm,biolink:PhenotypicFeature,true,false,,HP:0005133|UMLS:C0344893|MEDDRA:10074222|MP:0002754|MP:0010423|SNOMEDCT:253522006|Fyler:1827|Fyler:2333
disease,HP:0005156,Hypoplastic left atrium,biolink:PhenotypicFeature,expanded,added,MP:0010647,heart left atrium hypoplasia,biolink:PhenotypicFeature,true,false,,HP:0005156|UMLS:C1970625|MP:0010647|Fyler:3040
disease,HP:0005160,Total anomalous pulmonary venous return,biolink:PhenotypicFeature,expanded,added,MP:0010441,total anomalous pulmonary venous connection,biolink:PhenotypicFeature,true,false,,HP:0005160|MP:0010441|Fyler:0900|Fyler:900
disease,HP:0005182,Bicuspid pulmonary valve,biolink:PhenotypicFeature,expanded,added,MP:0010527,bicuspid pulmonary valve,biolink:PhenotypicFeature,true,false,,HP:0005182|UMLS:C0344987|MEDDRA:10063730|MP:0010527|SNOMEDCT:253599005|Fyler:1601
disease,HP:0005607,Abnormal tracheobronchial morphology,biolink:PhenotypicFeature,expanded,added,MP:0004391,abnormal respiratory conducting tube morphology,biolink:PhenotypicFeature,true,false,,HP:0005607|UMLS:C4021631|MP:0004391|Fyler:4232
disease,HP:0005944,Bilateral lung agenesis,biolink:PhenotypicFeature,expanded,added,MP:0001181,absent lungs,biolink:PhenotypicFeature,true,false,,HP:0005944|UMLS:C4021610|MP:0001181|SNOMEDCT:838370001|Fyler:4206
disease,HP:0006548,Pulmonary arteriovenous malformation,biolink:PhenotypicFeature,expanded,added,MP:0010480,pulmonary arteriovenous malformation,biolink:PhenotypicFeature,true,false,,HP:0006548|UMLS:C1857690|MEDDRA:10037309|MP:0010480|SNOMEDCT:303070000|Fyler:2210
disease,HP:0006690,Myocardial calcification,biolink:PhenotypicFeature,expanded,added,MP:0010534,calcified myocardium,biolink:PhenotypicFeature,true,false,,HP:0006690|UMLS:C1096561|MEDDRA:10054122|MP:0010534|Fyler:1889
disease,HP:0009776,Adactyly,biolink:PhenotypicFeature,expanded,added,MP:0000561,adactyly,biolink:PhenotypicFeature,true,false,,HP:0009776|UMLS:C0238591|UMLS:C4280394|MEDDRA:10049207|MP:0000561|SNOMEDCT:275348004|Fyler:4173
disease,HP:0010438,Abnormal ventricular septum morphology,biolink:PhenotypicFeature,expanded,added,MP:0000281,abnormal interventricular septum morphology,biolink:PhenotypicFeature,true,false,,HP:0010438|UMLS:C4021264|MP:0000281|Fyler:1815
disease,HP:0010442,Polydactyly,biolink:PhenotypicFeature,expanded,added,MP:0000562,polydactyly,biolink:PhenotypicFeature,true,false,,HP:0010442|MP:0000562|SNOMEDCT:367506006|Fyler:4103
disease,HP:0010775,Vascular ring,biolink:PhenotypicFeature,expanded,added,MP:0010466,vascular ring,biolink:PhenotypicFeature,true,false,,HP:0010775|NCIT:C99106|UMLS:C0221214|MP:0010466|SNOMEDCT:110409004|SNOMEDCT:66403007|MESH:D000073872|Fyler:2760
disease,HP:0010882,Pulmonary valve atresia,biolink:PhenotypicFeature,expanded,added,MP:0006130,pulmonary valve atresia,biolink:PhenotypicFeature,true,false,,HP:0010882|NCIT:C99031|UMLS:C0242855|MEDDRA:10003653|MEDDRA:10052644|MP:0006130|SNOMEDCT:204342004|SNOMEDCT:448564004|MESH:D018633|Fyler:1001
disease,HP:0011004,Abnormal systemic arterial morphology,biolink:PhenotypicFeature,expanded,added,MP:0011655,abnormal systemic artery morphology,biolink:PhenotypicFeature,true,false,,HP:0011004|UMLS:C0151489|UMLS:C4021205|MEDDRA:10002615|MEDDRA:10003145|MEDDRA:10003236|MP:0011655|SNOMEDCT:234119001|Fyler:2600
disease,HP:0011112,Abnormal circulating cytokine concentration,biolink:PhenotypicFeature,expanded,preexisting,MP:0010210,abnormal circulating cytokine level,biolink:PhenotypicFeature,true,false,,HP:0011112|UMLS:C4023535|MP:0010210
disease,HP:0011113,Abnormality of cytokine secretion,biolink:PhenotypicFeature,expanded,preexisting,MP:0003009,abnormal cytokine secretion,biolink:PhenotypicFeature,true,false,,HP:0011113|UMLS:C4023534|MP:0003009
disease,HP:0011118,Abnormality of tumor necrosis factor secretion,biolink:PhenotypicFeature,expanded,preexisting,MP:0008556,abnormal tumor necrosis factor secretion,biolink:PhenotypicFeature,true,false,,HP:0011118|UMLS:C4023529|MP:0008556
disease,HP:0011121,Abnormal skin morphology,biolink:PhenotypicFeature,expanded,added,MP:0002060,abnormal skin morphology,biolink:PhenotypicFeature,true,false,,HP:0011121|UMLS:C4023528|MP:0002060|Fyler:4133
disease,HP:0011281,Abnormality of urine catecholamine level,biolink:PhenotypicFeature,expanded,preexisting,MP:0011478,abnormal urine catecholamine level,biolink:PhenotypicFeature,true,false,,HP:0011281|UMLS:C4023433|MP:0011478
disease,HP:0011338,Abnormality of mouth shape,biolink:PhenotypicFeature,expanded,added,MP:0000452,abnormal mouth morphology,biolink:PhenotypicFeature,true,false,,HP:0011338|UMLS:C4023407|MP:0000452|Fyler:4874
disease,HP:0011543,Superior-inferior ventricles without criss-cross atrioventricular valves,biolink:PhenotypicFeature,expanded,added,MP:0011254,superior-inferior ventricles,biolink:PhenotypicFeature,true,false,,HP:0011543|UMLS:C4023308|MP:0011254|Fyler:0184|Fyler:184
disease,HP:0011565,Common atrium,biolink:PhenotypicFeature,expanded,added,MP:0010406,common atrium,biolink:PhenotypicFeature,true,false,,HP:0011565|UMLS:C0392482|MEDDRA:10083205|MP:0010406|SNOMEDCT:253276007|Fyler:1140
disease,HP:0011573,Hypoplastic tricuspid valve,biolink:PhenotypicFeature,expanded,added,MP:0011680,tricuspid valve hypoplasia,biolink:PhenotypicFeature,true,false,,HP:0011573|UMLS:C0265837|UMLS:C4023294|MP:0011680|SNOMEDCT:43176009|Fyler:1720
disease,HP:0011576,Intermediate atrioventricular canal defect,biolink:PhenotypicFeature,expanded,added,MP:0010415,intermediate atrioventricular septal defect,biolink:PhenotypicFeature,true,false,,HP:0011576|UMLS:C4023291|MP:0010415|Fyler:1121
disease,HP:0011590,Double aortic arch,biolink:PhenotypicFeature,expanded,added,MP:0004159,double aortic arch,biolink:PhenotypicFeature,true,false,,HP:0011590|UMLS:C0265883|MP:0004159|SNOMEDCT:10451007|Fyler:2761
disease,HP:0011608,Type II truncus arteriosus,biolink:PhenotypicFeature,expanded,added,MP:0011662,persistent truncus arteriosus type ii,biolink:PhenotypicFeature,true,false,,HP:0011608|UMLS:C4021137|MP:0011662|Fyler:0520|Fyler:520
disease,HP:0011609,Type III truncus arteriosus,biolink:PhenotypicFeature,expanded,added,MP:0011663,persistent truncus arteriosus type iii,biolink:PhenotypicFeature,true,false,,HP:0011609|UMLS:C4021136|MP:0011663|Fyler:0530|Fyler:530
disease,HP:0011610,Type IV truncus arteriosus,biolink:PhenotypicFeature,expanded,added,MP:0011664,persistent truncus arteriosus type iv,biolink:PhenotypicFeature,true,false,,HP:0011610|UMLS:C4021135|MP:0011664|Fyler:0540|Fyler:540
disease,HP:0011613,Interrupted aortic arch type B,biolink:PhenotypicFeature,expanded,added,MP:0011659,"interrupted aortic arch, type b",biolink:PhenotypicFeature,true,false,,HP:0011613|UMLS:C0345093|MP:0011659|SNOMEDCT:253682003|Fyler:1252
disease,HP:0011622,Inlet ventricular septal defect,biolink:PhenotypicFeature,expanded,added,MP:0010419,inlet ventricular septal defect,biolink:PhenotypicFeature,true,false,,HP:0011622|UMLS:C5399852|MP:0010419|Fyler:1340
disease,HP:0011623,Muscular ventricular septal defect,biolink:PhenotypicFeature,expanded,added,MP:0010420,muscular ventricular septal defect,biolink:PhenotypicFeature,true,false,,HP:0011623|NCIT:C124563|UMLS:C0685707|MEDDRA:10071223|MP:0010420|SNOMEDCT:94706008|Fyler:1320
disease,HP:0011642,Abnormal coronary sinus morphology,biolink:PhenotypicFeature,expanded,added,MP:0010436,abnormal coronary sinus morphology,biolink:PhenotypicFeature,true,false,,HP:0011642|UMLS:C0344680|MP:0010436|SNOMEDCT:253323000|Fyler:2840
disease,HP:0011652,Double outlet right ventricle with doubly committed ventricular septal defect without pulmonary stenosis,biolink:PhenotypicFeature,expanded,added,MP:0011669,"double outlet right ventricle, doubly committed ventricular septal defect",biolink:PhenotypicFeature,true,false,,HP:0011652|UMLS:C0344644|UMLS:C4023247|MP:0011669|SNOMEDCT:253300003|Fyler:0604|Fyler:604
disease,HP:0011660,Anomalous origin of one pulmonary artery from ascending aorta,biolink:PhenotypicFeature,expanded,added,MP:0010456,hemitruncus,biolink:PhenotypicFeature,true,false,,HP:0011660|UMLS:C4021134|MP:0010456|Fyler:0550|Fyler:550
disease,HP:0011681,Subarterial ventricular septal defect,biolink:PhenotypicFeature,expanded,added,MP:0010417,subarterial ventricular septal defect,biolink:PhenotypicFeature,true,false,,HP:0011681|UMLS:C0344944|UMLS:C3165130|MP:0010417|SNOMEDCT:253568009|SNOMEDCT:448876006|Fyler:1330
disease,HP:0011682,Perimembranous ventricular septal defect,biolink:PhenotypicFeature,expanded,added,MP:0010418,perimembraneous ventricular septal defect,biolink:PhenotypicFeature,true,false,,HP:0011682|NCIT:C124556|UMLS:C0344925|MP:0010418|SNOMEDCT:109428005|Fyler:1310
disease,HP:0011702,Abnormal electrophysiology of sinoatrial node origin,biolink:PhenotypicFeature,expanded,added,MP:0006142,abnormal sinoatrial node conduction,biolink:PhenotypicFeature,true,false,,HP:0011702|UMLS:C4023222|MP:0006142|Fyler:7010
disease,HP:0011719,Supracardiac total anomalous pulmonary venous connection,biolink:PhenotypicFeature,expanded,added,MP:0010430,"total anomalous pulmonary venous connection, supracardiac",biolink:PhenotypicFeature,true,false,,HP:0011719|UMLS:C4021131|MP:0010430|Fyler:0910|Fyler:910
disease,HP:0011720,Cardiac total anomalous pulmonary venous connection,biolink:PhenotypicFeature,expanded,added,MP:0010443,"total anomalous pulmonary venous connection, intracardiac",biolink:PhenotypicFeature,true,false,,HP:0011720|UMLS:C4021130|MP:0010443|Fyler:0920|Fyler:0930|Fyler:920|Fyler:930
disease,HP:0011722,Mixed total anomalous pulmonary venous connection,biolink:PhenotypicFeature,expanded,added,MP:0010445,"total anomalous pulmonary venous connection, mixed",biolink:PhenotypicFeature,true,false,,HP:0011722|UMLS:C4021128|MP:0010445|Fyler:0950|Fyler:950
disease,HP:0011849,Abnormal bone ossification,biolink:PhenotypicFeature,expanded,preexisting,MP:0008271,abnormal bone ossification,biolink:PhenotypicFeature,true,false,,HP:0011849|UMLS:C4023161|UMLS:C4280317|MP:0008271
disease,HP:0011994,Abnormal atrial septum morphology,biolink:PhenotypicFeature,expanded,added,MP:0000282,abnormal interatrial septum morphology,biolink:PhenotypicFeature,true,false,,HP:0011994|UMLS:C0344722|MP:0000282|SNOMEDCT:253363004|Fyler:2002
disease,HP:0012210,Abnormal renal morphology,biolink:PhenotypicFeature,expanded,added,MP:0002135,abnormal kidney morphology,biolink:PhenotypicFeature,true,false,,HP:0012210|UMLS:C4551596|MP:0002135|Fyler:4512|MGI:2173595
disease,HP:0012252,Abnormal respiratory system morphology,biolink:PhenotypicFeature,expanded,added,MP:0002132,abnormal respiratory system morphology,biolink:PhenotypicFeature,true,false,,HP:0012252|UMLS:C4022992|MP:0002132|Fyler:4235|MGI:2173592
disease,HP:0012303,Abnormal aortic arch morphology,biolink:PhenotypicFeature,expanded,added,MP:0004113,abnormal aortic arch morphology,biolink:PhenotypicFeature,true,false,,HP:0012303|UMLS:C3163801|MP:0004113|SNOMEDCT:448742006|Fyler:2700|MA:0000475
disease,HP:0012304,Hypoplastic aortic arch,biolink:PhenotypicFeature,expanded,added,MP:0010485,aortic arch hypoplasia,biolink:PhenotypicFeature,true,false,,HP:0012304|NCIT:C103266|UMLS:C0265881|MEDDRA:10091930|MP:0010485|SNOMEDCT:60787001|Fyler:2704
disease,HP:0012337,Abnormal homeostasis,biolink:PhenotypicFeature,expanded,preexisting,MP:0001764,abnormal homeostasis,biolink:PhenotypicFeature,true,false,,HP:0012337|UMLS:C4022950|MP:0001764
disease,HP:0012372,Abnormal eye morphology,biolink:PhenotypicFeature,expanded,added,MP:0001286,abnormal eye development,biolink:PhenotypicFeature,true,false,,HP:0012372|UMLS:C4022925|MP:0001286|MP:0002092|Fyler:4863|GO:0001654|MGI:2173536
disease,HP:0012372,Abnormal eye morphology,biolink:PhenotypicFeature,expanded,added,MP:0002092,abnormal eye morphology,biolink:PhenotypicFeature,true,false,,HP:0012372|UMLS:C4022925|MP:0001286|MP:0002092|Fyler:4863|GO:0001654|MGI:2173536
disease,HP:0012418,Hypoxemia,biolink:PhenotypicFeature,expanded,preexisting,MP:0005039,hypoxia,biolink:PhenotypicFeature,true,false,,HP:0012418|EFO:0009444|NCIT:C3890|UMLS:C0242184|UMLS:C0700292|MEDDRA:10021143|MEDDRA:10021144|MEDDRA:10087611|MP:0005039|SNOMEDCT:389086002|SNOMEDCT:389087006|MESH:D000860
disease,HP:0012632,Abnormal intraocular pressure,biolink:PhenotypicFeature,expanded,preexisting,MP:0005257,abnormal intraocular pressure,biolink:PhenotypicFeature,true,false,,HP:0012632|UMLS:C0520999|MP:0005257|SNOMEDCT:24075007
disease,HP:0012639,Abnormal nervous system morphology,biolink:PhenotypicFeature,expanded,added,MP:0003632,abnormal nervous system morphology,biolink:PhenotypicFeature,true,false,,HP:0012639|UMLS:C4022810|MP:0003632|Fyler:4135|Fyler:4300|GO:0007417|MGI:2173613|MGI:2173617
disease,HP:0025575,Abnormal superior vena cava morphology,biolink:PhenotypicFeature,expanded,added,MP:0006064,abnormal superior vena cava morphology,biolink:PhenotypicFeature,true,false,,HP:0025575|UMLS:C4703393|MP:0006064|Fyler:2820
disease,HP:0025576,Abnormal inferior vena cava morphology,biolink:PhenotypicFeature,expanded,added,MP:0006063,abnormal inferior vena cava morphology,biolink:PhenotypicFeature,true,false,,HP:0025576|UMLS:C4703394|MP:0006063|SNOMEDCT:896919005|Fyler:2810
disease,HP:0025579,Abnormal left atrium morphology,biolink:PhenotypicFeature,expanded,added,MP:0003923,abnormal heart left atrium morphology,biolink:PhenotypicFeature,true,false,,HP:0025579|UMLS:C4703395|MP:0003923|Fyler:3010
disease,HP:0025580,Abnormal right atrium morphology,biolink:PhenotypicFeature,expanded,added,MP:0003922,abnormal heart right atrium morphology,biolink:PhenotypicFeature,true,false,,HP:0025580|UMLS:C4703396|MP:0003922|Fyler:1770
disease,HP:0030718,Right atrial enlargement,biolink:PhenotypicFeature,expanded,added,MP:0004062,dilated heart right atrium,biolink:PhenotypicFeature,true,false,,HP:0030718|UMLS:C0344709|UMLS:C0748427|MEDDRA:10058227|MEDDRA:10067282|MP:0004062|MP:0008727|SNOMEDCT:67751000119106|Fyler:1771|Fyler:2859
disease,HP:0030718,Right atrial enlargement,biolink:PhenotypicFeature,expanded,added,MP:0008727,increased heart right atrium size,biolink:PhenotypicFeature,true,false,,HP:0030718|UMLS:C0344709|UMLS:C0748427|MEDDRA:10058227|MEDDRA:10067282|MP:0004062|MP:0008727|SNOMEDCT:67751000119106|Fyler:1771|Fyler:2859
disease,HP:0030958,Membranous ventricular septal aneurysm,biolink:PhenotypicFeature,expanded,added,MP:0010416,interventricular septum membranous part aneurysm,biolink:PhenotypicFeature,true,false,,HP:0030958|UMLS:C4476874|UMLS:C4476875|MEDDRA:10092471|MP:0010416|Fyler:2346
disease,HP:0030968,Abnormal pulmonary vein morphology,biolink:PhenotypicFeature,expanded,added,MP:0002726,abnormal pulmonary vein morphology,biolink:PhenotypicFeature,true,false,,HP:0030968|UMLS:C4476883|MP:0002726|SNOMEDCT:897183006|Fyler:3000
disease,HP:0031295,Left atrial enlargement,biolink:PhenotypicFeature,expanded,added,MP:0004063,dilated heart left atrium,biolink:PhenotypicFeature,true,false,,HP:0031295|MP:0004063|MP:0008726|Fyler:3011|Fyler:3020
disease,HP:0031295,Left atrial enlargement,biolink:PhenotypicFeature,expanded,added,MP:0008726,increased heart left atrium size,biolink:PhenotypicFeature,true,false,,HP:0031295|MP:0004063|MP:0008726|Fyler:3011|Fyler:3020
disease,HP:0031411,Abnormal chromosome morphology,biolink:PhenotypicFeature,expanded,added,MP:0003702,abnormal chromosome morphology,biolink:PhenotypicFeature,true,false,,HP:0031411|UMLS:C4531140|MP:0003702|Fyler:4013
disease,HP:0031560,Coronary cameral fistula,biolink:PhenotypicFeature,expanded,added,MP:0011684,coronary-cameral fistula to heart right ventricle,biolink:PhenotypicFeature,true,false,,HP:0031560|UMLS:C4531040|MEDDRA:10089303|MP:0011684|Fyler:2233
disease,HP:0031562,Balanced double aortic arch,biolink:PhenotypicFeature,expanded,added,MP:0011675,"double aortic arch, balanced arches",biolink:PhenotypicFeature,true,false,,HP:0031562|UMLS:C4531038|MP:0011675|Fyler:2780
disease,HP:0031563,Coronary arteriovenous fistula,biolink:PhenotypicFeature,expanded,added,MP:0011656,coronary arterio-venous fistula,biolink:PhenotypicFeature,true,false,,HP:0031563|UMLS:C0238127|MP:0011656|Fyler:2240
disease,HP:0031565,Abdominal situs ambiguus,biolink:PhenotypicFeature,expanded,added,MP:0011250,abdominal situs ambiguus,biolink:PhenotypicFeature,true,false,,HP:0031565|UMLS:C4531036|MP:0011250|Fyler:3817
disease,HP:0031566,Abnormal pulmonary valve cusp morphology,biolink:PhenotypicFeature,expanded,added,MP:0010602,abnormal pulmonary valve cusp morphology,biolink:PhenotypicFeature,true,false,,HP:0031566|UMLS:C4531035|MP:0010602|Fyler:1652
disease,HP:0031567,Abnormal aortic valve cusp morphology,biolink:PhenotypicFeature,expanded,added,MP:0010595,abnormal aortic valve cusp morphology,biolink:PhenotypicFeature,true,false,,HP:0031567|UMLS:C4531034|MP:0010595|Fyler:1480
disease,HP:0031568,Thickened aortic valve cusp,biolink:PhenotypicFeature,expanded,added,MP:0010593,thick aortic valve cusps,biolink:PhenotypicFeature,true,false,,HP:0031568|UMLS:C4531033|MP:0010593|Fyler:1486
disease,HP:0031569,Absent aortic valve cusps,biolink:PhenotypicFeature,expanded,added,MP:0010597,absent aortic valve cusps,biolink:PhenotypicFeature,true,false,,HP:0031569|UMLS:C3164332|MP:0010597|SNOMEDCT:448634001|Fyler:1484
disease,HP:0031633,Isolation of the left subclavian artery,biolink:PhenotypicFeature,expanded,added,MP:0011745,isolation of the left subclavian artery,biolink:PhenotypicFeature,true,false,,HP:0031633|UMLS:C2919441|MP:0011745|SNOMEDCT:445350004|MESH:C000721268|Fyler:2732
disease,HP:0031703,Abnormal ear morphology,biolink:PhenotypicFeature,expanded,added,MP:0002102,abnormal ear morphology,biolink:PhenotypicFeature,true,false,,HP:0031703|UMLS:C4703491|MP:0002102|SNOMEDCT:1367862009|Fyler:4867|GO:0042471|MGI:2173556
disease,HP:0031783,Absent coronary sinus,biolink:PhenotypicFeature,expanded,added,MP:0010437,absent coronary sinus,biolink:PhenotypicFeature,true,false,,HP:0031783|MP:0010437|Fyler:2841
disease,HP:0031784,Abnormal ascending aorta morphology,biolink:PhenotypicFeature,expanded,added,MP:0009867,abnormal ascending aorta morphology,biolink:PhenotypicFeature,true,false,,HP:0031784|UMLS:C4703539|MP:0009867|Fyler:1431|MA:0002570
disease,HP:0040270,Impaired glucose tolerance,biolink:PhenotypicFeature,expanded,preexisting,MP:0005291,abnormal glucose tolerance,biolink:PhenotypicFeature,true,false,,HP:0040270|UMLS:C0151671|MP:0005291
disease,HP:0410042,Abnormal liver morphology,biolink:PhenotypicFeature,expanded,added,MP:0000598,abnormal liver morphology,biolink:PhenotypicFeature,true,false,,HP:0410042|UMLS:C4531031|MP:0000598|SNOMEDCT:897152007|Fyler:4447
disease,HP:0410043,Abnormal neural tube morphology,biolink:PhenotypicFeature,expanded,added,MP:0002151,abnormal neural tube morphology,biolink:PhenotypicFeature,true,false,,HP:0410043|UMLS:C4531030|MP:0002151|Fyler:4339|MGI:2173611
disease,MONDO:0000811,anomalous left coronary artery from the pulmonary artery,biolink:Disease,expanded,added,MP:0010475,anomalous pulmonary origin of left coronary artery,biolink:PhenotypicFeature,true,false,,MONDO:0000811|DOID:0060562|UMLS:C1735886|UMLS:C3472166|MESH:D063748|MEDDRA:10066223|MEDDRA:10084540|SNOMEDCT:450301003|MEDGEN:760471|HP:0011638|MP:0010475|Fyler:3101
disease,MONDO:0000819,anencephaly,biolink:Disease,expanded,added,MP:0001890,anencephaly,biolink:PhenotypicFeature,true,false,,MONDO:0000819|DOID:0060668|OMIM.PS:206500|UMLS:C0002902|MESH:D000757|MEDDRA:10002317|MEDDRA:10002318|MEDDRA:10002320|NCIT:C84560|SNOMEDCT:609417004|SNOMEDCT:89369001|MEDGEN:8068|ICD10:Q00.0|HP:0002323|MP:0001890|Fyler:4332|GARD:5808|ICD10CM:Q00.0|MIM:206500|ORDO:1048|http://id.who.int/icd/entity/1292761836
disease,MONDO:0001044,esophageal atresia,biolink:Disease,expanded,added,MP:0003276,esophageal atresia,biolink:PhenotypicFeature,true,false,,MONDO:0001044|DOID:10485|UMLS:C0014850|MESH:D004933|MEDDRA:10003651|MEDDRA:10003652|MEDDRA:10015471|MEDDRA:10021530|MEDDRA:10030146|MEDDRA:10055460|MEDDRA:10055495|MEDDRA:10056097|MEDDRA:10072767|MEDDRA:10072768|NCIT:C87072|SNOMEDCT:26179002|MEDGEN:4545|ICD10:Q39.0|HP:0002032|MP:0003276|Fyler:4412|GARD:6381|SNOMEDCT_US_2025_09_01:156947007
disease,MONDO:0001046,imperforate anus,biolink:Disease,expanded,added,MP:0003130,anal atresia,biolink:PhenotypicFeature,true,false,,MONDO:0001046|DOID:10488|OMIM:207500|OMIM:301800|UMLS:C0003466|UMLS:C6064961|MESH:D001006|MEDDRA:10002120|MEDDRA:10002853|MEDDRA:10010330|MEDDRA:10021528|NCIT:C84784|SNOMEDCT:204712000|SNOMEDCT:204731006|MEDGEN:1997|ICD10:Q42.3|HP:0002023|MP:0003130|Fyler:4402|Fyler:4443|GARD:6769|ICD10CM:Q42.3|MIM:207500|MIM:301800|SNOMEDCT_US_2025_09_01:156956004|http://id.who.int/icd/entity/290678165|http://id.who.int/icd/entity/515168801
disease,MONDO:0001149,microcephaly,biolink:Disease,expanded,added,MP:0000433,microcephaly,biolink:PhenotypicFeature,true,false,,MONDO:0001149|DOID:10907|UMLS:C0025958|UMLS:C4551563|MESH:D008831|MEDDRA:10027532|MEDDRA:10027533|MEDDRA:10027534|MEDDRA:10068320|NCIT:C85874|SNOMEDCT:1829003|MEDGEN:1644158|ICD10:Q02|ICD9:742.1|HP:0000252|MP:0000433|Fyler:4310|GARD:3603|GARD:7038|ICD10CM:Q02|SNOMEDCT_US_2025_09_01:156893009|http://id.who.int/icd/entity/179350437|https://icd.who.int/browse10/2019/en#/Q02
disease,MONDO:0001298,congenital mitral valve insufficiency,biolink:Disease,expanded,added,MP:0006045,mitral valve regurgitation,biolink:PhenotypicFeature,true,false,,MONDO:0001298|DOID:11502|DOID:57|UMLS:C0003504|UMLS:C0026266|UMLS:C0155568|UMLS:C0158619|UMLS:C0264774|UMLS:C3551535|MESH:D001022|MESH:D008944|MEDDRA:10002898|MEDDRA:10002904|MEDDRA:10002915|MEDDRA:10010545|MEDDRA:10010547|MEDDRA:10027715|MEDDRA:10027716|MEDDRA:10027718|MEDDRA:10027727|MEDDRA:10039045|MEDDRA:10039046|MEDDRA:10052839|MEDDRA:10074862|NCIT:C197881|NCIT:C197951|NCIT:C50852|NCIT:C50861|NCIT:C50888|NCIT:C51223|SNOMEDCT:194736003|SNOMEDCT:29928006|SNOMEDCT:48724000|MEDGEN:510600|ICD10:I06.1|ICD10:Q23.3|ICD9:395.1|ICD9:396.3|ICD9:746.6|HP:0001653|MP:0006045|Fyler:1151|ICD10CM:Q23.3|SNOMEDCT_US_2025_09_01:155283004|SNOMEDCT_US_2025_09_01:194736003|SNOMEDCT_US_2025_09_01:194977007|SNOMEDCT_US_2025_09_01:29928006|SNOMEDCT_US_2025_09_01:60234000|http://id.who.int/icd/entity/403917903
disease,MONDO:0001370,pericardial effusion,biolink:Disease,expanded,added,MP:0005312,pericardial effusion,biolink:PhenotypicFeature,true,false,,MONDO:0001370|DOID:11482|DOID:118|UMLS:C0019064|UMLS:C0031039|MESH:D010490|MEDDRA:10014311|MEDDRA:10018934|MEDDRA:10019517|MEDDRA:10019554|MEDDRA:10019575|MEDDRA:10034474|MEDDRA:10034476|MEDDRA:10034477|MEDDRA:10055817|MEDDRA:10055834|MEDDRA:10071860|NCIT:C111644|NCIT:C3319|SNOMEDCT:373945007|MEDGEN:10653|ICD9:423.0|HP:0001698|MP:0005312|Fyler:1940|SNOMEDCT_US_2025_09_01:155339006|SNOMEDCT_US_2025_09_01:70370001|http://id.who.int/icd/entity/2002014072
disease,MONDO:0001476,coloboma,biolink:Disease,expanded,added,MP:0005262,coloboma,biolink:PhenotypicFeature,true,false,,MONDO:0001476|DOID:12270|UMLS:C0009363|MESH:D003103|MEDDRA:10009934|MEDDRA:10009937|NCIT:C98877|SNOMEDCT:92828000|SNOMEDCT:93390002|MEDGEN:1046|ICD10:Q13.0|HP:0000589|MP:0005262|Fyler:4311|GARD:1433|MIM:120200|MIM:120300|MIM:216820|ORDO:194|ORDO:98945|SNOMEDCT_US_2025_09_01:93390002
disease,MONDO:0001561,pyloric stenosis,biolink:Disease,expanded,added,MP:0003307,pyloric stenosis,biolink:PhenotypicFeature,true,false,,MONDO:0001561|DOID:12639|DOID:3122|EFO:0009626|UMLS:C0034194|UMLS:C0162651|UMLS:C1541124|MESH:D011707|MESH:D017219|MEDDRA:10029968|MEDDRA:10037621|MEDDRA:10037624|MEDDRA:10041994|MEDDRA:10062499|NCIT:C34966|SNOMEDCT:244815007|SNOMEDCT:367403001|MEDGEN:18780|ICD10:K31.1|HP:0002021|MP:0003307|Fyler:4444|SNOMEDCT_US_2025_09_01:196759006|SNOMEDCT_US_2025_09_01:367403001
disease,MONDO:0001941,blindness (disorder),biolink:Disease,expanded,added,MP:0002001,blindness,biolink:PhenotypicFeature,true,false,,MONDO:0001941|DOID:1432|UMLS:C0155020|UMLS:C0271215|UMLS:C0456909|MESH:D001766|MEDDRA:10005161|MEDDRA:10005169|MEDDRA:10005180|NCIT:C97109|SNOMEDCT:105597003|SNOMEDCT:65956007|MEDGEN:99138|ICD10:H54|ICD9:369|HP:0000618|MP:0002001|Fyler:4866|ICD10CM:H54|SNOMEDCT_US_2025_09_01:193698004
disease,MONDO:0002070,ventricular septal defect,biolink:Disease,expanded,added,MP:0010402,ventricular septal defect,biolink:PhenotypicFeature,true,false,,MONDO:0002070|DOID:1657|OMIM.PS:614429|UMLS:C0018818|MESH:D006345|MEDDRA:10010671|MEDDRA:10012119|MEDDRA:10040100|MEDDRA:10047298|MEDDRA:10047300|MEDDRA:10047720|MEDDRA:10089779|NCIT:C84506|SNOMEDCT:253549006|SNOMEDCT:30288003|SNOMEDCT:768552007|MEDGEN:42366|ICD10:Q21.0|ICD9:745.4|HP:0001629|MP:0010402|Fyler:1300|GARD:7853|ICD10CM:Q21.0|MIM:614429|MIM:614431|MIM:614432|ORDO:1480|SNOMEDCT_US_2025_09_01:156914003|http://id.who.int/icd/entity/668140715
disease,MONDO:0002234,vaginitis,biolink:Disease,expanded,preexisting,MP:0003541,vaginal inflammation,biolink:PhenotypicFeature,true,false,,MONDO:0002234|DOID:2170|EFO:0005757|UMLS:C0042267|UMLS:C0042268|UMLS:C6024494|MESH:D014627|MEDDRA:10046916|MEDDRA:10046950|MEDDRA:10063128|NCIT:C26911|SNOMEDCT:30800001|MEDGEN:21815|ICD10:N76|ICD9:616.1|HP:0030683|MP:0003541|SNOMEDCT_US_2025_09_01:198212006|SNOMEDCT_US_2025_09_01:393596009|http://id.who.int/icd/entity/290861382
disease,MONDO:0002406,dermatitis,biolink:Disease,expanded,preexisting,MP:0004947,skin inflammation,biolink:PhenotypicFeature,true,false,,MONDO:0002406|DOID:2723|UMLS:C0011603|UMLS:C3875321|MESH:D003872|MEDDRA:10012431|MEDDRA:10012478|MEDDRA:10040876|MEDDRA:10062249|MEDDRA:10087777|NCIT:C2983|SNOMEDCT:703938007|MEDGEN:849741|ICD10:L30.9|HP:0011123|MP:0004947|SNOMEDCT_US_2025_09_01:238538009
disease,MONDO:0002870,tricuspid valve insufficiency,biolink:Disease,expanded,added,MP:0006044,tricuspid valve regurgitation,biolink:PhenotypicFeature,true,false,,MONDO:0002870|DOID:4080|UMLS:C0040961|MESH:D014262|MEDDRA:10044634|MEDDRA:10044635|MEDDRA:10044640|MEDDRA:10049217|NCIT:C50842|NCIT:C50843|SNOMEDCT:111287006|MEDGEN:11911|HP:0005180|MP:0006044|Fyler:1161|SNOMEDCT_US_2025_09_01:111287006|http://id.who.int/icd/entity/770887951
disease,MONDO:0003329,ureteral obstruction,biolink:Disease,expanded,added,MP:0003587,ureter obstruction,biolink:PhenotypicFeature,true,false,,MONDO:0003329|DOID:5199|UMLS:C0029866|UMLS:C0041956|MESH:D014517|MEDDRA:10029970|MEDDRA:10030007|MEDDRA:10046381|MEDDRA:10046406|NCIT:C79802|SNOMEDCT:20018005|SNOMEDCT:766956009|MEDGEN:12012|ICD9:593.4|HP:0006000|MP:0003587|Fyler:4492|SNOMEDCT_US_2025_09_01:197807001
disease,MONDO:0004691,autosomal dominant polycystic kidney disease,biolink:Disease,expanded,added,MP:0008528,polycystic kidney,biolink:PhenotypicFeature,true,false,,MONDO:0004691|DOID:898|orphanet:730|EFO:1001496|UMLS:C0022680|UMLS:C0085413|UMLS:C1567435|MESH:D007690|MESH:D016891|MEDDRA:10023433|MEDDRA:10036045|MEDDRA:10036046|MEDDRA:10036048|NCIT:C75464|NCIT:C84578|SNOMEDCT:765330003|MEDGEN:88404|ICD10:Q61.3|ICD9:753.12|HP:0000113|MP:0008528|Fyler:4508|GARD:10413|ORDO:730|SNOMEDCT_US_2025_09_01:204955006|http://id.who.int/icd/entity/91220434
disease,MONDO:0004747,cleft lip,biolink:Disease,expanded,added,MP:0005170,cleft upper lip,biolink:PhenotypicFeature,true,false,,MONDO:0004747|DOID:9296|EFO:0003959|UMLS:C0008924|UMLS:C0158651|UMLS:C4321245|MESH:D002971|MEDDRA:10009259|MEDDRA:10009264|MEDDRA:10009265|MEDDRA:10009266|MEDDRA:10009267|MEDDRA:10009268|MEDDRA:10019159|MEDDRA:10019161|MEDDRA:10024547|MEDDRA:10049861|NCIT:C87175|SNOMEDCT:80281008|MEDGEN:1370297|ICD10:Q36|ICD9:749.1|ICD9:749.11|HP:0000204|MP:0005170|Fyler:4875|ICD10CM:Q36|SNOMEDCT_US_2025_09_01:156941008|SNOMEDCT_US_2025_09_01:62696001|https://icd.who.int/browse10/2019/en#/Q36
disease,MONDO:0004910,mitral valve prolapse,biolink:Disease,expanded,added,MP:0006120,mitral valve prolapse,biolink:PhenotypicFeature,true,false,,MONDO:0004910|DOID:988|UMLS:C0026267|MESH:D008945|MEDDRA:10016786|MEDDRA:10027717|MEDDRA:10027730|MEDDRA:10036853|NCIT:C50655|SNOMEDCT:409712001|SNOMEDCT:8074002|MEDGEN:7671|HP:0001634|MP:0006120|Fyler:1533|MIM:157700|MIM:607829|MIM:610840|SNOMEDCT_US_2025_09_01:8074002|http://id.who.int/icd/entity/1085590500
disease,MONDO:0005021,dilated cardiomyopathy,biolink:Disease,expanded,added,MP:0002795,dilated cardiomyopathy,biolink:PhenotypicFeature,true,false,,MONDO:0005021|DOID:0110423|DOID:0110424|DOID:0110426|DOID:0110427|DOID:0110428|DOID:0110429|DOID:0110430|DOID:0110431|DOID:0110432|DOID:0110433|DOID:0110434|DOID:0110435|DOID:0110436|DOID:0110437|DOID:0110438|DOID:0110439|DOID:0110441|DOID:0110442|DOID:0110443|DOID:0110444|DOID:0110445|DOID:0110446|DOID:0110447|DOID:0110448|DOID:0110449|DOID:0110450|DOID:0110451|DOID:0110452|DOID:0110453|DOID:0110454|DOID:0110455|DOID:0110456|DOID:0110457|DOID:0110458|DOID:0110459|DOID:0110460|DOID:0110461|DOID:12930|orphanet:217604|EFO:0000407|UMLS:C0007193|MESH:C580047|MESH:D002311|MEDDRA:10010681|MEDDRA:10056370|MEDDRA:10056419|NCIT:C84673|SNOMEDCT:195021004|SNOMEDCT:399020009|MEDGEN:2880|ICD10:I42.0|KEGG.DISEASE:05414|HP:0001644|MP:0002795|Fyler:1843|GARD:221|ICD10CM:I42.0|MIM:302045|MIM:600884|MIM:601154|MIM:601493|MIM:601494|MIM:604145|MIM:604288|MIM:604765|MIM:605582|MIM:606685|MIM:607482|MIM:608569|MIM:609909|MIM:609915|MIM:611407|MIM:611615|MIM:611878|MIM:611879|MIM:611880|MIM:612158|MIM:612877|MIM:613122|MIM:613172|MIM:613252|MIM:613286|MIM:613424|MIM:613426|MIM:613642|MIM:613694|MIM:613697|MIM:613881|MIM:614672|MIM:615184|MIM:615235|MIM:615248|MIM:615916|MIM:PS115200|ORDO:217604|SNOMEDCT_US_2025_09_01:74368002|http://id.who.int/icd/entity/1916294688
disease,MONDO:0005110,idiopathic cardiomyopathy,biolink:Disease,expanded,added,MP:0005330,cardiomyopathy,biolink:PhenotypicFeature,true,false,,MONDO:0005110|DOID:0050700|EFO:0000767|UMLS:C0033141|UMLS:C0036529|UMLS:C0878544|MESH:D009202|MEDDRA:10007635|MEDDRA:10007636|MEDDRA:10007640|MEDDRA:10007641|MEDDRA:10007642|MEDDRA:10039826|MEDDRA:10052650|MEDDRA:10061029|MEDDRA:10061033|MEDDRA:10072122|MEDDRA:10088193|NCIT:C34830|NCIT:C53654|SNOMEDCT:85898001|SNOMEDCT:89461002|MEDGEN:18634|ICD10:I42|ICD9:425|ICD9:425.9|HP:0001638|MP:0005330|Fyler:1840|SNOMEDCT_US_2025_09_01:266301006|SNOMEDCT_US_2025_09_01:89461002|SNOMEDCT_US_2025_09_01:89600009
disease,MONDO:0005129,cataract,biolink:Disease,expanded,added,MP:0001304,cataract,biolink:PhenotypicFeature,true,false,,MONDO:0005129|DOID:83|OMIM.PS:116200|UMLS:C0029531|UMLS:C0086543|UMLS:C1510497|MESH:D002386|MEDDRA:10007739|MEDDRA:10007757|MEDDRA:10007768|MEDDRA:10007771|MEDDRA:10045649|NCIT:C26713|SNOMEDCT:128306009|SNOMEDCT:193570009|SNOMEDCT:247053007|MEDGEN:39462|ICD10:H26|ICD9:366.8|HP:0000518|MP:0001304|Fyler:4865|MIM:601371|MIM:PS116200|SNOMEDCT_US_2025_09_01:193620000|http://id.who.int/icd/entity/109841337
disease,MONDO:0005160,aortic aneurysm,biolink:Disease,expanded,added,MP:0006278,aortic aneurysm,biolink:PhenotypicFeature,true,false,,MONDO:0005160|DOID:3627|EFO:0001666|UMLS:C0003486|UMLS:C0003496|UMLS:C0265004|UMLS:C0265010|UMLS:C0265012|UMLS:C0741160|UMLS:C1305122|MESH:D001014|MESH:D001019|MEDDRA:10000053|MEDDRA:10002330|MEDDRA:10002339|MEDDRA:10002882|MEDDRA:10002884|MEDDRA:10002886|MEDDRA:10043464|MEDDRA:10043481|MEDDRA:10051355|MEDDRA:10057453|MEDDRA:10058293|MEDDRA:10060874|NCIT:C187666|NCIT:C196716|NCIT:C26697|NCIT:C27046|NCIT:C27198|NCIT:C27299|SNOMEDCT:14336007|SNOMEDCT:195258006|SNOMEDCT:195265003|SNOMEDCT:26660001|SNOMEDCT:67362008|SNOMEDCT:73067008|MEDGEN:362|ICD10:I71.1|ICD10:I71.3|ICD10:I71.5|ICD10:I71.8|ICD10:I71.9|ICD9:441.1|ICD9:441.3|ICD9:441.5|ICD9:441.6|HP:0004942|MP:0006278|MP:0010574|Fyler:2301|Fyler:2708|SNOMEDCT_US_2025_09_01:14336007|SNOMEDCT_US_2025_09_01:155419006|SNOMEDCT_US_2025_09_01:195265003|SNOMEDCT_US_2025_09_01:34365005|SNOMEDCT_US_2025_09_01:73067008
disease,MONDO:0005160,aortic aneurysm,biolink:Disease,expanded,added,MP:0010574,dilated aorta,biolink:PhenotypicFeature,true,false,,MONDO:0005160|DOID:3627|EFO:0001666|UMLS:C0003486|UMLS:C0003496|UMLS:C0265004|UMLS:C0265010|UMLS:C0265012|UMLS:C0741160|UMLS:C1305122|MESH:D001014|MESH:D001019|MEDDRA:10000053|MEDDRA:10002330|MEDDRA:10002339|MEDDRA:10002882|MEDDRA:10002884|MEDDRA:10002886|MEDDRA:10043464|MEDDRA:10043481|MEDDRA:10051355|MEDDRA:10057453|MEDDRA:10058293|MEDDRA:10060874|NCIT:C187666|NCIT:C196716|NCIT:C26697|NCIT:C27046|NCIT:C27198|NCIT:C27299|SNOMEDCT:14336007|SNOMEDCT:195258006|SNOMEDCT:195265003|SNOMEDCT:26660001|SNOMEDCT:67362008|SNOMEDCT:73067008|MEDGEN:362|ICD10:I71.1|ICD10:I71.3|ICD10:I71.5|ICD10:I71.8|ICD10:I71.9|ICD9:441.1|ICD9:441.3|ICD9:441.5|ICD9:441.6|HP:0004942|MP:0006278|MP:0010574|Fyler:2301|Fyler:2708|SNOMEDCT_US_2025_09_01:14336007|SNOMEDCT_US_2025_09_01:155419006|SNOMEDCT_US_2025_09_01:195265003|SNOMEDCT_US_2025_09_01:34365005|SNOMEDCT_US_2025_09_01:73067008
disease,MONDO:0005345,hypospadias,biolink:Disease,expanded,added,MP:0003124,hypospadia,biolink:PhenotypicFeature,true,false,,MONDO:0005345|DOID:10892|OMIM.PS:300633|EFO:0004209|UMLS:C0848558|MESH:D007021|MEDDRA:10021093|NCIT:C40341|SNOMEDCT:416010008|MEDGEN:163083|ICD10:Q54|HP:0000047|MP:0003124|Fyler:4504|ICD10CM:Q54|MIM:146450|MIM:300633|MIM:300758|MIM:300856|ORDO:440|SNOMEDCT_US_2025_09_01:156968008|http://id.who.int/icd/entity/810247271
disease,MONDO:0005365,hearing loss disorder,biolink:Disease,expanded,added,MP:0001963,abnormal hearing physiology,biolink:PhenotypicFeature,true,false,,MONDO:0005365|EFO:0004238|UMLS:C0011053|UMLS:C0018772|UMLS:C0339789|UMLS:C1384666|MESH:D034381|MEDDRA:10010431|MEDDRA:10011879|MEDDRA:10011882|MEDDRA:10019241|MEDDRA:10019245|MEDDRA:10019246|MEDDRA:10019247|MEDDRA:10019869|MEDDRA:10045900|MEDDRA:10048865|MEDDRA:10050010|NCIT:C35731|NCIT:C50576|SNOMEDCT:103276001|SNOMEDCT:15188001|SNOMEDCT:343087000|SNOMEDCT:95828007|MEDGEN:235586|HP:0000365|MP:0001963|MP:0001967|Fyler:4868|GO:0007605|ICD10CM:H90|MGI:2173555
disease,MONDO:0005365,hearing loss disorder,biolink:Disease,expanded,added,MP:0001967,deafness,biolink:PhenotypicFeature,true,false,,MONDO:0005365|EFO:0004238|UMLS:C0011053|UMLS:C0018772|UMLS:C0339789|UMLS:C1384666|MESH:D034381|MEDDRA:10010431|MEDDRA:10011879|MEDDRA:10011882|MEDDRA:10019241|MEDDRA:10019245|MEDDRA:10019246|MEDDRA:10019247|MEDDRA:10019869|MEDDRA:10045900|MEDDRA:10048865|MEDDRA:10050010|NCIT:C35731|NCIT:C50576|SNOMEDCT:103276001|SNOMEDCT:15188001|SNOMEDCT:343087000|SNOMEDCT:95828007|MEDGEN:235586|HP:0000365|MP:0001963|MP:0001967|Fyler:4868|GO:0007605|ICD10CM:H90|MGI:2173555
disease,MONDO:0005385,vascular disorder,biolink:Disease,expanded,added,MP:0003279,aneurysm,biolink:PhenotypicFeature,true,false,,MONDO:0005385|DOID:178|EFO:0004264|UMLS:C0002940|UMLS:C0042373|UMLS:C0752127|UMLS:C0752130|UMLS:C4020848|MESH:D000783|MESH:D014652|MESH:D020758|MESH:D020760|MEDDRA:10002329|MEDDRA:10002360|MEDDRA:10013282|MEDDRA:10047059|MEDDRA:10047062|MEDDRA:10047065|MEDDRA:10050209|MEDDRA:10054635|MEDDRA:10059245|NCIT:C26693|NCIT:C35117|SNOMEDCT:27550009|SNOMEDCT:371029002|SNOMEDCT:432119003|SNOMEDCT:85659009|MEDGEN:22621|ICD10:I72.9|ICD9:442.9|HP:0002617|MP:0003279|Fyler:2399|ICD10CM:I70-I79|SNOMEDCT_US_2025_09_01:27550009|SNOMEDCT_US_2025_09_01:371029002|SNOMEDCT_US_2025_09_01:432119003
disease,MONDO:0005392,scoliosis,biolink:Disease,expanded,added,MP:0000161,scoliosis,biolink:PhenotypicFeature,true,false,,MONDO:0005392|DOID:0060249|EFO:0004273|UMLS:C0036439|UMLS:C0037932|UMLS:C0700208|MESH:D012600|MEDDRA:10039722|NCIT:C78603|SNOMEDCT:111266001|SNOMEDCT:298382003|SNOMEDCT:64217002|MEDGEN:11348|ICD10:M41.9|HP:0002650|MP:0000161|Fyler:4160|ICD10CM:M41|SNOMEDCT_US_2025_09_01:36773001|http://id.who.int/icd/entity/1925604007|https://icd.who.int/browse10/2019/en#/M41
disease,MONDO:0005477,ventricular tachycardia,biolink:Disease,expanded,added,MP:0008950,ventricular tachycardia,biolink:PhenotypicFeature,true,false,,MONDO:0005477|EFO:0005306|UMLS:C0042514|MESH:D017180|MEDDRA:10043085|MEDDRA:10047302|NCIT:C50802|SNOMEDCT:25569003|MEDGEN:12068|HP:0004756|MP:0008950|Fyler:7160|ICD10CM:I47.2|http://id.who.int/icd/entity/1171837620
disease,MONDO:0005510,hydronephrosis,biolink:Disease,expanded,added,MP:0000519,hydronephrosis,biolink:PhenotypicFeature,true,false,,MONDO:0005510|DOID:11111|EFO:0005562|UMLS:C0020295|MESH:D006869|MEDDRA:10020524|NCIT:C26796|SNOMEDCT:43064006|MEDGEN:42531|ICD10:N13.30|ICD9:591|HP:0000126|MP:0000519|Fyler:4502|SNOMEDCT_US_2025_09_01:155866001
disease,MONDO:0005852,mitral valve stenosis,biolink:Disease,expanded,added,MP:0006122,mitral valve stenosis,biolink:PhenotypicFeature,true,false,,MONDO:0005852|DOID:1754|EFO:0007372|UMLS:C0026269|MESH:D008946|MEDDRA:10027719|MEDDRA:10027733|NCIT:C50654|SNOMEDCT:79619009|MEDGEN:44466|HP:0001718|MP:0006122|EPCC:06.02.92|Fyler:1511|SNOMEDCT_US_2025_09_01:79619009|http://id.who.int/icd/entity/2115139779
disease,MONDO:0006007,vesicoureteral reflux,biolink:Disease,expanded,added,MP:0001948,vesicoureteral reflux,biolink:PhenotypicFeature,true,false,,MONDO:0006007|DOID:9620|EFO:0007536|UMLS:C0042580|MESH:D014718|MEDDRA:10046408|MEDDRA:10047370|MEDDRA:10047371|NCIT:C84467|SNOMEDCT:197811007|MEDGEN:21852|ICD10:N13.7|ICD9:593.7|HP:0000076|MP:0001948|Fyler:4510|MIM:193000|MIM:314550|MIM:610878|MIM:613674|MIM:614317|MIM:614318|MIM:614319|MIM:614674|MIM:615390|MIM:615963|ORDO:289365|SNOMEDCT_US_2025_09_01:197811007|http://id.who.int/icd/entity/2142055506
disease,MONDO:0006655,aortic valve prolapse,biolink:Disease,expanded,added,MP:0006118,aortic valve prolapse,biolink:PhenotypicFeature,true,false,,MONDO:0006655|DOID:5232|UMLS:C0003505|MESH:D001023|MEDDRA:10057454|MEDGEN:1619|HP:0025578|MP:0006118|Fyler:1452
disease,MONDO:0006714,coronary aneurysm,biolink:Disease,expanded,added,MP:0010477,coronary artery aneurysm,biolink:PhenotypicFeature,true,false,,MONDO:0006714|DOID:3362|EFO:1000881|UMLS:C0010051|UMLS:C4255100|MESH:D003323|MEDDRA:10002348|MEDDRA:10011071|NCIT:C168176|SNOMEDCT:50570003|MEDGEN:3622|ICD10:I25.41|ICD9:414.11|HP:0030882|MP:0010477|Fyler:3129|GARD:6200|SNOMEDCT_US_2025_09_01:50570003|http://id.who.int/icd/entity/777924269
disease,MONDO:0007001,tricuspid valve prolapse,biolink:Disease,expanded,added,MP:0006125,tricuspid valve prolapse,biolink:PhenotypicFeature,true,false,,MONDO:0007001|DOID:5644|EFO:1001218|UMLS:C0040962|MESH:D014263|MEDDRA:10066862|SNOMEDCT:253383003|MEDGEN:11912|HP:0001704|MP:0006125|Fyler:1733|SNOMEDCT_US_2025_09_01:253383003|http://id.who.int/icd/entity/973833808
disease,MONDO:0007154,arteriovenous malformations of the brain,biolink:Disease,expanded,added,MP:0010530,cerebral arteriovenous malformation,biolink:PhenotypicFeature,true,false,,MONDO:0007154|DOID:0060688|OMIM:108010|orphanet:46724|UMLS:C0007772|UMLS:C0917804|MESH:D002538|MEDDRA:10056371|NCIT:C2936|SNOMEDCT:234142008|MEDGEN:214590|ICD10:Q28.2|HP:0002408|MP:0010530|Fyler:2201|MIM:108010|ORDO:46724|http://id.who.int/icd/entity/153256729
disease,MONDO:0007172,atrial septal defect 1,biolink:Disease,expanded,added,MP:0010403,atrial septal defect,biolink:PhenotypicFeature,true,false,,MONDO:0007172|DOID:0110106|DOID:0110107|DOID:0110108|DOID:0110109|DOID:0110110|DOID:0110111|DOID:0110112|DOID:0110113|DOID:0110114|DOID:1882|OMIM:108800|UMLS:C0018817|UMLS:C1862389|UMLS:C1862392|MESH:C566239|MESH:C566241|MESH:D006344|MEDDRA:10003664|MEDDRA:10003666|MEDDRA:10010377|MEDDRA:10019308|MEDDRA:10040055|NCIT:C84473|SNOMEDCT:253366007|SNOMEDCT:405752007|SNOMEDCT:70142008|MEDGEN:349495|ICD10:Q21.1|HP:0001631|MP:0010403|Fyler:2050|MIM:108800|MIM:108900|MIM:607941|MIM:611363|MIM:612794|MIM:613087|MIM:614089|MIM:614433|MIM:614475|MIM:PS108800|ORDO:1478|ORDO:1479|SNOMEDCT_US_2025_09_01:156915002
disease,MONDO:0007336,isolated cleft palate,biolink:Disease,expanded,added,MP:0000111,cleft palate,biolink:PhenotypicFeature,true,false,,MONDO:0007336|DOID:0110213|DOID:0110214|DOID:674|OMIM:119540|UMLS:C0008925|UMLS:C1837218|UMLS:C2981150|MESH:C562950|MESH:D002972|MEDDRA:10009269|MEDDRA:10009283|MEDDRA:10033529|MEDDRA:10068904|NCIT:C87069|SNOMEDCT:63567004|SNOMEDCT:87979003|MEDGEN:332392|ICD10:Q35|ICD10:Q35.1|ICD10:Q35.3|ICD10:Q35.5|ICD10:Q35.7|ICD10:Q35.9|ICD9:749.0|HP:0000175|MP:0000111|Fyler:4876|MIM:119540|MIM:119570|ORDO:2014|ORDO:99772|SNOMEDCT_US_2025_09_01:156940009
disease,MONDO:0007342,clubfoot,biolink:Disease,expanded,added,MP:0000576,clubfoot,biolink:PhenotypicFeature,true,false,,MONDO:0007342|DOID:11836|OMIM:119800|UMLS:C0009081|UMLS:C0858279|MESH:D003025|MEDDRA:10009687|MEDDRA:10009694|MEDDRA:10009695|MEDDRA:10010419|MEDDRA:10016523|MEDDRA:10016869|MEDDRA:10043105|MEDDRA:10043106|MEDDRA:10048426|NCIT:C84641|SNOMEDCT:1156475005|SNOMEDCT:397932003|MEDGEN:3130|ICD10:Q66.89|ICD9:754.51|HP:0001762|MP:0000576|Fyler:4171|ICD10CM:Q66.0|MIM:119800|SNOMEDCT_US_2025_09_01:33163000
disease,MONDO:0007721,hiatus hernia,biolink:Disease,expanded,preexisting,MP:0003924,diaphragmatic hernia,biolink:PhenotypicFeature,true,false,,MONDO:0007721|DOID:12642|DOID:3827|OMIM:142400|EFO:0008561|UMLS:C0019284|UMLS:C0267725|UMLS:C0376710|UMLS:C0700510|UMLS:C3489393|MESH:D006548|MESH:D006551|MEDDRA:10012713|MEDDRA:10012714|MEDDRA:10012717|MEDDRA:10012720|MEDDRA:10012723|MEDDRA:10018802|MEDDRA:10019914|MEDDRA:10020024|MEDDRA:10020028|MEDDRA:10033774|MEDDRA:10033884|MEDDRA:10039210|MEDDRA:10041019|MEDDRA:10058165|MEDDRA:10058167|MEDDRA:10059188|MEDDRA:10072765|MEDDRA:10075920|MEDDRA:10075921|MEDDRA:10081550|NCIT:C34687|NCIT:C98945|SNOMEDCT:196903009|SNOMEDCT:236053002|SNOMEDCT:3662000|SNOMEDCT:39839004|SNOMEDCT:84089009|MEDGEN:483347|ICD10:K44|HP:0002036|MP:0003924|GARD:1481|MIM:142340|MIM:142400|MIM:222400|MIM:610187|ORDO:2140|SNOMEDCT_US_2025_09_01:155748004|SNOMEDCT_US_2025_09_01:236053002|SNOMEDCT_US_2025_09_01:3662000|SNOMEDCT_US_2025_09_01:84089009
disease,MONDO:0008101,familial supernumerary nipples,biolink:Disease,expanded,added,MP:0009723,increased nipple number,biolink:PhenotypicFeature,true,false,,MONDO:0008101|OMIM:163700|orphanet:2456|UMLS:C0266011|MESH:C562557|MEDDRA:10029422|MEDDRA:10042571|SNOMEDCT:50956007|MEDGEN:120564|HP:0002558|MP:0009723|Fyler:4234
disease,MONDO:0008504,supravalvular aortic stenosis,biolink:Disease,expanded,added,MP:0010471,supravalvar aortic stenosis,biolink:PhenotypicFeature,true,false,,MONDO:0008504|DOID:1929|OMIM:185500|orphanet:3193|UMLS:C0003499|UMLS:C2936909|MESH:C538461|MESH:D021921|MEDDRA:10042598|NCIT:C85176|SNOMEDCT:268185002|MEDGEN:2001|ICD10:Q25.3|HP:0004381|MP:0010471|Fyler:1430|GARD:743|ICD10CM:Q25.3|MIM:185500|SNOMEDCT_US_2025_09_01:204436002|http://id.who.int/icd/entity/1066595728
disease,MONDO:0008586,esophageal atresia/tracheoesophageal fistula,biolink:Disease,expanded,added,MP:0003321,tracheoesophageal fistula,biolink:PhenotypicFeature,true,false,,MONDO:0008586|DOID:0080171|OMIM:189960|orphanet:1199|UMLS:C0040588|UMLS:C1861028|UMLS:C4732737|MESH:C531835|MESH:D014138|MEDDRA:10044310|MEDDRA:10044311|MEDDRA:10044317|MEDDRA:10072784|SNOMEDCT:95435007|MEDGEN:21228|HP:0002575|MP:0003321|Fyler:4202|GARD:7792|MIM:189960|http://id.who.int/icd/entity/1582061097
disease,MONDO:0009010,aortic arch interruption,biolink:Disease,expanded,added,MP:0004157,interrupted aortic arch,biolink:PhenotypicFeature,true,false,,MONDO:0009010|orphanet:2299|UMLS:C0152419|UMLS:C3164271|MEDDRA:10022599|NCIT:C98958|SNOMEDCT:447817009|MEDGEN:57773|HP:0011611|MP:0004157|MP:0011676|Fyler:1241|Fyler:1250|ICD10CM:Q25.21|http://id.who.int/icd/entity/1769930414
disease,MONDO:0009010,aortic arch interruption,biolink:Disease,expanded,added,MP:0011676,aortic arch obstruction,biolink:PhenotypicFeature,true,false,,MONDO:0009010|orphanet:2299|UMLS:C0152419|UMLS:C3164271|MEDDRA:10022599|NCIT:C98958|SNOMEDCT:447817009|MEDGEN:57773|HP:0011611|MP:0004157|MP:0011676|Fyler:1241|Fyler:1250|ICD10CM:Q25.21|http://id.who.int/icd/entity/1769930414
disease,MONDO:0009022,"corpus callosum, agenesis of",biolink:Disease,expanded,added,MP:0002196,absent corpus callosum,biolink:PhenotypicFeature,true,false,,MONDO:0009022|OMIM:217990|orphanet:200|UMLS:C0175754|MESH:D061085|MEDDRA:10063756|NCIT:C98905|SNOMEDCT:5102002|MEDGEN:104498|HP:0001274|MP:0002196|Fyler:4321
disease,MONDO:0009047,cryptorchidism,biolink:Disease,expanded,added,MP:0002286,cryptorchism,biolink:PhenotypicFeature,true,false,,MONDO:0009047|DOID:11383|OMIM:219050|EFO:0004562|UMLS:C0010417|MESH:D003456|MEDDRA:10011498|MEDDRA:10025500|MEDDRA:10025501|MEDDRA:10043294|MEDDRA:10043295|MEDDRA:10045505|MEDDRA:10045506|MEDDRA:10056600|NCIT:C12326|SNOMEDCT:204878001|MEDGEN:8192|ICD10:Q53.9|ICD9:752.51|HP:0000028|MP:0002286|Fyler:4493|MIM:219050|SNOMEDCT_US_2025_09_01:204879009|http://id.who.int/icd/entity/1134950387
disease,MONDO:0009126,duodenal atresia,biolink:Disease,expanded,added,MP:0003272,duodenal atresia,biolink:PhenotypicFeature,true,false,,MONDO:0009126|DOID:0080216|OMIM:223400|orphanet:1203|UMLS:C0266174|UMLS:C2930994|MESH:C535720|MEDDRA:10013812|MEDDRA:10013813|NCIT:C101025|SNOMEDCT:51118003|MEDGEN:75602|HP:0002247|MP:0003272|Fyler:4406|GARD:54|MIM:223400|http://id.who.int/icd/entity/295550633
disease,MONDO:0009937,pulmonary venoocclusive disease,biolink:Disease,expanded,added,MP:0010438,pulmonary vein stenosis,biolink:PhenotypicFeature,true,false,,MONDO:0009937|DOID:5453|OMIM.PS:265450|orphanet:31837|UMLS:C0034091|UMLS:C4280802|MESH:D011668|MEDDRA:10037458|NCIT:C85039|SNOMEDCT:89420002|MEDGEN:18769|HP:0006518|MP:0010438|Fyler:3002|GARD:10153|MIM:PS265450|ORDO:31837|SNOMEDCT_US_2025_09_01:89420002|http://id.who.int/icd/entity/1368993024
disease,MONDO:0009938,pulmonic stenosis,biolink:Disease,expanded,added,MP:0006128,pulmonary valve stenosis,biolink:PhenotypicFeature,true,false,,MONDO:0009938|OMIM:265500|UMLS:C1956257|MEDDRA:10037433|MEDDRA:10037460|NCIT:C50715|SNOMEDCT:56786000|MEDGEN:408291|HP:0001642|MP:0006128|Fyler:1611
disease,MONDO:0010029,situs inversus,biolink:Disease,expanded,added,MP:0010431,atrial situs inversus,biolink:PhenotypicFeature,true,false,,MONDO:0010029|DOID:0080324|DOID:13515|DOID:758|OMIM:191100|orphanet:101063|UMLS:C0037221|UMLS:C0041341|UMLS:C1854465|UMLS:C4023312|UMLS:C4551493|MESH:C565346|MESH:D012857|MESH:D014402|MEDDRA:10015057|MEDDRA:10015058|MEDDRA:10040761|MEDDRA:10045138|MEDDRA:10058894|MEDDRA:10080584|NCIT:C3424|NCIT:C75122|NCIT:C87121|SNOMEDCT:24614000|SNOMEDCT:27317008|SNOMEDCT:43876007|SNOMEDCT:7199000|SNOMEDCT:871616009|MEDGEN:1642262|ICD10:Q85.1|ICD10:Q89.3|ICD9:759.3|ICD9:759.5|HP:0011538|MP:0010431|EPCC:03.01.03|Fyler:0150|Fyler:150|GARD:4883|GARD:7830|ICD10CM:Q89.3|MIM:191100|MIM:270100|MIM:PS191100|SNOMEDCT_US_2025_09_01:157033002|http://id.who.int/icd/entity/797648408
disease,MONDO:0011514,tricuspid atresia,biolink:Disease,expanded,added,MP:0006123,tricuspid valve atresia,biolink:PhenotypicFeature,true,false,,MONDO:0011514|DOID:0080169|OMIM:605067|orphanet:1209|UMLS:C0243002|MESH:D018785|MEDDRA:10049767|NCIT:C85202|SNOMEDCT:253455004|SNOMEDCT:63042009|MEDGEN:67034|HP:0011662|MP:0006123|EPCC:06.01.01|Fyler:0400|Fyler:400|GARD:5274|MIM:605067|http://id.who.int/icd/entity/845891723
disease,MONDO:0011827,patent ductus arteriosus,biolink:Disease,expanded,added,MP:0003139,patent ductus arteriosus,biolink:PhenotypicFeature,true,false,,MONDO:0011827|DOID:13832|OMIM.PS:607411|orphanet:466729|UMLS:C0013274|MESH:D004374|MEDDRA:10013807|MEDDRA:10034130|NCIT:C84492|SNOMEDCT:83330001|MEDGEN:4415|ICD10:Q25.0|ICD9:747.0|HP:0001643|MP:0003139|Fyler:2100|GARD:7342|ICD10CM:Q25.0|MIM:607411|SNOMEDCT_US_2025_09_01:156928009|http://id.who.int/icd/entity/1262462321
disease,MONDO:0012155,choanal atresia,biolink:Disease,expanded,added,MP:0008970,choanal atresia,biolink:PhenotypicFeature,true,false,,MONDO:0012155|DOID:9574|OMIM:608911|orphanet:137914|UMLS:C0008297|UMLS:C0220723|MESH:C562435|MESH:D002754|MEDDRA:10008587|SNOMEDCT:204508009|MEDGEN:3395|ICD10:Q30.0|ICD9:748.0|HP:0000453|MP:0008970|Fyler:4203|ICD10CM:Q30.0|MIM:608911|SNOMEDCT_US_2025_09_01:156934002|http://id.who.int/icd/entity/2099486655
disease,MONDO:0015197,aneurysm of sinus of Valsalva,biolink:Disease,expanded,added,MP:0010483,aortic sinus aneurysm,biolink:PhenotypicFeature,true,false,,MONDO:0015197|orphanet:1054|UMLS:C0265893|UMLS:C2062868|UMLS:C2239253|UMLS:C4476551|MEDDRA:10084035|SNOMEDCT:54160000|MEDGEN:853730|HP:0011645|MP:0010483|Fyler:2316|http://id.who.int/icd/entity/364348641
disease,MONDO:0015203,coronary artery congenital malformation,biolink:Disease,expanded,added,MP:0004111,abnormal coronary artery morphology,biolink:PhenotypicFeature,true,false,,MONDO:0015203|DOID:11843|orphanet:1081|UMLS:C0158623|UMLS:C4531298|MEDDRA:10010425|MEDDRA:10011072|MEDDRA:10061060|SNOMEDCT:28574005|SNOMEDCT:896818001|MEDGEN:1612789|ICD9:746.85|HP:0006704|MP:0004111|Fyler:3100|GARD:1534|SNOMEDCT_US_2025_09_01:28574005|http://id.who.int/icd/entity/902783759
disease,MONDO:0015249,mitral atresia disorder,biolink:Disease,expanded,added,MP:0006119,mitral valve atresia,biolink:PhenotypicFeature,true,false,,MONDO:0015249|orphanet:1205|UMLS:C0344760|MEDDRA:10066800|NCIT:C98992|SNOMEDCT:23063005|MEDGEN:91035|HP:0011560|MP:0006119|EPCC:06.02.01|Fyler:0310|Fyler:310|http://id.who.int/icd/entity/6462604
disease,MONDO:0015273,complete atrioventricular canal,biolink:Disease,expanded,added,MP:0010413,complete atrioventricular septal defect,biolink:PhenotypicFeature,true,false,,MONDO:0015273|orphanet:1329|UMLS:C0221215|MESH:C535974|NCIT:C186234|SNOMEDCT:360481003|MEDGEN:65132|HP:0001674|MP:0010413|Fyler:1120
disease,MONDO:0015450,triatrial heart,biolink:Disease,expanded,added,MP:0010409,cor triatriatum,biolink:PhenotypicFeature,true,false,,MONDO:0015450|orphanet:1463|UMLS:C0009995|UMLS:C4023708|MESH:D003310|MEDDRA:10010972|NCIT:C84651|SNOMEDCT:55510008|MEDGEN:3238|ICD10:Q24.2|HP:0010774|MP:0010409|Fyler:3031|ICD10CM:Q24.2
disease,MONDO:0015469,craniosynostosis,biolink:Disease,expanded,added,MP:0000081,premature cranial suture closure,biolink:PhenotypicFeature,true,false,,MONDO:0015469|DOID:2340|OMIM.PS:123100|orphanet:1531|UMLS:C0010278|UMLS:C4759713|MESH:D003398|MEDDRA:10025530|MEDDRA:10040963|MEDDRA:10049889|MEDDRA:10062348|NCIT:C84655|MEDGEN:1163|ICD10:Q75.0|HP:0001363|MP:0000081|Fyler:4336|GARD:6209|ICD10CM:Q75.0|MIM:182212|MIM:600593|ORDO:1531|SNOMEDCT_US_2025_09_01:205414007|http://id.who.int/icd/entity/458033798
disease,MONDO:0015661,dextrocardia,biolink:Disease,expanded,added,MP:0000644,dextrocardia,biolink:PhenotypicFeature,true,false,,MONDO:0015661|DOID:9565|orphanet:1666|UMLS:C0011813|MESH:D003914|MEDDRA:10012592|NCIT:C84669|SNOMEDCT:27637000|MEDGEN:4255|ICD10:Q24.0|HP:0001651|MP:0000644|EPCC:02.01.02|Fyler:0110|Fyler:110|GARD:1827|ICD10CM:Q24.0|SNOMEDCT_US_2025_09_01:27637000|http://id.who.int/icd/entity/1472687600
disease,MONDO:0016081,coronary arterial fistulas,biolink:Disease,expanded,added,MP:0010476,coronary fistula,biolink:PhenotypicFeature,true,false,,MONDO:0016081|orphanet:2041|UMLS:C0265898|SNOMEDCT:373093003|MEDGEN:488822|HP:0011641|MP:0010476|Fyler:2230
disease,MONDO:0016296,holoprosencephaly,biolink:Disease,expanded,added,MP:0005157,holoprosencephaly,biolink:PhenotypicFeature,true,false,,MONDO:0016296|DOID:4621|OMIM.PS:236100|orphanet:2162|UMLS:C0079541|MESH:D016142|MEDDRA:10056304|NCIT:C74988|SNOMEDCT:30915001|MEDGEN:38214|ICD10:Q04.2|HP:0001360|MP:0005157|Fyler:4338|GARD:6665|ICD10CM:Q04.2|MIM:PS236100|ORDO:2162|SNOMEDCT_US_2025_09_01:30915001|http://id.who.int/icd/entity/1712699129
disease,MONDO:0018072,persistent truncus arteriosus,biolink:Disease,expanded,added,MP:0002633,persistent truncus arteriosus,biolink:PhenotypicFeature,true,false,,MONDO:0018072|orphanet:3384|UMLS:C0041206|UMLS:C0041207|UMLS:C4020867|MESH:D014339|MEDDRA:10044703|MEDDRA:10059207|NCIT:C98880|SNOMEDCT:58140002|SNOMEDCT:61959006|SNOMEDCT:787779000|MEDGEN:52867|ICD10:Q20.0|HP:0001660|MP:0002633|Fyler:0500|Fyler:500|ICD10CM:Q20.0|http://id.who.int/icd/entity/1832500366
disease,MONDO:0018089,double outlet right ventricle,biolink:Disease,expanded,added,MP:0000284,double outlet right ventricle,biolink:PhenotypicFeature,true,false,,MONDO:0018089|DOID:6406|orphanet:3426|UMLS:C0013069|UMLS:C3257801|MESH:D004310|MEDDRA:10013611|NCIT:C98916|SNOMEDCT:204299009|SNOMEDCT:7484005|MEDGEN:41649|ICD10:Q20.1|ICD9:745.11|HP:0001719|MP:0000284|Fyler:0600|Fyler:600|GARD:1908|ICD10CM:Q20.1|MIM:217095|ORDO:3426|SNOMEDCT_US_2025_09_01:7484005|http://id.who.int/icd/entity/141717788
disease,MONDO:0018090,double outlet left ventricle,biolink:Disease,expanded,added,MP:0010427,double outlet left ventricle,biolink:PhenotypicFeature,true,false,,MONDO:0018090|orphanet:3427|UMLS:C0265809|MEDDRA:10080133|SNOMEDCT:7368005|MEDGEN:120558|ICD10:Q20.2|HP:0011581|MP:0010427|Fyler:0650|Fyler:650|ICD10CM:Q20.2|http://id.who.int/icd/entity/2094997989
disease,MONDO:0018470,renal agenesis,biolink:Disease,expanded,added,MP:0000520,absent kidney,biolink:PhenotypicFeature,true,false,,MONDO:0018470|DOID:14766|OMIM.PS:191830|orphanet:411709|UMLS:C0542519|MESH:C563261|MEDDRA:10038354|MEDDRA:10038356|NCIT:C99041|SNOMEDCT:204942005|MEDGEN:154237|HP:0000104|MP:0000520|Fyler:4503|GARD:9228|MIM:191830|ORDO:93108|http://id.who.int/icd/entity/683319223
disease,MONDO:0018664,ectopia cordis,biolink:Disease,expanded,added,MP:0011660,ectopia cordis,biolink:PhenotypicFeature,true,false,,MONDO:0018664|orphanet:448270|UMLS:C0013580|MESH:D054083|MEDDRA:10014144|NCIT:C111643|SNOMEDCT:78250005|MEDGEN:41703|HP:0001683|MP:0011660|Fyler:0170|Fyler:170|http://id.who.int/icd/entity/285576893
disease,MONDO:0018677,visceral heterotaxy,biolink:Disease,expanded,added,MP:0004133,heterotaxia,biolink:PhenotypicFeature,true,false,,MONDO:0018677|DOID:0050545|OMIM.PS:306955|orphanet:157769|orphanet:450|EFO:0009081|UMLS:C0266642|UMLS:C3178805|MESH:D059446|MEDDRA:10059119|MEDDRA:10067265|MEDDRA:10083670|NCIT:C117273|NCIT:C87083|SNOMEDCT:14821001|MEDGEN:465273|HP:0030853|MP:0004133|Fyler:0190|Fyler:190|GARD:10875|MIM:PS306955|MPATH:712|ORDO:450|http://id.who.int/icd/entity/780273165
disease,MONDO:0019015,omphalocele,biolink:Disease,expanded,added,MP:0003052,omphalocele,biolink:PhenotypicFeature,true,false,,MONDO:0019015|DOID:0060321|DOID:0060327|orphanet:660|UMLS:C0795690|UMLS:C1306503|MESH:D000099245|MEDDRA:10030308|MEDDRA:10030309|NCIT:C98997|SNOMEDCT:18735004|MEDGEN:162756|ICD10:Q79.2|ICD9:756.72|HP:0001539|MP:0003052|Fyler:4404|MIM:164750|SNOMEDCT_US_2025_09_01:49324006|SNOMEDCT_US_2025_09_01:5867007|http://id.who.int/icd/entity/1168696429
disease,MONDO:0019443,dextro-looped transposition of the great arteries,biolink:Disease,expanded,added,MP:0011665,d-loop transposition of the great arteries,biolink:PhenotypicFeature,true,false,,MONDO:0019443|OMIM:608808|orphanet:860|UMLS:C3531771|NCIT:C99096|SNOMEDCT:285251000119101|MEDGEN:758887|HP:0031348|MP:0011665|Fyler:0700|Fyler:700
disease,MONDO:0019530,non-syndromic syndactyly,biolink:Disease,expanded,added,MP:0000564,syndactyly,biolink:PhenotypicFeature,true,false,,MONDO:0019530|DOID:11193|orphanet:90025|UMLS:C0039075|UMLS:C5681365|MESH:D013576|MEDDRA:10042778|NCIT:C87125|SNOMEDCT:373413006|MEDGEN:1842957|ICD10:Q70|ICD9:755.1|HP:0001159|MP:0000564|Fyler:4174|GARD:13181|ORDO:295012|ORDO:90025|ORDO:93403|SNOMEDCT_US_2025_09_01:156989004|http://id.who.int/icd/entity/1736296640
disease,MONDO:0019636,"renal agenesis, unilateral",biolink:Disease,expanded,added,MP:0003604,single kidney,biolink:PhenotypicFeature,true,false,,MONDO:0019636|orphanet:93100|UMLS:C0266294|MESH:D000075529|MEDDRA:10051001|MEDDRA:10053624|NCIT:C101220|SNOMEDCT:55726006|MEDGEN:75607|HP:0000122|MP:0003604|Fyler:4509|ICD10CM:Q60.0|http://id.who.int/icd/entity/760295498
disease,MONDO:0019807,mesocardia,biolink:Disease,expanded,added,MP:0000650,mesocardia,biolink:PhenotypicFeature,true,false,,MONDO:0019807|orphanet:95443|UMLS:C0265865|SNOMEDCT:16567006|MEDGEN:488817|HP:0011599|MP:0000650|Fyler:0140|Fyler:140|http://id.who.int/icd/entity/1251061251
disease,MONDO:0020290,familial atrioventricular septal defect,biolink:Disease,expanded,added,MP:0010412,atrioventricular septal defect,biolink:PhenotypicFeature,true,false,,MONDO:0020290|DOID:0050651|OMIM.PS:606215|orphanet:98722|UMLS:C0014116|UMLS:C1389016|UMLS:C4732742|MESH:D004694|MEDDRA:10014656|MEDDRA:10014658|MEDDRA:10057460|NCIT:C101029|SNOMEDCT:15459006|ICD10:Q21.2|ICD9:745.6|HP:0006695|MP:0010412|MP:0011667|Fyler:0606|Fyler:1100|Fyler:606|GARD:802|ICD10CM:Q21.2|MIM:606215|MIM:614430|MIM:614474|ORDO:98722|SNOMEDCT_US_2025_09_01:204322008
disease,MONDO:0020290,familial atrioventricular septal defect,biolink:Disease,expanded,added,MP:0011667,double outlet right ventricle with atrioventricular septal defect,biolink:PhenotypicFeature,true,false,,MONDO:0020290|DOID:0050651|OMIM.PS:606215|orphanet:98722|UMLS:C0014116|UMLS:C1389016|UMLS:C4732742|MESH:D004694|MEDDRA:10014656|MEDDRA:10014658|MEDDRA:10057460|NCIT:C101029|SNOMEDCT:15459006|ICD10:Q21.2|ICD9:745.6|HP:0006695|MP:0010412|MP:0011667|Fyler:0606|Fyler:1100|Fyler:606|GARD:802|ICD10CM:Q21.2|MIM:606215|MIM:614430|MIM:614474|ORDO:98722|SNOMEDCT_US_2025_09_01:204322008
disease,MONDO:0020388,double outlet right ventricle with non-committed subpulmonary ventricular septal defect,biolink:Disease,expanded,added,MP:0011670,"double outlet right ventricle, noncommitted ventricular septal defect",biolink:PhenotypicFeature,true,false,,MONDO:0020388|orphanet:99046|UMLS:C1956410|UMLS:C4023245|SNOMEDCT:253299006|MEDGEN:365501|HP:0011654|MP:0011670|Fyler:0603|Fyler:603|http://id.who.int/icd/entity/2032277111
disease,MONDO:0020417,right aortic arch,biolink:Disease,expanded,added,MP:0004158,right aortic arch,biolink:PhenotypicFeature,true,false,,MONDO:0020417|orphanet:99081|UMLS:C0035615|MEDDRA:10067407|NCIT:C103917|SNOMEDCT:111321007|SNOMEDCT:244229003|MEDGEN:48474|HP:0012020|MP:0004158|Fyler:2720|ICD10CM:Q25.47|http://id.who.int/icd/entity/769265824
disease,MONDO:0020419,pulmonary artery hypoplasia,biolink:Disease,expanded,added,MP:0010460,pulmonary artery hypoplasia,biolink:PhenotypicFeature,true,false,,MONDO:0020419|orphanet:99083|UMLS:C0265910|SNOMEDCT:54682008|MEDGEN:75585|HP:0004971|MP:0010460|Fyler:2966
disease,MONDO:0020429,cor triatriatum dexter,biolink:Disease,expanded,added,MP:0010411,cor triatriatum dextrum,biolink:PhenotypicFeature,true,false,,MONDO:0020429|orphanet:99098|UMLS:C0344697|SNOMEDCT:274947007|MEDGEN:488867|HP:0011566|MP:0010411|Fyler:2854|http://id.who.int/icd/entity/294192583
disease,MONDO:0020434,"atrial septal defect, ostium secundum type",biolink:Disease,expanded,added,MP:0010405,ostium secundum atrial septal defect,biolink:PhenotypicFeature,true,false,,MONDO:0020434|orphanet:99103|UMLS:C0344724|MEDDRA:10031302|MEDDRA:10031303|SNOMEDCT:204315000|MEDGEN:91034|HP:0001684|MP:0010405|Fyler:2000|http://id.who.int/icd/entity/1875768490
disease,MONDO:0020436,"atrial septal defect, sinus venosus type",biolink:Disease,expanded,added,MP:0010408,sinus venosus atrial septal defect,biolink:PhenotypicFeature,true,false,,MONDO:0020436|orphanet:99105|UMLS:C0344730|MESH:C548009|SNOMEDCT:95268002|MEDGEN:138011|HP:0011567|MP:0010408|Fyler:2010|http://id.who.int/icd/entity/1930019148
disease,MONDO:0020437,"atrial septal defect, ostium primum type",biolink:Disease,expanded,added,MP:0010404,ostium primum atrial septal defect,biolink:PhenotypicFeature,true,false,,MONDO:0020437|orphanet:99106|UMLS:C0031192|UMLS:C0344735|UMLS:C0741296|UMLS:C5680294|MEDDRA:10031301|NCIT:C34921|SNOMEDCT:17718000|SNOMEDCT:253373002|MEDGEN:1825952|HP:0010445|MP:0010404|Fyler:1110|http://id.who.int/icd/entity/1159570489
disease,MONDO:0020439,patent foramen ovale,biolink:Disease,expanded,added,MP:0004225,patent cardiac foramen ovale,biolink:PhenotypicFeature,true,false,,MONDO:0020439|DOID:13620|UMLS:C0016522|MESH:D054092|MEDDRA:10016982|NCIT:C34619|SNOMEDCT:204317008|MEDGEN:8891|ICD10:Q21.12|HP:0001655|MP:0004225|Fyler:2020|SNOMEDCT_US_2025_09_01:268316001|http://id.who.int/icd/entity/1618980674
disease,MONDO:0020453,congenital partial pulmonary venous return anomaly,biolink:Disease,expanded,added,MP:0010442,partial anomalous pulmonary venous connection,biolink:PhenotypicFeature,true,false,,MONDO:0020453|orphanet:99124|UMLS:C0158634|MEDDRA:10034056|NCIT:C99004|SNOMEDCT:68237008|MEDGEN:450995|HP:0010773|MP:0010442|Fyler:2030|ICD10CM:Q26.3|http://id.who.int/icd/entity/1041585584
disease,MONDO:0020454,congenital complete agenesis of pericardium,biolink:Disease,expanded,added,MP:0003388,absent pericardium,biolink:PhenotypicFeature,true,false,,MONDO:0020454|orphanet:99129|UMLS:C0345140|SNOMEDCT:253732001|MEDGEN:576786|HP:0011629|MP:0003388|Fyler:1910|http://id.who.int/icd/entity/1462683633
disease,MONDO:0020806,sinoatrial block,biolink:Disease,expanded,added,MP:0010520,sinoatrial block,biolink:PhenotypicFeature,true,false,,MONDO:0020806|UMLS:C0037188|MESH:D012848|MEDDRA:10019269|MEDDRA:10019270|MEDDRA:10039346|MEDDRA:10040736|SNOMEDCT:65778007|MEDGEN:19984|HP:0012723|MP:0010520|Fyler:7014|http://id.who.int/icd/entity/884453307
disease,MONDO:0021902,aortopulmonary window,biolink:Disease,expanded,added,MP:0010455,aortopulmonary window,biolink:PhenotypicFeature,true,false,,MONDO:0021902|UMLS:C0003516|MESH:D001028|MEDDRA:10063732|MEDDRA:10063733|NCIT:C101050|SNOMEDCT:17024001|MEDGEN:365|HP:0011604|MP:0010455|Fyler:0560|Fyler:560|ICD10CM:Q21.4
disease,MONDO:0042981,aortic valve stenosis,biolink:Disease,expanded,added,MP:0006117,aortic valve stenosis,biolink:PhenotypicFeature,true,false,,MONDO:0042981|DOID:1712|UMLS:C0003507|UMLS:C0152417|UMLS:C0155567|MESH:D001024|MEDDRA:10002906|MEDDRA:10002918|MEDDRA:10002919|MEDDRA:10010371|MEDDRA:10010636|MEDDRA:10039047|MEDDRA:10041974|NCIT:C197885|NCIT:C197952|NCIT:C50462|SNOMEDCT:60573004|SNOMEDCT:72011007|MEDGEN:1621|ICD10:I06.0|ICD10:Q23.0|ICD9:395.0|ICD9:746.3|HP:0001650|MP:0006117|Fyler:1411|GARD:5830|SNOMEDCT_US_2025_09_01:155282009|SNOMEDCT_US_2025_09_01:18546004|SNOMEDCT_US_2025_09_01:60573004|http://id.who.int/icd/entity/956813047
