drugbank_curie,label,unii,unii_preferred_name,ncbitaxon,ncbitaxon_label,unii_ncit,unii_ncit_label,unii_ncit_parents,unii_ncit_semantic_types,has_extract_marker
DRUGBANK:DB00028,Human immunoglobulin G,UNII:66Y330CJHS,HUMAN IMMUNOGLOBULIN G,NCBITaxon:9606,Homo sapiens (human),NCIT:C80829,Human Immunoglobulin G,NCIT:C2701 (Therapeutic Immune Globulin),"T116=Amino Acid, Peptide, or Protein|T121=Pharmacologic Substance|T129=Immunologic Factor",False
DRUGBANK:DB00076,Digoxin Immune Fab (Ovine),UNII:YB12NQZ1YN,OVINE DIGOXIN IMMUNE FAB,NCBITaxon:9940,Ovis aries (sheep),NCIT:C80835,Ovine Digoxin Immune Fab,NCIT:C307 (Biological Agent),"T116=Amino Acid, Peptide, or Protein|T121=Pharmacologic Substance|T129=Immunologic Factor",False
DRUGBANK:DB00098,Antithymocyte immunoglobulin (rabbit),UNII:D7RD81HE4W,LAPINE T-LYMPHOCYTE IMMUNE GLOBULIN,NCBITaxon:9986,Oryctolagus cuniculus (rabbit),NCIT:C80833,Lapine T-Lymphocyte Immune Globulin,NCIT:C2701 (Therapeutic Immune Globulin)|NCIT:C278 (Anti-Thymocyte Globulin),"T116=Amino Acid, Peptide, or Protein|T121=Pharmacologic Substance|T129=Immunologic Factor",False
DRUGBANK:DB05276,Hepatitis B immune globulin,UNII:XII270YC6M,HUMAN HEPATITIS B VIRUS IMMUNE GLOBULIN,NCBITaxon:9606,Homo sapiens (human),NCIT:C80827,Human Hepatitis B Virus Immune Globulin,NCIT:C2701 (Therapeutic Immune Globulin),"T116=Amino Acid, Peptide, or Protein|T121=Pharmacologic Substance|T129=Immunologic Factor",False
DRUGBANK:DB06415,Calfactant,UNII:Q4K217VGA9,CALFACTANT,NCBITaxon:9913,Bos taurus (domestic cattle),NCIT:C80989,Calfactant,NCIT:C212865 (Therapeutic Lung Surfactant),T109=Organic Chemical|T121=Pharmacologic Substance|T200=Clinical Drug,True
DRUGBANK:DB06688,Sipuleucel-T,UNII:8Q622VDR18,SIPULEUCEL-T,NCBITaxon:9606,Homo sapiens (human),NCIT:C1985,Sipuleucel-T,NCIT:C129826 (Antineoplastic Immune Cell)|NCIT:C1987 (Dendritic Cell Tumor Peptide Vaccine),T121=Pharmacologic Substance|T129=Immunologic Factor,False
DRUGBANK:DB09057,Anthrax immune globulin human,UNII:VKZ83S945Z,ANTHRAX IMMUNE GLOBULIN HUMAN,NCBITaxon:9606,Homo sapiens (human),,,,,False
DRUGBANK:DB09100,"Thyroid, porcine",UNII:6RV024OAUQ,THYROID,NCBITaxon:9823,Sus scrofa (pig),NCIT:C185191,"Thyroid, Porcine",NCIT:C1553 (Thyroid Agent)|NCIT:C29703 (Antilipidemic Agent),T109=Organic Chemical|T121=Pharmacologic Substance,True
DRUGBANK:DB09113,Poractant alfa,UNII:KE3U2023NP,PORACTANT ALFA,NCBITaxon:9823,Sus scrofa (pig),NCIT:C81353,Poractant Alfa,NCIT:C212865 (Therapeutic Lung Surfactant),T109=Organic Chemical|T121=Pharmacologic Substance,False
DRUGBANK:DB09312,Antilymphocyte immunoglobulin (horse),UNII:475247QF1Z,EQUINE THYMOCYTE IMMUNE GLOBULIN,NCBITaxon:9796,Equus caballus (horse),NCIT:C80824,Equine Thymocyte Immune Globulin,NCIT:C2701 (Therapeutic Immune Globulin)|NCIT:C278 (Anti-Thymocyte Globulin),"T116=Amino Acid, Peptide, or Protein|T121=Pharmacologic Substance|T129=Immunologic Factor",False
DRUGBANK:DB09379,Sutilain,UNII:2PU6O23V1G,SUTILAINS,NCBITaxon:1423,Bacillus subtilis,NCIT:C87679,Sutilains,NCIT:C29726 (Enzyme Replacement or Supplement Agent),"T116=Amino Acid, Peptide, or Protein|T121=Pharmacologic Substance|T126=Enzyme",False
DRUGBANK:DB09493,Technetium Tc-99m red blood cells,UNII:D8L75GM22O,TECHNETIUM TC-99M RED BLOOD CELLS,NCBITaxon:9606,Homo sapiens (human),NCIT:C90870,Technetium Tc-99m Red Blood Cells,NCIT:C1512 (Immunoconjugate),"T130=Indicator, Reagent, or Diagnostic Aid",False
DRUGBANK:DB09876,Clostridium tetani,UNII:751E8J54VM,CLOSTRIDIUM TETANI,NCBITaxon:1513,Clostridium tetani,NCIT:C86298,Clostridium tetani,NCIT:C76275 (Clostridium),T007=Bacterium,False
DRUGBANK:DB09877,Corynebacterium diphtheriae,UNII:3U7E3O07S8,CORYNEBACTERIUM DIPHTHERIAE,NCBITaxon:1717,Corynebacterium diphtheriae,NCIT:C86312,Corynebacterium diphtheriae,NCIT:C76308 (Corynebacterium),T007=Bacterium,False
DRUGBANK:DB10076,Haemophilus influenzae type B strain 1482 capsular polysaccharide tetanus toxoid conjugate antigen,UNII:FLV5I5W26R,HAEMOPHILUS INFLUENZAE TYPE B STRAIN 1482 CAPSULAR POLYSACCHARIDE TETANUS TOXOID CONJUGATE ANTIGEN,NCBITaxon:727,Haemophilus influenzae,NCIT:C77710,Haemophilus influenzae Type B Strain 1482 Capsular Polysaccharide Tetanus Toxoid Conjugate Antigen,NCIT:C75787 (Haemophilus Influenzae Type B Antigen),"T116=Amino Acid, Peptide, or Protein|T121=Pharmacologic Substance|T129=Immunologic Factor",False
DRUGBANK:DB10286,Streptococcus pneumoniae type 4 capsular polysaccharide diphtheria CRM197 protein conjugate antigen,UNII:TGJ6YZC4W7,STREPTOCOCCUS PNEUMONIAE TYPE 4 CAPSULAR POLYSACCHARIDE DIPHTHERIA CRM197 PROTEIN CONJUGATE ANTIGEN,NCBITaxon:1313,Streptococcus pneumoniae,NCIT:C77788,Streptococcus pneumoniae Type 4 Capsular Polysaccharide Diphtheria CRM197 Protein Conjugate Antigen,NCIT:C75821 (Streptococcus pneumoniae Antigen),"T116=Amino Acid, Peptide, or Protein|T121=Pharmacologic Substance|T129=Immunologic Factor",False
DRUGBANK:DB10287,Streptococcus pneumoniae type 6B capsular polysaccharide diphtheria CRM197 protein conjugate antigen,UNII:4M543JVT7G,STREPTOCOCCUS PNEUMONIAE TYPE 6B CAPSULAR POLYSACCHARIDE DIPHTHERIA CRM197 PROTEIN CONJUGATE ANTIGEN,NCBITaxon:1313,Streptococcus pneumoniae,NCIT:C77791,Streptococcus pneumoniae Type 6B Capsular Polysaccharide Diphtheria CRM197 Protein Conjugate Antigen,NCIT:C75821 (Streptococcus pneumoniae Antigen),"T116=Amino Acid, Peptide, or Protein|T121=Pharmacologic Substance|T129=Immunologic Factor",False
DRUGBANK:DB10288,Streptococcus pneumoniae type 9V capsular polysaccharide diphtheria CRM197 protein conjugate antigen,UNII:5Q768OY0GI,STREPTOCOCCUS PNEUMONIAE TYPE 9V CAPSULAR POLYSACCHARIDE DIPHTHERIA CRM197 PROTEIN CONJUGATE ANTIGEN,NCBITaxon:1313,Streptococcus pneumoniae,NCIT:C77796,Streptococcus pneumoniae Type 9V Capsular Polysaccharide Diphtheria CRM197 Protein Conjugate Antigen,NCIT:C75821 (Streptococcus pneumoniae Antigen),"T116=Amino Acid, Peptide, or Protein|T121=Pharmacologic Substance|T129=Immunologic Factor",False
DRUGBANK:DB10289,Streptococcus pneumoniae type 14 capsular polysaccharide diphtheria CRM197 protein conjugate antigen,UNII:SK54I0S386,STREPTOCOCCUS PNEUMONIAE TYPE 14 CAPSULAR POLYSACCHARIDE DIPHTHERIA CRM197 PROTEIN CONJUGATE ANTIGEN,NCBITaxon:1313,Streptococcus pneumoniae,NCIT:C77772,Streptococcus pneumoniae Type 14 Capsular Polysaccharide Diphtheria CRM197 Protein Conjugate Antigen,NCIT:C75821 (Streptococcus pneumoniae Antigen),"T116=Amino Acid, Peptide, or Protein|T121=Pharmacologic Substance|T129=Immunologic Factor",False
DRUGBANK:DB10290,Streptococcus pneumoniae type 18C capsular polysaccharide diphtheria CRM197 protein conjugate antigen,UNII:XK87D9J012,STREPTOCOCCUS PNEUMONIAE TYPE 18C CAPSULAR POLYSACCHARIDE DIPHTHERIA CRM197 PROTEIN CONJUGATE ANTIGEN,NCBITaxon:1313,Streptococcus pneumoniae,NCIT:C77776,Streptococcus pneumoniae Type 18C Capsular Polysaccharide Diphtheria CRM197 Protein Conjugate Antigen,NCIT:C75821 (Streptococcus pneumoniae Antigen),"T116=Amino Acid, Peptide, or Protein|T121=Pharmacologic Substance|T129=Immunologic Factor",False
DRUGBANK:DB10291,Streptococcus pneumoniae type 19F capsular polysaccharide diphtheria CRM197 protein conjugate antigen,UNII:2E1M7F958B,STREPTOCOCCUS PNEUMONIAE TYPE 19F CAPSULAR POLYSACCHARIDE DIPHTHERIA CRM197 PROTEIN CONJUGATE ANTIGEN,NCBITaxon:1313,Streptococcus pneumoniae,NCIT:C77779,Streptococcus pneumoniae Type 19F Capsular Polysaccharide Diphtheria CRM197 Protein Conjugate Antigen,NCIT:C75821 (Streptococcus pneumoniae Antigen),"T116=Amino Acid, Peptide, or Protein|T121=Pharmacologic Substance|T129=Immunologic Factor",False
DRUGBANK:DB10292,Streptococcus pneumoniae type 23F capsular polysaccharide diphtheria CRM197 protein conjugate antigen,UNII:25N8E57V6T,STREPTOCOCCUS PNEUMONIAE TYPE 23F CAPSULAR POLYSACCHARIDE DIPHTHERIA CRM197 PROTEIN CONJUGATE ANTIGEN,NCBITaxon:1313,Streptococcus pneumoniae,NCIT:C77784,Streptococcus pneumoniae Type 23F Capsular Polysaccharide Diphtheria CRM197 Protein Conjugate Antigen,NCIT:C75821 (Streptococcus pneumoniae Antigen),"T116=Amino Acid, Peptide, or Protein|T121=Pharmacologic Substance|T129=Immunologic Factor",False
DRUGBANK:DB10293,Streptococcus pneumoniae type 1 capsular polysaccharide diphtheria CRM197 protein conjugate antigen,UNII:54EC0SE5PZ,STREPTOCOCCUS PNEUMONIAE TYPE 1 CAPSULAR POLYSACCHARIDE DIPHTHERIA CRM197 PROTEIN CONJUGATE ANTIGEN,NCBITaxon:1313,Streptococcus pneumoniae,,,,,False
DRUGBANK:DB10294,Streptococcus pneumoniae type 3 capsular polysaccharide diphtheria CRM197 protein conjugate antigen,UNII:2VF3V7175U,STREPTOCOCCUS PNEUMONIAE TYPE 3 CAPSULAR POLYSACCHARIDE DIPHTHERIA CRM197 PROTEIN CONJUGATE ANTIGEN,NCBITaxon:1313,Streptococcus pneumoniae,,,,,False
DRUGBANK:DB10295,Streptococcus pneumoniae type 5 capsular polysaccharide diphtheria CRM197 protein conjugate antigen,UNII:5SKG37872O,STREPTOCOCCUS PNEUMONIAE TYPE 5 CAPSULAR POLYSACCHARIDE DIPHTHERIA CRM197 PROTEIN CONJUGATE ANTIGEN,NCBITaxon:1313,Streptococcus pneumoniae,,,,,False
DRUGBANK:DB10297,Streptococcus pneumoniae type 7F capsular polysaccharide diphtheria CRM197 protein conjugate antigen,UNII:0K0S2P98ZJ,STREPTOCOCCUS PNEUMONIAE TYPE 7F CAPSULAR POLYSACCHARIDE DIPHTHERIA CRM197 PROTEIN CONJUGATE ANTIGEN,NCBITaxon:1313,Streptococcus pneumoniae,,,,,False
DRUGBANK:DB10298,Streptococcus pneumoniae type 19A capsular polysaccharide diphtheria CRM197 protein conjugate antigen,UNII:B970MQT365,STREPTOCOCCUS PNEUMONIAE TYPE 19A CAPSULAR POLYSACCHARIDE DIPHTHERIA CRM197 PROTEIN CONJUGATE ANTIGEN,NCBITaxon:1313,Streptococcus pneumoniae,,,,,False
DRUGBANK:DB10315,Measles virus vaccine live attenuated,UNII:MFZ8I7277D,MEASLES VIRUS STRAIN ENDERS' ATTENUATED EDMONSTON LIVE ANTIGEN,NCBITaxon:11234,Measles morbillivirus,NCIT:C77754,Measles Virus Strain Enders' Attenuated Edmonston Live Antigen,NCIT:C75798 (Measles Virus Antigen),"T116=Amino Acid, Peptide, or Protein|T121=Pharmacologic Substance|T129=Immunologic Factor",False
DRUGBANK:DB10316,Mumps virus strain B level jeryl lynn live antigen,UNII:47QB6MX9KU,MUMPS VIRUS STRAIN B LEVEL JERYL LYNN LIVE ANTIGEN,NCBITaxon:11161,,NCIT:C77755,Mumps Virus Strain B Level Jeryl Lynn Live Antigen,NCIT:C75800 (Mumps Virus Antigen),"T116=Amino Acid, Peptide, or Protein|T121=Pharmacologic Substance|T129=Immunologic Factor",False
DRUGBANK:DB10317,Rubella virus vaccine,UNII:52202H034Z,RUBELLA VIRUS STRAIN WISTAR RA 27/3 LIVE ANTIGEN,NCBITaxon:11041,Rubella virus,NCIT:C77764,Rubella Virus Strain Wistar RA 27/3 Live Antigen,NCIT:C75815 (Rubella Virus Antigen),T109=Organic Chemical|T121=Pharmacologic Substance|T129=Immunologic Factor,False
DRUGBANK:DB10318,Varicella zoster vaccine (live/attenuated),UNII:GPV39ZGD8C,VARICELLA-ZOSTER VIRUS STRAIN OKA/MERCK LIVE ANTIGEN,NCBITaxon:10335,Human alphaherpesvirus 3 (Varicella-zoster virus),NCIT:C77799,Varicella-Zoster Virus Strain Oka/Merck Live Antigen,NCIT:C1920 (Attenuated Live Virus Vaccine),"T116=Amino Acid, Peptide, or Protein|T121=Pharmacologic Substance|T129=Immunologic Factor",False
DRUGBANK:DB10320,Streptococcus pneumoniae type 2 capsular polysaccharide antigen,UNII:E11P4F3X4S,STREPTOCOCCUS PNEUMONIAE TYPE 2 CAPSULAR POLYSACCHARIDE ANTIGEN,NCBITaxon:1313,Streptococcus pneumoniae,NCIT:C77780,Streptococcus pneumoniae Type 2 Capsular Polysaccharide Antigen,NCIT:C75821 (Streptococcus pneumoniae Antigen),T121=Pharmacologic Substance|T129=Immunologic Factor,False
DRUGBANK:DB10323,Streptococcus pneumoniae type 5 capsular polysaccharide antigen,UNII:N8R9GL539D,STREPTOCOCCUS PNEUMONIAE TYPE 5 CAPSULAR POLYSACCHARIDE ANTIGEN,NCBITaxon:1313,Streptococcus pneumoniae,NCIT:C77789,Streptococcus pneumoniae Type 5 Capsular Polysaccharide Antigen,NCIT:C75821 (Streptococcus pneumoniae Antigen),T121=Pharmacologic Substance|T129=Immunologic Factor,False
DRUGBANK:DB10324,Streptococcus pneumoniae type 6b capsular polysaccharide antigen,UNII:57F7254B6Q,STREPTOCOCCUS PNEUMONIAE TYPE 6B CAPSULAR POLYSACCHARIDE ANTIGEN,NCBITaxon:1313,Streptococcus pneumoniae,NCIT:C77790,Streptococcus pneumoniae Type 6B Capsular Polysaccharide Antigen,NCIT:C75821 (Streptococcus pneumoniae Antigen),T121=Pharmacologic Substance|T129=Immunologic Factor,False
DRUGBANK:DB10325,Streptococcus pneumoniae type 7f capsular polysaccharide antigen,UNII:X1K54R2P9I,STREPTOCOCCUS PNEUMONIAE TYPE 7F CAPSULAR POLYSACCHARIDE ANTIGEN,NCBITaxon:1313,Streptococcus pneumoniae,NCIT:C77792,Streptococcus pneumoniae Type 7F Capsular Polysaccharide Antigen,NCIT:C75821 (Streptococcus pneumoniae Antigen),T121=Pharmacologic Substance|T129=Immunologic Factor,False
DRUGBANK:DB10326,Streptococcus pneumoniae type 8 capsular polysaccharide antigen,UNII:669818346F,STREPTOCOCCUS PNEUMONIAE TYPE 8 CAPSULAR POLYSACCHARIDE ANTIGEN,NCBITaxon:1313,Streptococcus pneumoniae,NCIT:C77793,Streptococcus pneumoniae Type 8 Capsular Polysaccharide Antigen,NCIT:C75821 (Streptococcus pneumoniae Antigen),T121=Pharmacologic Substance|T129=Immunologic Factor,False
DRUGBANK:DB10327,Streptococcus pneumoniae type 9n capsular polysaccharide antigen,UNII:313LJP87ET,STREPTOCOCCUS PNEUMONIAE TYPE 9N CAPSULAR POLYSACCHARIDE ANTIGEN,NCBITaxon:1313,Streptococcus pneumoniae,NCIT:C77794,Streptococcus pneumoniae Type 9N Capsular Polysaccharide Antigen,NCIT:C75821 (Streptococcus pneumoniae Antigen),T121=Pharmacologic Substance|T129=Immunologic Factor,False
DRUGBANK:DB10328,Streptococcus pneumoniae type 9v capsular polysaccharide antigen,UNII:DL82PE6ANE,STREPTOCOCCUS PNEUMONIAE TYPE 9V CAPSULAR POLYSACCHARIDE ANTIGEN,NCBITaxon:1313,Streptococcus pneumoniae,NCIT:C77795,Streptococcus pneumoniae Type 9V Capsular Polysaccharide Antigen,NCIT:C75821 (Streptococcus pneumoniae Antigen),T121=Pharmacologic Substance|T129=Immunologic Factor,False
DRUGBANK:DB10335,Streptococcus pneumoniae type 18c capsular polysaccharide antigen,UNII:23036553F6,STREPTOCOCCUS PNEUMONIAE TYPE 18C CAPSULAR POLYSACCHARIDE ANTIGEN,NCBITaxon:1313,Streptococcus pneumoniae,NCIT:C77775,Streptococcus pneumoniae Type 18C Capsular Polysaccharide Antigen,NCIT:C75821 (Streptococcus pneumoniae Antigen),T121=Pharmacologic Substance|T129=Immunologic Factor,False
DRUGBANK:DB10336,Streptococcus pneumoniae type 19f capsular polysaccharide antigen,UNII:5K0VU709JD,STREPTOCOCCUS PNEUMONIAE TYPE 19F CAPSULAR POLYSACCHARIDE ANTIGEN,NCBITaxon:1313,Streptococcus pneumoniae,NCIT:C77778,Streptococcus pneumoniae Type 19F Capsular Polysaccharide Antigen,NCIT:C75821 (Streptococcus pneumoniae Antigen),T121=Pharmacologic Substance|T129=Immunologic Factor,False
DRUGBANK:DB10337,Streptococcus pneumoniae type 19a capsular polysaccharide antigen,UNII:9W2T4OSF98,STREPTOCOCCUS PNEUMONIAE TYPE 19A CAPSULAR POLYSACCHARIDE ANTIGEN,NCBITaxon:1313,Streptococcus pneumoniae,NCIT:C77777,Streptococcus pneumoniae Type 19A Capsular Polysaccharide Antigen,NCIT:C75821 (Streptococcus pneumoniae Antigen),T121=Pharmacologic Substance|T129=Immunologic Factor,False
DRUGBANK:DB10338,Streptococcus pneumoniae type 20 capsular polysaccharide antigen,UNII:V3FC0DK9XS,STREPTOCOCCUS PNEUMONIAE TYPE 20 CAPSULAR POLYSACCHARIDE ANTIGEN,NCBITaxon:1313,Streptococcus pneumoniae,NCIT:C77781,Streptococcus pneumoniae Type 20 Capsular Polysaccharide Antigen,NCIT:C75821 (Streptococcus pneumoniae Antigen),T121=Pharmacologic Substance|T129=Immunologic Factor,False
DRUGBANK:DB10339,Streptococcus pneumoniae type 22f capsular polysaccharide antigen,UNII:7NLV25LOSI,STREPTOCOCCUS PNEUMONIAE TYPE 22F CAPSULAR POLYSACCHARIDE ANTIGEN,NCBITaxon:1313,Streptococcus pneumoniae,NCIT:C77782,Streptococcus pneumoniae Type 22F Capsular Polysaccharide Antigen,NCIT:C75821 (Streptococcus pneumoniae Antigen),T121=Pharmacologic Substance|T129=Immunologic Factor,False
DRUGBANK:DB10340,Streptococcus pneumoniae type 23f capsular polysaccharide antigen,UNII:PYD255827T,STREPTOCOCCUS PNEUMONIAE TYPE 23F CAPSULAR POLYSACCHARIDE ANTIGEN,NCBITaxon:1313,Streptococcus pneumoniae,NCIT:C77783,Streptococcus pneumoniae Type 23F Capsular Polysaccharide Antigen,NCIT:C75821 (Streptococcus pneumoniae Antigen),T121=Pharmacologic Substance|T129=Immunologic Factor,False
DRUGBANK:DB10341,Streptococcus pneumoniae type 33f capsular polysaccharide antigen,UNII:2MGG3XW1L2,STREPTOCOCCUS PNEUMONIAE TYPE 33F CAPSULAR POLYSACCHARIDE ANTIGEN,NCBITaxon:1313,Streptococcus pneumoniae,NCIT:C77786,Streptococcus pneumoniae Type 33F Capsular Polysaccharide Antigen,NCIT:C75821 (Streptococcus pneumoniae Antigen),T121=Pharmacologic Substance|T129=Immunologic Factor,False
DRUGBANK:DB10343,Bacillus calmette-guerin substrain tice live antigen,UNII:2XQ558L16Z,BACILLUS CALMETTE-GUERIN SUBSTRAIN TICE LIVE ANTIGEN,NCBITaxon:33892,Mycobacterium tuberculosis variant bovis BCG,NCIT:C75774,Bacillus Calmette-Guerin Substrain Tice Live Antigen,NCIT:C77178 (Bacillus Calmette-Guerin Antigen),T007=Bacterium,False
DRUGBANK:DB10399,Felis catus skin,UNII:5308ED00EL,FELIS CATUS SKIN,NCBITaxon:9685,Felis catus (domestic cat),,,,,True
DRUGBANK:DB10400,Dermatophagoides farinae,UNII:PR9U2YPF3Q,DERMATOPHAGOIDES FARINAE,NCBITaxon:6954,Dermatophagoides farinae (American house dust mite),,,,,True
DRUGBANK:DB10401,Dermatophagoides pteronyssinus,UNII:57L1Z5378K,DERMATOPHAGOIDES PTERONYSSINUS,NCBITaxon:6956,Dermatophagoides pteronyssinus (European house dust mite),,,,,True
DRUGBANK:DB10406,Bos taurus skin,UNII:7J12CD6O9L,BOS TAURUS SKIN,NCBITaxon:9913,Bos taurus (domestic cattle),,,,,True
DRUGBANK:DB10409,Canis lupus familiaris skin,UNII:X2W7CLE97T,CANIS LUPUS FAMILIARIS SKIN,NCBITaxon:9615,Canis lupus familiaris (dog),,,,,False
DRUGBANK:DB10410,Equus caballus skin,UNII:88VZV9HGT4,EQUUS CABALLUS SKIN,NCBITaxon:9796,Equus caballus (horse),,,,,False
DRUGBANK:DB10412,Mus musculus skin,UNII:390AN9GB09,MUS MUSCULUS SKIN,NCBITaxon:10090,Mus musculus (house mouse),,,,,True
DRUGBANK:DB10415,Rabbit,UNII:O5V0F26RUW,RABBIT,NCBITaxon:9986,Oryctolagus cuniculus (rabbit),NCIT:C14264,Rabbit,NCIT:C14358 (Leporidae),T015=Mammal,False
DRUGBANK:DB10416,Cavia porcellus skin,UNII:GM3H4U6QS8,CAVIA PORCELLUS SKIN,NCBITaxon:10141,Cavia porcellus (domestic guinea pig),,,,,True
DRUGBANK:DB10417,Periplaneta americana,UNII:2RQ1L9N089,PERIPLANETA AMERICANA,NCBITaxon:6978,Periplaneta americana (American cockroach),,,,,True
DRUGBANK:DB10418,Blatella germanica,UNII:G9O67I0A8Q,BLATTELLA GERMANICA,NCBITaxon:6973,Blattella germanica (German cockroach),NCIT:C87504,Blatella germanica,NCIT:C14227 (Insect),T204=Eukaryote,True
DRUGBANK:DB10419,Solenopsis invicta,UNII:5O7CR4P444,SOLENOPSIS INVICTA,NCBITaxon:13686,Solenopsis invicta (red fire ant),,,,,True
DRUGBANK:DB10420,Gallus gallus feather,UNII:1FCM16V0FV,GALLUS GALLUS FEATHER,NCBITaxon:9031,Gallus gallus (chicken),,,,,True
DRUGBANK:DB10421,Anas platyrhynchos feather,UNII:83B65P4796,ANAS PLATYRHYNCHOS FEATHER,NCBITaxon:8839,Anas platyrhynchos (mallard),,,,,True
DRUGBANK:DB10422,Anser anser feather,UNII:15XI414745,ANSER ANSER FEATHER,NCBITaxon:8843,Anser anser (Domestic goose),,,,,True
DRUGBANK:DB10424,Alternaria alternata,UNII:52B29REC7H,ALTERNARIA ALTERNATA,NCBITaxon:5599,Alternaria alternata,NCIT:C87529,Alternaria alternata,NCIT:C119320 (Alternaria),T004=Fungus,False
DRUGBANK:DB10425,Aspergillus fumigatus,UNII:X88DF51T48,ASPERGILLUS FUMIGATUS,NCBITaxon:5085,,NCIT:C77182,Aspergillus fumigatus,NCIT:C77180 (Aspergillus),T004=Fungus,False
DRUGBANK:DB10426,Aspergillus niger var. niger,UNII:9IOA40ANG6,ASPERGILLUS NIGER VAR. NIGER,NCBITaxon:5061,Aspergillus niger,,,,,False
DRUGBANK:DB10427,Aureobasidium pullulans var. pullutans,UNII:D1A2NG69CK,AUREOBASIDIUM PULLULANS VAR. PULLUTANS,NCBITaxon:178873,,,,,,True
DRUGBANK:DB10428,Botrytis cinerea,UNII:TBW53313S7,BOTRYTIS CINEREA,NCBITaxon:40559,Botrytis cinerea (gray fruit mold),,,,,False
DRUGBANK:DB10429,Candida albicans,UNII:4D7G21HDBC,CANDIDA ALBICANS,NCBITaxon:5476,Candida albicans,NCIT:C77170,Candida albicans,NCIT:C77163 (Candida),T004=Fungus,False
DRUGBANK:DB10430,Chaetomium globosum,UNII:5016WB8B8A,CHAETOMIUM GLOBOSUM,NCBITaxon:38033,Chaetomium globosum,,,,,False
DRUGBANK:DB10431,Cladosporium cladosporioides,UNII:4ZWY20GTGO,CLADOSPORIUM CLADOSPORIOIDES,NCBITaxon:29917,Cladosporium cladosporioides,,,,,False
DRUGBANK:DB10432,Cladosporium sphaerospermum,UNII:P87YCA1U8R,CLADOSPORIUM SPHAEROSPERMUM,NCBITaxon:92950,Cladosporium sphaerospermum,,,,,False
DRUGBANK:DB10433,Cochliobolus sativus,UNII:3LN5B70U4W,COCHLIOBOLUS SATIVUS,NCBITaxon:45130,Bipolaris sorokiniana,,,,,False
DRUGBANK:DB10434,Epicoccum nigrum,UNII:87U156LEN7,EPICOCCUM NIGRUM,NCBITaxon:105696,Epicoccum nigrum,,,,,False
DRUGBANK:DB10435,Fusarium oxysporum vasinfectum,UNII:6M98DC08TZ,FUSARIUM OXYSPORUM VASINFECTUM,NCBITaxon:61374,Fusarium oxysporum f. sp. vasinfectum,,,,,False
DRUGBANK:DB10436,Helminthosporium solani,UNII:U6Z259H815,HELMINTHOSPORIUM SOLANI,NCBITaxon:58128,Helminthosporium solani,,,,,False
DRUGBANK:DB10437,Mucor plumbeus,UNII:D7401PWY6E,MUCOR PLUMBEUS,NCBITaxon:97098,Mucor plumbeus,,,,,False
DRUGBANK:DB10438,Neurospora intermedia,UNII:2072U60DUI,NEUROSPORA INTERMEDIA,NCBITaxon:5142,Neurospora intermedia,,,,,False
DRUGBANK:DB10439,Penicillium chrysogenum var. chrysogenum,UNII:3Y1PE1GCIG,PENICILLIUM CHRYSOGENUM VAR. CHRYSOGENUM,NCBITaxon:5076,Penicillium chrysogenum,,,,,False
DRUGBANK:DB10440,Phoma exigua var. exigua,UNII:8JAG41IE4M,PHOMA EXIGUA VAR. EXIGUA,NCBITaxon:79605,Boeremia exigua var. exigua,,,,,False
DRUGBANK:DB10441,Rhizopus arrhizus var. arrhizus,UNII:8476849N1Y,RHIZOPUS ARRHIZUS,NCBITaxon:64495,Rhizopus arrhizus,,,,,True
DRUGBANK:DB10442,Rhodotorula rubra,UNII:15W81V867R,RHODOTORULA RUBRA,NCBITaxon:5537,Rhodotorula mucilaginosa,NCIT:C87517,Rhodotorula rubra,NCIT:C124370 (Rhodotorula),T004=Fungus,False
DRUGBANK:DB10443,Ustilago maydis,UNII:4K7Z7K7SWG,USTILAGO MAYDIS,NCBITaxon:5270,Mycosarcoma maydis (corn smut),NCIT:C87523,Ustilago maydis,NCIT:C125979 (Ustilago),T004=Fungus,True
DRUGBANK:DB10444,Ustilago tritici,UNII:BV82OL2IZ8,USTILAGO TRITICI,NCBITaxon:117174,Ustilago tritici,NCIT:C87525,Ustilago tritici,NCIT:C125979 (Ustilago),T004=Fungus,True
DRUGBANK:DB10445,Stemphylium solani,UNII:1IEK4UDP5M,STEMPHYLIUM SOLANI,NCBITaxon:110364,Stemphylium solani,,,,,False
DRUGBANK:DB10446,Trichophyton mentagrophytes,UNII:199I7J3JIV,TRICHOPHYTON MENTAGROPHYTES,NCBITaxon:523103,Trichophyton mentagrophytes,,,,,False
DRUGBANK:DB10447,Saccharomyces cerevisiae,UNII:978D8U419H,SACCHAROMYCES CEREVISIAE,NCBITaxon:4932,Saccharomyces cerevisiae (brewer's yeast),NCIT:C14271,Saccharomyces cerevisiae,NCIT:C77167 (Ascomycota),T004=Fungus,False
DRUGBANK:DB10448,Aspergillus oryzae,UNII:Q6Z8UK5R3G,ASPERGILLUS FLAVUS VAR. ORYZAE,NCBITaxon:5062,Aspergillus oryzae,NCIT:C87507,Aspergillus flavus var. oryzae,NCIT:C77180 (Aspergillus),T004=Fungus,False
DRUGBANK:DB10449,Aspergillus repens,UNII:SQ89E6LOME,ASPERGILLUS REPENS,NCBITaxon:469278,,NCIT:C87509,Aspergillus repens,NCIT:C77180 (Aspergillus),T004=Fungus,False
DRUGBANK:DB10450,Aspergillus terreus,UNII:QBN8K7055X,ASPERGILLUS TERREUS,NCBITaxon:33178,Aspergillus terreus,NCIT:C87511,Aspergillus terreus,NCIT:C77180 (Aspergillus),T004=Fungus,False
DRUGBANK:DB10499,Felis catus hair,UNII:1564HD0N96,FELIS CATUS HAIR,NCBITaxon:9685,Felis catus (domestic cat),NCIT:C80294,Felis catus Hair,NCIT:C106128 (Animal-based Natural Product),T121=Pharmacologic Substance|T129=Immunologic Factor,True
DRUGBANK:DB10516,Casein,UNII:48268V50D5,CASEIN,NCBITaxon:9913,Bos taurus (domestic cattle),NCIT:C73337,Casein,NCIT:C210691 (Protein Supplement),"T116=Amino Acid, Peptide, or Protein|T121=Pharmacologic Substance",True
DRUGBANK:DB10519,Chicken,UNII:0X8Q245Y7B,CHICKEN,NCBITaxon:9031,Gallus gallus (chicken),NCIT:C14193,Chicken,NCIT:C14189 (Aves),T012=Bird,False
DRUGBANK:DB10526,Red king crab,UNII:E88KKF623O,RED KING CRAB,NCBITaxon:6741,Paralithodes camtschaticus (red king crab),,,,,False
DRUGBANK:DB10531,Flounder,UNII:F8PTG78KRB,SOUTHERN FLOUNDER,NCBITaxon:141886,Paralichthys lethostigma (southern flounder),,,,,True
DRUGBANK:DB10541,Lobster,UNII:6T362S6JF6,AMERICAN LOBSTER,NCBITaxon:6706,Homarus americanus (American lobster),,,,,True
DRUGBANK:DB10544,Cultivated mushroom,UNII:54C8E6W6JY,CULTIVATED MUSHROOM,NCBITaxon:5341,Agaricus bisporus (cultivated mushroom),NCIT:C71949,Mushroom Extract,NCIT:C1505 (Dietary Supplement),T168=Food,True
DRUGBANK:DB10581,Khuskia oryzae,UNII:VK8C112WTS,KHUSKIA ORYZAE,NCBITaxon:114231,Nigrospora sphaerica,,,,,False
DRUGBANK:DB10603,Meriones unguiculatus skin,UNII:9WN2H714TG,MERIONES UNGUICULATUS SKIN,NCBITaxon:10047,Meriones unguiculatus (Mongolian gerbil),,,,,True
DRUGBANK:DB10604,Capra hircus skin,UNII:JLG9853E2P,CAPRA HIRCUS SKIN,NCBITaxon:9925,Capra hircus (goat),,,,,True
DRUGBANK:DB10605,Mesocricetus auratus skin,UNII:3K873H631W,MESOCRICETUS AURATUS SKIN,NCBITaxon:10036,Mesocricetus auratus (golden hamster),,,,,True
DRUGBANK:DB10606,Sus scrofa skin,UNII:3EM4VW6TQN,SUS SCROFA SKIN,NCBITaxon:9823,Sus scrofa (pig),,,,,True
DRUGBANK:DB10607,Oryctolagus cuniculus skin,UNII:Z91WAU43WC,ORYCTOLAGUS CUNICULUS SKIN,NCBITaxon:9986,Oryctolagus cuniculus (rabbit),,,,,True
DRUGBANK:DB10608,Rattus norvegicus skin,UNII:Y69HPD48AI,RATTUS NORVEGICUS SKIN,NCBITaxon:10116,Rattus norvegicus (Norway rat),,,,,True
DRUGBANK:DB10609,Bombyx mori fiber,UNII:6LK42KUV6W,BOMBYX MORI FIBER,NCBITaxon:7091,Bombyx mori (domestic silkworm),NCIT:C79611,Plant Part,NCIT:C106104 (Plant-based Natural Product),T002=Plant,True
DRUGBANK:DB10614,Common carp,UNII:ZB2SV6JJY5,COMMON CARP,NCBITaxon:7962,Cyprinus carpio (common carp),,,,,False
DRUGBANK:DB10615,Haddock,UNII:0WLY635722,HADDOCK,NCBITaxon:8056,Melanogrammus aeglefinus (haddock),,,,,False
DRUGBANK:DB10616,Pacific halibut,UNII:BKZ683617P,PACIFIC HALIBUT,NCBITaxon:195615,Hippoglossus stenolepis (Pacific halibut),,,,,False
DRUGBANK:DB10621,Atlantic salmon,UNII:7062I37LB3,ATLANTIC SALMON,NCBITaxon:8030,Salmo salar (Atlantic salmon),,,,,False
DRUGBANK:DB10622,European pilchard,UNII:76780GX08D,EUROPEAN PILCHARD,NCBITaxon:27697,Sardina pilchardus (European sardine),,,,,True
DRUGBANK:DB10688,Musca domestica,UNII:PV7823W303,MUSCA DOMESTICA,NCBITaxon:7370,Musca domestica (house fly),NCIT:C87500,Musca domestica,NCIT:C14197 (Diptera),T204=Eukaryote,True
DRUGBANK:DB10690,Ctenocephalides canis,UNII:LN7IM9RDEA,CTENOCEPHALIDES CANIS,NCBITaxon:50434,Ctenocephalides canis (dog flea),,,,,True
DRUGBANK:DB10691,Aedes taeniorhynchus,UNII:BN2DNW66IQ,AEDES TAENIORHYNCHUS,NCBITaxon:329105,Ochlerotatus taeniorhynchus,NCIT:C87499,Aedes taeniorhynchus,NCIT:C14197 (Diptera),T204=Eukaryote,True
DRUGBANK:DB10693,Ctenocephalides felis,UNII:5X9Y89ENI9,CTENOCEPHALIDES FELIS,NCBITaxon:7515,Ctenocephalides felis (cat flea),,,,,True
DRUGBANK:DB10694,Aspergillus flavus,UNII:3J888Y9L13,ASPERGILLUS FLAVUS,NCBITaxon:5059,Aspergillus flavus,NCIT:C77181,Aspergillus flavus,NCIT:C77180 (Aspergillus),T004=Fungus,False
DRUGBANK:DB10695,Eurotium herbariorum,UNII:49W168AES4,EUROTIUM HERBARIORUM,NCBITaxon:41413,Aspergillus glaucus,,,,,False
DRUGBANK:DB10696,Trichothecium roseum,UNII:TGO054E31O,TRICHOTHECIUM ROSEUM,NCBITaxon:47278,Trichothecium roseum,,,,,False
DRUGBANK:DB10697,Curvularia inaequalis,UNII:W042YAB8JC,CURVULARIA INAEQUALIS,NCBITaxon:38902,Curvularia inaequalis,,,,,True
DRUGBANK:DB10699,Geotrichum candidum,UNII:5964J742O8,GEOTRICHUM CANDIDUM,NCBITaxon:27317,Geotrichum galactomycetum,,,,,False
DRUGBANK:DB10700,Phoma glomerata,UNII:UPX000VMIF,PHOMA GLOMERATA,NCBITaxon:93145,,,,,,False
DRUGBANK:DB10701,Rhodotorula mucilaginosa,UNII:62TY3X4N9Z,RHODOTORULA MUCILAGINOSA,NCBITaxon:5537,Rhodotorula mucilaginosa,NCIT:C86027,Rhodotorula mucilaginosa,NCIT:C124370 (Rhodotorula),T004=Fungus,False
DRUGBANK:DB10702,Stemphylium sarciniforme,UNII:XQ14H1462M,STEMPHYLIUM SARCINIFORME,NCBITaxon:119934,Stemphylium sarciniforme,,,,,False
DRUGBANK:DB10703,Trichoderma harzianum,UNII:CA33Q4013Q,TRICHODERMA HARZIANUM,NCBITaxon:5544,Trichoderma harzianum,,,,,False
DRUGBANK:DB10704,Ustilago avenae,UNII:YIH315U1TU,USTILAGO AVENAE,NCBITaxon:120650,Ustilago avenae,NCIT:C87521,Ustilago avenae,NCIT:C125979 (Ustilago),T004=Fungus,True
DRUGBANK:DB10705,Tilletia caries,UNII:C7000B9PQI,TILLETIA CARIES,NCBITaxon:13290,Tilletia caries (wheat bunt fungus),NCIT:C87520,Tilletia caries,NCIT:C77169 (Basidiomycota),T004=Fungus,False
DRUGBANK:DB10706,Puccinia graminis,UNII:O0HJ02QBWN,PUCCINIA GRAMINIS,NCBITaxon:5297,Puccinia graminis (wheat stem rust),NCIT:C87514,Puccinia graminis,NCIT:C77169 (Basidiomycota),T004=Fungus,True
DRUGBANK:DB10769,Japanese encephalitis virus strain sa 14-14-2 antigen (formaldehyde inactivated),UNII:DZ854I04ZE,JAPANESE ENCEPHALITIS VIRUS STRAIN SA 14-14-2 ANTIGEN (FORMALDEHYDE INACTIVATED),NCBITaxon:11072,Japanese encephalitis virus,NCIT:C75796,Japanese Encephalitis Virus Strain SA 14-14-2 Antigen (Formaldehyde Inactivated),NCIT:C268 (Antigen),"T116=Amino Acid, Peptide, or Protein|T121=Pharmacologic Substance|T129=Immunologic Factor",False
DRUGBANK:DB10770,Foreskin fibroblast (neonatal),UNII:T34C307W5N,FORESKIN FIBROBLAST (NEONATAL),NCBITaxon:9606,Homo sapiens (human),,,,,False
DRUGBANK:DB10772,Foreskin keratinocyte (neonatal),UNII:ZJO8CP3Q2A,FORESKIN KERATINOCYTE (NEONATAL),NCBITaxon:9606,Homo sapiens (human),,,,,False
DRUGBANK:DB10787,Bordetella pertussis toxoid antigen (glutaraldehyde inactivated),UNII:F4TN0IPY37,BORDETELLA PERTUSSIS TOXOID ANTIGEN (GLUTARALDEHYDE INACTIVATED),NCBITaxon:520,Bordetella pertussis,NCIT:C77701,Bordetella pertussis Toxoid Antigen (Glutaraldehyde Inactivated),NCIT:C75948 (Bordetella Pertussis Antigen),"T116=Amino Acid, Peptide, or Protein|T121=Pharmacologic Substance|T129=Immunologic Factor",False
DRUGBANK:DB10790,Bordetella pertussis fimbriae 2/3 antigen,UNII:1O0600285A,BORDETELLA PERTUSSIS FIMBRIAE 2/3 ANTIGEN,NCBITaxon:520,Bordetella pertussis,NCIT:C77698,Bordetella pertussis Fimbriae 2/3 Antigen,NCIT:C75948 (Bordetella Pertussis Antigen),"T116=Amino Acid, Peptide, or Protein|T121=Pharmacologic Substance|T129=Immunologic Factor",False
DRUGBANK:DB10795,Poliovirus type 1 antigen (formaldehyde inactivated),UNII:0LVY784C09,POLIOVIRUS TYPE 1 ANTIGEN (FORMALDEHYDE INACTIVATED),NCBITaxon:12080,Poliovirus 1,NCIT:C80616,Poliovirus Type 1 Antigen (Formaldehyde Inactivated),NCIT:C75716 (Poliovirus Antigen),T121=Pharmacologic Substance|T129=Immunologic Factor,False
DRUGBANK:DB10796,Poliovirus type 2 antigen (formaldehyde inactivated),UNII:23JE9KDF4R,POLIOVIRUS TYPE 2 ANTIGEN (FORMALDEHYDE INACTIVATED),NCBITaxon:12083,Poliovirus 2,NCIT:C80617,Poliovirus Type 2 Antigen (Formaldehyde Inactivated),NCIT:C75716 (Poliovirus Antigen),T121=Pharmacologic Substance|T129=Immunologic Factor,False
DRUGBANK:DB10797,Poliovirus type 3 antigen (formaldehyde inactivated),UNII:459ROM8M9M,POLIOVIRUS TYPE 3 ANTIGEN (FORMALDEHYDE INACTIVATED),NCBITaxon:12086,Poliovirus 3,NCIT:C80618,Poliovirus Type 3 Antigen (Formaldehyde Inactivated),NCIT:C75716 (Poliovirus Antigen),T121=Pharmacologic Substance|T129=Immunologic Factor,False
DRUGBANK:DB10798,Neisseria meningitidis group a capsular polysaccharide diphtheria toxoid conjugate antigen,UNII:RE9A0H8OAB,NEISSERIA MENINGITIDIS GROUP A CAPSULAR POLYSACCHARIDE DIPHTHERIA TOXOID CONJUGATE ANTIGEN,NCBITaxon:65699,Neisseria meningitidis serogroup A,NCIT:C77757,Neisseria meningitidis Group A Capsular Polysaccharide Diphtheria Toxoid Conjugate Antigen,NCIT:C75802 (Neisseria meningitidis Antigen),"T116=Amino Acid, Peptide, or Protein|T121=Pharmacologic Substance|T129=Immunologic Factor",False
DRUGBANK:DB10800,Neisseria meningitidis group y capsular polysaccharide diphtheria toxoid conjugate antigen,UNII:MI340WV90B,NEISSERIA MENINGITIDIS GROUP Y CAPSULAR POLYSACCHARIDE DIPHTHERIA TOXOID CONJUGATE ANTIGEN,NCBITaxon:487,Neisseria meningitidis,NCIT:C77763,Neisseria meningitidis Group Y Capsular Polysaccharide Diphtheria Toxoid Conjugate Antigen,NCIT:C75802 (Neisseria meningitidis Antigen),"T116=Amino Acid, Peptide, or Protein|T121=Pharmacologic Substance|T129=Immunologic Factor",False
DRUGBANK:DB10801,Neisseria meningitidis group w-135 capsular polysaccharide diphtheria toxoid conjugate antigen,UNII:Z6R9D1D3KJ,NEISSERIA MENINGITIDIS GROUP W-135 CAPSULAR POLYSACCHARIDE DIPHTHERIA TOXOID CONJUGATE ANTIGEN,NCBITaxon:487,Neisseria meningitidis,NCIT:C77761,Neisseria meningitidis Group W-135 Capsular Polysaccharide Diphtheria Toxoid Conjugate Antigen,NCIT:C75802 (Neisseria meningitidis Antigen),"T116=Amino Acid, Peptide, or Protein|T121=Pharmacologic Substance|T129=Immunologic Factor",False
DRUGBANK:DB10804,Bacillus calmette-guerin substrain connaught live antigen,UNII:5H5854UBMZ,BACILLUS CALMETTE-GUERIN SUBSTRAIN CONNAUGHT LIVE ANTIGEN,NCBITaxon:33892,Mycobacterium tuberculosis variant bovis BCG,NCIT:C77694,Bacillus Calmette-Guerin Substrain Connaught Live Antigen,NCIT:C77178 (Bacillus Calmette-Guerin Antigen),"T116=Amino Acid, Peptide, or Protein|T121=Pharmacologic Substance|T129=Immunologic Factor",False
DRUGBANK:DB10805,Yellow fever vaccine,UNII:PY4EET359T,YELLOW FEVER VIRUS STRAIN 17D-204 LIVE ANTIGEN,NCBITaxon:11089,Yellow fever virus,NCIT:C77800,Yellow Fever Virus Strain 17D-204 Live Antigen,NCIT:C75857 (Yellow Fever Virus Antigen),"T109=Organic Chemical|T116=Amino Acid, Peptide, or Protein|T121=Pharmacologic Substance|T129=Immunologic Factor",False
DRUGBANK:DB10806,Fusarium oxysporum,UNII:5398RXP8KU,FUSARIUM OXYSPORUM,NCBITaxon:5507,Fusarium oxysporum,,,,,False
DRUGBANK:DB10807,Candida tropicalis,UNII:Q222J2186W,CANDIDA TROPICALIS,NCBITaxon:5482,Candida tropicalis,NCIT:C77177,Candida tropicalis,NCIT:C77163 (Candida),T004=Fungus,False
DRUGBANK:DB10808,Mucor racemosus,UNII:17RH99LQ7G,MUCOR RACEMOSUS,NCBITaxon:4841,Mucor racemosus,,,,,True
DRUGBANK:DB10809,Penicillium camemberti,UNII:T069R9OPVG,PENICILLIUM CAMEMBERTI,NCBITaxon:5075,Penicillium camemberti,,,,,False
DRUGBANK:DB10810,Penicillium expansum,UNII:1XSC3BB35Z,PENICILLIUM EXPANSUM,NCBITaxon:27334,Penicillium expansum,,,,,False
DRUGBANK:DB10811,Penicillium italicum,UNII:AZJ5XKM7W3,PENICILLIUM ITALICUM,NCBITaxon:40296,Penicillium italicum,,,,,False
DRUGBANK:DB10812,Penicillium roqueforti,UNII:7ORP6R724L,PENICILLIUM ROQUEFORTI,NCBITaxon:5082,Penicillium roqueforti,,,,,True
DRUGBANK:DB10813,Phoma destructiva,UNII:A17SE577FM,PHOMA DESTRUCTIVA,NCBITaxon:134531,Remotididymella destructiva,,,,,False
DRUGBANK:DB10814,Rhizopus stolonifer,UNII:FEE198DK4Q,RHIZOPUS STOLONIFER,NCBITaxon:4846,Rhizopus stolonifer,,,,,False
DRUGBANK:DB10817,Passalora fulva,UNII:HR6H5057CO,PASSALORA FULVA,NCBITaxon:5499,Fulvia fulva,,,,,False
DRUGBANK:DB10818,Cochliobolus spicifer,UNII:91M9RWP3TD,COCHLIOBOLUS SPICIFER,NCBITaxon:145392,Curvularia spicifera,,,,,False
DRUGBANK:DB10819,Myrothecium verrucaria,UNII:8Z8C642TPL,GLIOCLADIUM VIRIDE,NCBITaxon:73577,Gliocladium viride,,,,,True
DRUGBANK:DB10820,Hypomyces perniciosus,UNII:6K41G30A6U,HYPOMYCES PERNICIOSUS,NCBITaxon:494059,Mycogone perniciosa,,,,,False
DRUGBANK:DB10821,Neurospora crassa,UNII:1X92VM01YP,NEUROSPORA CRASSA,NCBITaxon:5141,Neurospora crassa,,,,,False
DRUGBANK:DB10822,Paecilomyces variotii,UNII:KO7V58BY40,PAECILOMYCES VARIOTII,NCBITaxon:264951,Paecilomyces variotii,,,,,False
DRUGBANK:DB10823,Microascus brevicaulis,UNII:DHI513VXU7,MICROASCUS BREVICAULIS,NCBITaxon:561152,Scopulariopsis brevicaulis (arsenic fungus),,,,,False
DRUGBANK:DB10824,Colletotrichum coccodes,UNII:Y0M7LGE3Z8,COLLETOTRICHUM COCCODES,NCBITaxon:27358,Colletotrichum coccodes,,,,,False
DRUGBANK:DB10825,Pleospora herbarum,UNII:0N3Z1P4B2W,PLEOSPORA HERBARUM,NCBITaxon:33177,,,,,,False
DRUGBANK:DB10826,Streptomyces griseus,UNII:G0O5980Z7W,STREPTOMYCES GRISEUS,NCBITaxon:1911,Streptomyces griseus,NCIT:C86813,Streptomyces griseus,NCIT:C14278 (Streptomyces),T007=Bacterium,False
DRUGBANK:DB10827,Trichoderma viride,UNII:T8678F0P0Q,TRICHODERMA VIRIDE,NCBITaxon:5547,Trichoderma viride,,,,,False
DRUGBANK:DB10828,Trichophyton schoenleinii,UNII:Z4MD1809H1,TRICHOPHYTON SCHOENLEINII,NCBITaxon:34386,Trichophyton schoenleinii,,,,,False
DRUGBANK:DB10834,Ustilago cynodontis,UNII:0V3J4YEX2W,USTILAGO CYNODONTIS,NCBITaxon:63396,Ustilago cynodontis,NCIT:C87522,Ustilago cynodontis,NCIT:C125979 (Ustilago),T004=Fungus,True
DRUGBANK:DB10835,Ustilago nuda hordei,UNII:9Y53ZS6I82,USTILAGO NUDA,NCBITaxon:86802,Ustilago nuda,NCIT:C87524,Ustilago nuda hordei,NCIT:C125979 (Ustilago),T121=Pharmacologic Substance|T129=Immunologic Factor,True
DRUGBANK:DB10839,Mycocladus corymbiferus,UNII:1M4E76V32I,LICHTHEIMIA CORYMBIFERA,NCBITaxon:42458,Lichtheimia corymbifera,,,,,False
DRUGBANK:DB10841,Humicola grisea,UNII:RZ55S3AQOJ,HUMICOLA GRISEA,NCBITaxon:5527,,,,,,False
DRUGBANK:DB10842,Microsporum audouinii,UNII:B7B86Y84R8,MICROSPORUM AUDOUINII,NCBITaxon:34393,Microsporum audouinii,,,,,False
DRUGBANK:DB10843,Microsporum canis,UNII:N4F4RQ7BY7,MICROSPORUM CANIS,NCBITaxon:82078,,,,,,False
DRUGBANK:DB10844,Apiospora montagnei,UNII:49VI1ZSO06,APIOSPORA MONTAGNEI,NCBITaxon:255776,Apiospora montagnei,,,,,False
DRUGBANK:DB10845,Phycomyces blakesleeanus,UNII:41Y752Y34M,PHYCOMYCES BLAKESLEEANUS,NCBITaxon:4837,Phycomyces blakesleeanus,,,,,True
DRUGBANK:DB10846,Sporotrichum pruinosum,UNII:H20KU95UBG,PHANERODONTIA CHRYSOSPORIUM,NCBITaxon:5306,,NCIT:C87519,Sporotrichum pruinosum,NCIT:C77169 (Basidiomycota),T004=Fungus,True
DRUGBANK:DB10847,Stachybotrys chartarum,UNII:HJ4L70T1ZP,STACHYBOTRYS CHARTARUM,NCBITaxon:74722,Stachybotrys chartarum,,,,,False
DRUGBANK:DB10848,Syncephalastrum racemosum,UNII:2VWV12V9WR,SYNCEPHALASTRUM RACEMOSUM,NCBITaxon:13706,Syncephalastrum racemosum,,,,,False
DRUGBANK:DB10850,Verticillium albo-atrum,UNII:X92O101CS2,VERTICILLIUM ALBO-ATRUM,NCBITaxon:27335,Verticillium albo-atrum,,,,,False
DRUGBANK:DB10851,White catfish,UNII:UVP9UR815M,WHITE CATFISH,NCBITaxon:66911,Ameiurus catus (white catfish),,,,,False
DRUGBANK:DB10855,Opilio crab,UNII:PQD7ZSO3DU,OPILIO CRAB,NCBITaxon:41210,Chionoecetes opilio (snow crab),,,,,False
DRUGBANK:DB10856,Bos taurus hair,UNII:TOQ97Z8644,BOS TAURUS HAIR,NCBITaxon:9913,Bos taurus (domestic cattle),,,,,False
DRUGBANK:DB10857,Serinus canaria feather,UNII:9EL3384IQY,SERINUS CANARIA FEATHER,NCBITaxon:9135,Serinus canaria (Common canary),,,,,True
DRUGBANK:DB10861,Atlantic cod,UNII:RPX7J99EXW,ATLANTIC COD,NCBITaxon:8049,Gadus morhua (Atlantic cod),,,,,False
DRUGBANK:DB10865,Cladosporium herbarum,UNII:O64JF11198,CLADOSPORIUM HERBARUM,NCBITaxon:29918,Cladosporium herbarum,,,,,False
DRUGBANK:DB10866,Acheta domesticus,UNII:P9S201X6LH,ACHETA DOMESTICUS,NCBITaxon:6997,Acheta domesticus (house cricket),,,,,True
DRUGBANK:DB10867,Canis lupus familiaris hair,UNII:05S7L91ZTR,CANIS LUPUS FAMILIARIS HAIR,NCBITaxon:9615,Canis lupus familiaris (dog),,,,,True
DRUGBANK:DB10868,Odocoileus virginianus hair,UNII:C27W02JU62,ODOCOILEUS VIRGINIANUS HAIR,NCBITaxon:9874,Odocoileus virginianus (white-tailed deer),,,,,True
DRUGBANK:DB10870,Epidermophyton floccosum,UNII:6JR6JTN25S,EPIDERMOPHYTON FLOCCOSUM,NCBITaxon:34391,Epidermophyton floccosum,,,,,False
DRUGBANK:DB10873,Sporisorium cruentum,UNII:GQM6LVU5V8,SPORISORIUM CRUENTUM,NCBITaxon:185361,Sporisorium cruentum,NCIT:C87518,Sporisorium cruentum,NCIT:C77169 (Basidiomycota),T004=Fungus,True
DRUGBANK:DB10874,Goose,UNII:83DC4O5TD3,GOOSE,NCBITaxon:8843,Anser anser (Domestic goose),,,,,False
DRUGBANK:DB10876,Capra hircus hair,UNII:16M9MK8C4W,CAPRA HIRCUS HAIR,NCBITaxon:9925,Capra hircus (goat),,,,,True
DRUGBANK:DB10877,Cavia porcellus hair,UNII:KBA5Y6X57N,CAVIA PORCELLUS HAIR,NCBITaxon:10141,Cavia porcellus (domestic guinea pig),,,,,False
DRUGBANK:DB10880,Equus caballus hair,UNII:4F35XG0149,EQUUS CABALLUS HAIR,NCBITaxon:9796,Equus caballus (horse),,,,,True
DRUGBANK:DB10881,Sus scrofa hair,UNII:7Q7T9Z7QUW,SUS SCROFA HAIR,NCBITaxon:9823,Sus scrofa (pig),,,,,False
DRUGBANK:DB10893,Melopsittacus undulatus feather,UNII:1XY644QKWG,MELOPSITTACUS UNDULATUS FEATHER,NCBITaxon:13146,Melopsittacus undulatus (budgerigar),,,,,True
DRUGBANK:DB10898,Oryctolagus cuniculus hair,UNII:09N62XQ70Y,ORYCTOLAGUS CUNICULUS HAIR,NCBITaxon:9986,Oryctolagus cuniculus (rabbit),,,,,True
DRUGBANK:DB10903,Sitotroga cerealella,UNII:9T28I7BPNO,SITOTROGA CEREALELLA,NCBITaxon:347735,Sitotroga cerealella,,,,,True
DRUGBANK:DB10904,English sole,UNII:00CR8124AS,ENGLISH SOLE,NCBITaxon:172659,Parophrys vetulus (English sole),,,,,False
DRUGBANK:DB10908,Platanus hybrida pollen,UNII:77X11O684J,PLATANUS X ACERIFOLIA POLLEN,NCBITaxon:140101,Platanus x hispanica (London plane tree),NCIT:C85316,Platanus X Acerifolia Pollen,NCIT:C79660 (Pollen),T121=Pharmacologic Substance|T129=Immunologic Factor,True
DRUGBANK:DB10915,Trichophyton rubrum,UNII:2ZAU32517N,TRICHOPHYTON RUBRUM,NCBITaxon:5551,Trichophyton rubrum,,,,,False
DRUGBANK:DB10933,Cochliobolus lunatus,UNII:4T82EA86AJ,COCHLIOBOLUS LUNATUS,NCBITaxon:5503,Curvularia lunata,,,,,True
DRUGBANK:DB10934,Haematonectria haematococca,UNII:7TLR512M4A,HAEMATONECTRIA HAEMATOCOCCA,NCBITaxon:140110,,,,,,True
DRUGBANK:DB10935,Chrysonilia sitophila,UNII:296FK85FY6,CHRYSONILIA SITOPHILA,NCBITaxon:40126,Neurospora sitophila,,,,,True
DRUGBANK:DB10937,Puccinia striiformis var. striiformis,UNII:9NLW29GJAX,PUCCINIA STRIIFORMIS,NCBITaxon:27350,Puccinia striiformis,NCIT:C87515,Puccinia striiformis var. striiformis,NCIT:C77169 (Basidiomycota),T004=Fungus,True
DRUGBANK:DB10939,Pleospora tarda,UNII:TPL549N9R8,PLEOSPORA TARDA,NCBITaxon:120510,Stemphylium botryosum,,,,,False
DRUGBANK:DB10955,Apis mellifera venom,UNII:76013O881M,APIS MELLIFERA VENOM,NCBITaxon:7460,Apis mellifera (honey bee),,,,,False
DRUGBANK:DB10956,Vespula maculifrons venom protein,UNII:V34908RT03,VESPULA MACULIFRONS VENOM PROTEIN,NCBITaxon:7453,Vespula maculifrons (eastern yellowjacket),,,,,False
DRUGBANK:DB10957,Dolichovespula arenaria venom protein,UNII:7PI26E943G,DOLICHOVESPULA ARENARIA VENOM PROTEIN,NCBITaxon:7442,Dolichovespula arenaria,,,,,True
DRUGBANK:DB10958,Dolichovespula maculata venom protein,UNII:J8DAZ3T66L,DOLICHOVESPULA MACULATA VENOM PROTEIN,NCBITaxon:7441,Dolichovespula maculata (bald-faced hornet),,,,,False
DRUGBANK:DB10959,Polistes fuscatus venom protein,UNII:AKT0E6058K,POLISTES FUSCATUS VENOM PROTEIN,NCBITaxon:30207,Polistes fuscatus (common paper wasp),,,,,False
DRUGBANK:DB10966,Sorghum bicolor subsp. drummondii pollen,UNII:B43R30VP73,SORGHUM X DRUMMONDII POLLEN,NCBITaxon:171959,Sorghum x drummondii (Sudan grass),,,,,True
DRUGBANK:DB10969,Neurospora sitophila,UNII:I9D9Z5GCW5,NEUROSPORA SITOPHILA,NCBITaxon:40126,Neurospora sitophila,,,,,False
DRUGBANK:DB10970,Trichophyton tonsurans,UNII:JY1BE33I3Y,TRICHOPHYTON TONSURANS,NCBITaxon:34387,Trichophyton tonsurans,,,,,False
DRUGBANK:DB10973,Thermomyces lanuginosus,UNII:YI3WT83KTW,THERMOMYCES LANUGINOSUS,NCBITaxon:5541,Thermomyces lanuginosus,,,,,False
DRUGBANK:DB10974,Trichosporon cutaneum,UNII:5EUI19VT92,TRICHOSPORON CUTANEUM,NCBITaxon:5554,Cutaneotrichosporon cutaneum,,,,,False
DRUGBANK:DB10976,Largemouth bass,UNII:XC209ITL3J,LARGEMOUTH BASS,NCBITaxon:27706,Micropterus salmoides (largemouth bass),,,,,False
DRUGBANK:DB10979,Blue crab,UNII:8J18RFO4A8,BLUE CRAB,NCBITaxon:6763,Callinectes sapidus (blue crab),,,,,False
DRUGBANK:DB10991,"Bordetella pertussis toxoid antigen (formaldehyde, glutaraldehyde inactivated)",UNII:QSN5XO8ZSU,"BORDETELLA PERTUSSIS TOXOID ANTIGEN (FORMALDEHYDE, GLUTARALDEHYDE INACTIVATED)",NCBITaxon:520,Bordetella pertussis,NCIT:C77702,"Bordetella pertussis Toxoid Antigen (Formaldehyde, Glutaraldehyde Inactivated)",NCIT:C75948 (Bordetella Pertussis Antigen),"T116=Amino Acid, Peptide, or Protein|T121=Pharmacologic Substance|T129=Immunologic Factor",False
DRUGBANK:DB10992,Bordetella pertussis pertactin antigen (formaldehyde inactivated),UNII:I05O535NV6,BORDETELLA PERTUSSIS PERTACTIN ANTIGEN (FORMALDEHYDE INACTIVATED),NCBITaxon:520,Bordetella pertussis,NCIT:C77700,Bordetella pertussis Pertactin Antigen (Formaldehyde Inactivated),NCIT:C75948 (Bordetella Pertussis Antigen),"T116=Amino Acid, Peptide, or Protein|T121=Pharmacologic Substance|T129=Immunologic Factor",False
DRUGBANK:DB10997,Autologous cultured chondrocytes,UNII:D5P3K3V822,AUTOLOGOUS CULTURED CHONDROCYTES,NCBITaxon:9606,Homo sapiens (human),NCIT:C87436,Autologous Cultured Chondrocytes,NCIT:C62712 (Non-Tumor Cell Derivative Vaccine),T025=Cell|T121=Pharmacologic Substance,False
DRUGBANK:DB11018,Canis lupus familiaris dander,UNII:11JCK302I4,CANIS LUPUS FAMILIARIS DANDER,NCBITaxon:9615,Canis lupus familiaris (dog),,,,,False
DRUGBANK:DB11019,Cavia porcellus dander,UNII:84Q71TU5SU,CAVIA PORCELLUS DANDER,NCBITaxon:10141,Cavia porcellus (domestic guinea pig),,,,,False
DRUGBANK:DB11020,Bos taurus dander,UNII:C8VYS726O8,BOS TAURUS DANDER,NCBITaxon:9913,Bos taurus (domestic cattle),,,,,False
DRUGBANK:DB11021,Equus caballus dander,UNII:J81SZ18495,EQUUS CABALLUS DANDER,NCBITaxon:9796,Equus caballus (horse),,,,,False
DRUGBANK:DB11022,Aspergillus nidulans,UNII:242A53RB80,ASPERGILLUS NIDULANS,NCBITaxon:162425,Aspergillus nidulans,,,,,False
DRUGBANK:DB11023,Penicillium digitatum,UNII:1SB49SV239,PENICILLIUM DIGITATUM,NCBITaxon:36651,Penicillium digitatum,,,,,False
DRUGBANK:DB11025,Dendryphiella vinosa,UNII:7S6NW5FH8X,DENDRYPHIELLA VINOSA,NCBITaxon:361444,Dendryphiella vinosa,,,,,False
DRUGBANK:DB11026,Solenopsis richteri,UNII:739684T11W,SOLENOPSIS RICHTERI,NCBITaxon:30203,Solenopsis richteri (black fire ant),,,,,True
DRUGBANK:DB11027,Polistes annularis venom protein,UNII:987GS3GJZX,POLISTES ANNULARIS VENOM PROTEIN,NCBITaxon:27505,Polistes annularis,,,,,False
DRUGBANK:DB11028,Polistes exclamans venom protein,UNII:L0L5D5D9BQ,POLISTES EXCLAMANS VENOM PROTEIN,NCBITaxon:27506,Polistes exclamans (Guinea paper wasp),,,,,False
DRUGBANK:DB11029,Polistes metricus venom protein,UNII:ZN217W5Y50,POLISTES METRICUS VENOM PROTEIN,NCBITaxon:91422,Polistes metricus,,,,,False
DRUGBANK:DB11030,Vespula germanica venom protein,UNII:8SH7583MUK,VESPULA GERMANICA VENOM PROTEIN,NCBITaxon:30212,Vespula germanica,,,,,False
DRUGBANK:DB11031,Vespula pensylvanica venom protein,UNII:Q79PS8P34R,VESPULA PENSYLVANICA VENOM PROTEIN,NCBITaxon:30213,Vespula pensylvanica (western yellowjacket),,,,,False
DRUGBANK:DB11032,Vespula squamosa venom protein,UNII:D7974DM2EJ,VESPULA SQUAMOSA VENOM PROTEIN,NCBITaxon:30214,Vespula squamosa,,,,,False
DRUGBANK:DB11033,Vespula vulgaris venom protein,UNII:S125N1F5X5,VESPULA VULGARIS VENOM PROTEIN,NCBITaxon:7454,Vespula vulgaris,,,,,False
DRUGBANK:DB11050,Typhoid Vaccine Live,UNII:0MZI008M96,SALMONELLA TYPHI TY21A LIVE ANTIGEN,NCBITaxon:90370,Salmonella enterica subsp. enterica serovar Typhi,NCIT:C77766,Salmonella typhi Ty21a Live Antigen,NCIT:C75819 (Salmonella Typhi Antigen),T121=Pharmacologic Substance|T129=Immunologic Factor,False
DRUGBANK:DB11051,Azficel-T,UNII:022461SR75,AZFICEL-T,NCBITaxon:9606,Homo sapiens (human),NCIT:C142945,Azficel-T,NCIT:C208191 (Cell Therapy Agent),"T116=Amino Acid, Peptide, or Protein|T121=Pharmacologic Substance",False
DRUGBANK:DB11054,Human cord blood hematopoietic progenitor cell,UNII:XU53VK93MC,HUMAN CORD BLOOD HEMATOPOIETIC PROGENITOR CELL,NCBITaxon:9606,Homo sapiens (human),NCIT:C200602,Allogeneic Human Cord Blood-derived Hematopoietic Progenitor Cells,NCIT:C203000 (Therapeutic Allogeneic Hematopoietic Stem Cells),T025=Cell,False
DRUGBANK:DB11066,Pancrelipase protease,UNII:3560D81V50,PANCRELIPASE PROTEASE,NCBITaxon:9823,Sus scrofa (pig),NCIT:C84041,Pancrelipase Protease,NCIT:C29726 (Enzyme Replacement or Supplement Agent),"T116=Amino Acid, Peptide, or Protein|T121=Pharmacologic Substance|T126=Enzyme",False
DRUGBANK:DB11067,Heme iron polypeptide,UNII:31VDO12CJY,HEME IRON POLYPEPTIDE,NCBITaxon:9913,Bos taurus (domestic cattle),,,,,False
DRUGBANK:DB11112,Lanolin,UNII:7EV65EAW6H,LANOLIN,NCBITaxon:9940,Ovis aries (sheep),NCIT:C94238,Lanolin,NCIT:C106128 (Animal-based Natural Product),T109=Organic Chemical|T121=Pharmacologic Substance,False
DRUGBANK:DB11120,Turpentine,UNII:XJ6RUH0O4G,TURPENTINE,NCBITaxon:3337,Pinus,NCIT:C84233,Turpentine,NCIT:C45678 (Industrial Aid),"T109=Organic Chemical|T130=Indicator, Reagent, or Diagnostic Aid",False
DRUGBANK:DB11209,Iron protein succinylate,UNII:VBJ9L90P4L,IRON PROTEIN SUCCINYLATE,NCBITaxon:9913,Bos taurus (domestic cattle),,,,,False
DRUGBANK:DB11294,Coccidioides immitis spherule,UNII:ITY7G7Q744,COCCIDIOIDES IMMITIS SPHERULE,NCBITaxon:5501,Coccidioides immitis,,,,,False
DRUGBANK:DB11295,Trichophyton verrucosum,UNII:JA74887EHM,TRICHOPHYTON VERRUCOSUM,NCBITaxon:63417,Trichophyton verrucosum,,,,,False
DRUGBANK:DB11321,Cod liver oil,UNII:BBL281NWFG,COD LIVER OIL,NCBITaxon:8049,Gadus morhua (Atlantic cod),NCIT:C65348,Cod Liver Oil,NCIT:C497 (Fish Oil),T109=Organic Chemical|T121=Pharmacologic Substance|T168=Food,False
DRUGBANK:DB11347,Bacillus subtilis,UNII:8CF93KW41W,BACILLUS SUBTILIS,NCBITaxon:1423,Bacillus subtilis,NCIT:C86167,Bacillus subtilis,NCIT:C76202 (Bacillus),T007=Bacterium,False
DRUGBANK:DB11360,Lactobacillus plantarum,UNII:QFC21096ON,LACTIPLANTIBACILLUS PLANTARUM,NCBITaxon:1590,Lactiplantibacillus plantarum,,,,,False
DRUGBANK:DB11597,Human Rho(D) immune globulin,UNII:48W7181FLP,HUMAN RHO(D) IMMUNE GLOBULIN,NCBITaxon:9606,Homo sapiens (human),NCIT:C80832,Human Rho(D) Immune Globulin,NCIT:C2701 (Therapeutic Immune Globulin),"T116=Amino Acid, Peptide, or Protein|T121=Pharmacologic Substance|T129=Immunologic Factor",False
DRUGBANK:DB11600,Beeswax,UNII:2ZA36H0S2V,YELLOW WAX,NCBITaxon:7460,Apis mellifera (honey bee),NCIT:C84241,Yellow Wax,NCIT:C106128 (Animal-based Natural Product),T122=Biomedical or Dental Material,False
DRUGBANK:DB11601,Tuberculin purified protein derivative,UNII:I7L8FKN87J,TUBERCULIN PURIFIED PROTEIN DERIVATIVE,NCBITaxon:1773,Mycobacterium tuberculosis,,,,,False
DRUGBANK:DB11603,"Rabies immune globulin, human",UNII:95F619ATQ2,HUMAN RABIES VIRUS IMMUNE GLOBULIN,NCBITaxon:9606,Homo sapiens (human),NCIT:C80831,Human Rabies Virus Immune Globulin,NCIT:C2701 (Therapeutic Immune Globulin),"T116=Amino Acid, Peptide, or Protein|T121=Pharmacologic Substance|T129=Immunologic Factor",False
DRUGBANK:DB11604,"Tetanus immune globulin, human",UNII:V4SWI4RF4J,HUMAN CLOSTRIDIUM TETANI TOXOID IMMUNE GLOBULIN,NCBITaxon:9606,Homo sapiens (human),,,,,False
DRUGBANK:DB11621,Human varicella-zoster immune globulin,UNII:33T61IWL27,HUMAN VARICELLA-ZOSTER IMMUNE GLOBULIN,NCBITaxon:9606,Homo sapiens (human),NCIT:C123431,Human Varicella Zoster Immune Globulin,NCIT:C2701 (Therapeutic Immune Globulin),"T116=Amino Acid, Peptide, or Protein|T121=Pharmacologic Substance|T129=Immunologic Factor",False
DRUGBANK:DB12386,Bacillus calmette-guerin substrain danish 1331 live antigen,UNII:4CGF0IDN3W,BACILLUS CALMETTE-GUERIN SUBSTRAIN DANISH 1331 LIVE ANTIGEN,NCBITaxon:33892,Mycobacterium tuberculosis variant bovis BCG,NCIT:C180987,Bacillus Calmette-Guerin Substrain Danish 1331 Live Antigen,NCIT:C77178 (Bacillus Calmette-Guerin Antigen),"T116=Amino Acid, Peptide, or Protein|T121=Pharmacologic Substance",False
DRUGBANK:DB13147,Pancrelipase lipase,UNII:8MYC33932O,PANCRELIPASE LIPASE,NCBITaxon:9823,Sus scrofa (pig),NCIT:C84040,Pancrelipase Lipase,NCIT:C29726 (Enzyme Replacement or Supplement Agent),"T116=Amino Acid, Peptide, or Protein|T121=Pharmacologic Substance|T126=Enzyme",False
DRUGBANK:DB13199,Brinase,UNII:Z3GVO2327F,BRINOLASE,NCBITaxon:5062,Aspergillus oryzae,NCIT:C171785,Brinolase,NCIT:C29726 (Enzyme Replacement or Supplement Agent),"T116=Amino Acid, Peptide, or Protein|T121=Pharmacologic Substance",False
DRUGBANK:DB13299,Sulglicotide,UNII:26473073GC,SULGLICOTIDE,NCBITaxon:9823,Sus scrofa (pig),NCIT:C152465,Sulglicotide,NCIT:C29701 (Anti-ulcer Agent),"T116=Amino Acid, Peptide, or Protein|T121=Pharmacologic Substance",False
DRUGBANK:DB13761,Tilactase,UNII:37515NWH9U,LACTASE,NCBITaxon:5062,Aspergillus oryzae,NCIT:C29147,Lactase,NCIT:C1505 (Dietary Supplement),"T116=Amino Acid, Peptide, or Protein|T121=Pharmacologic Substance|T126=Enzyme",False
DRUGBANK:DB13881,Tisagenlecleucel,UNII:Q6C9WHR03O,TISAGENLECLEUCEL,NCBITaxon:9606,Homo sapiens (human),NCIT:C102758,Tisagenlecleucel,NCIT:C176018 (Anti-CD19 CAR T Cells Preparation)|NCIT:C200766 (Autologous CAR-T Cells),T025=Cell,False
DRUGBANK:DB13883,Coral snake (micrurus fulvius) immune globulin antivenin (equine),UNII:Y605XBM2GL,CORAL SNAKE (MICRURUS FULVIUS) IMMUNE GLOBULIN ANTIVENIN (EQUINE),NCBITaxon:9796,Equus caballus (horse),NCIT:C87794,Coral Snake (Micrurus fulvius) Immune Globulin Antivenin (Equine),NCIT:C2701 (Therapeutic Immune Globulin),"T116=Amino Acid, Peptide, or Protein|T121=Pharmacologic Substance|T129=Immunologic Factor",False
DRUGBANK:DB13886,Human cytomegalovirus immune globulin,UNII:129L90A25N,HUMAN CYTOMEGALOVIRUS IMMUNE GLOBULIN,NCBITaxon:9606,Homo sapiens (human),NCIT:C80826,Human Cytomegalovirus Immune Globulin,NCIT:C2701 (Therapeutic Immune Globulin),"T116=Amino Acid, Peptide, or Protein|T121=Pharmacologic Substance|T129=Immunologic Factor",False
DRUGBANK:DB13891,Crotalus scutulatus antivenin,UNII:7WZ1744G86,CROTALUS SCUTULATUS IMMUNE FAB ANTIVENIN (OVINE),NCBITaxon:9940,Ovis aries (sheep),,,,,False
DRUGBANK:DB13892,Crotalus atrox antivenin,UNII:RBR61YAJ4V,CROTALUS ATROX IMMUNE FAB ANTIVENIN (OVINE),NCBITaxon:9940,Ovis aries (sheep),,,,,False
DRUGBANK:DB13893,Crotalus adamanteus antivenin,UNII:A4229A7019,CROTALUS ADAMANTEUS IMMUNE FAB ANTIVENIN (OVINE),NCBITaxon:9940,Ovis aries (sheep),,,,,False
DRUGBANK:DB13894,Agkistrodon piscivorus antivenin,UNII:IA6O0K772M,AGKISTRODON PISCIVORUS IMMUNE FAB ANTIVENIN (OVINE),NCBITaxon:9940,Ovis aries (sheep),,,,,False
DRUGBANK:DB13897,Equine Botulinum Neurotoxin E Immune FAB2,UNII:T95649SUV7,EQUINE BOTULINUM NEUROTOXIN E IMMUNE FAB2,NCBITaxon:9796,Equus caballus (horse),,,,,False
DRUGBANK:DB13898,Equine Botulinum Neurotoxin C Immune FAB2,UNII:X5I2P7E9TY,EQUINE BOTULINUM NEUROTOXIN C IMMUNE FAB2,NCBITaxon:9796,Equus caballus (horse),,,,,False
DRUGBANK:DB13899,Equine Botulinum Neurotoxin G Immune FAB2,UNII:943578J0XG,EQUINE BOTULINUM NEUROTOXIN G IMMUNE FAB2,NCBITaxon:9796,Equus caballus (horse),,,,,False
DRUGBANK:DB13900,Equine Botulinum Neurotoxin A Immune FAB2,UNII:LE3J6I6DXP,EQUINE BOTULINUM NEUROTOXIN A IMMUNE FAB2,NCBITaxon:9796,Equus caballus (horse),,,,,False
DRUGBANK:DB13901,Equine Botulinum Neurotoxin F Immune FAB2,UNII:RJN8G983LQ,EQUINE BOTULINUM NEUROTOXIN F IMMUNE FAB2,NCBITaxon:9796,Equus caballus (horse),,,,,False
DRUGBANK:DB13902,Equine Botulinum Neurotoxin D Immune FAB2,UNII:30Y9N0SEBE,EQUINE BOTULINUM NEUROTOXIN D IMMUNE FAB2,NCBITaxon:9796,Equus caballus (horse),,,,,False
DRUGBANK:DB13903,Equine Botulinum Neurotoxin B Immune FAB2,UNII:VSK09VP4HL,EQUINE BOTULINUM NEUROTOXIN B IMMUNE FAB2,NCBITaxon:9796,Equus caballus (horse),,,,,False
DRUGBANK:DB13904,Cat dander extract,UNII:ZDN2AC0L08,FELIS CATUS DANDER,NCBITaxon:9685,Felis catus (domestic cat),NCIT:C84494,Felis catus Dander,NCIT:C106128 (Animal-based Natural Product),T031=Body Substance,True
DRUGBANK:DB13905,Scorpion (centruroides) immune Fab2 antivenin (equine),UNII:DDA050FCEA,SCORPION (CENTRUROIDES) IMMUNE FAB2 ANTIVENIN (EQUINE),NCBITaxon:9796,Equus caballus (horse),,,,,False
DRUGBANK:DB13915,Axicabtagene ciloleucel,UNII:U2I8T43Y7R,AXICABTAGENE CILOLEUCEL,NCBITaxon:9606,Homo sapiens (human),NCIT:C120309,Axicabtagene Ciloleucel,NCIT:C176018 (Anti-CD19 CAR T Cells Preparation)|NCIT:C200766 (Autologous CAR-T Cells),T025=Cell,False
DRUGBANK:DB14009,Medical Cannabis,UNII:FTS5RM302N,CANNABIS SATIVA SUBSP. INDICA TOP,NCBITaxon:1302822,Cannabis sativa subsp. indica (marijuana),NCIT:C26659,Marijuana,NCIT:C2199 (Adjuvant Analgesic)|NCIT:C67413 (Opioid Receptor Agonist),T109=Organic Chemical|T121=Pharmacologic Substance,True
DRUGBANK:DB14016,Ox bile extract,UNII:ET3651ZLOU,BOS TAURUS BILE,NCBITaxon:9913,Bos taurus (domestic cattle),,,,,True
DRUGBANK:DB14022,Typhoid vaccine,UNII:760T5R8B3O,SALMONELLA ENTERICA ENTERICA SEROVAR TYPHI,NCBITaxon:90370,Salmonella enterica subsp. enterica serovar Typhi,NCIT:C86926,Salmonella Serotype Typhi,NCIT:C86913 (Salmonella enterica subsp enterica),T007=Bacterium,False
DRUGBANK:DB14100,Pork collagen,UNII:I8442U2G7J,PORK COLLAGEN,NCBITaxon:9823,Sus scrofa (pig),,,,,False
DRUGBANK:DB14112,Human vaccinia virus immune globulin,UNII:7UB4J759TD,HUMAN VACCINIA VIRUS IMMUNE GLOBULIN,NCBITaxon:9606,Homo sapiens (human),NCIT:C80973,Human Vaccinia Virus Immune Globulin,NCIT:C2701 (Therapeutic Immune Globulin),"T116=Amino Acid, Peptide, or Protein|T121=Pharmacologic Substance|T129=Immunologic Factor",False
DRUGBANK:DB14113,Black widow spider antivenin (equine),UNII:5VJA14972G,BLACK WIDOW SPIDER (LATRODECTUS MACTANS) IMMUNE GLOBULIN ANTIVENIN (EQUINE),NCBITaxon:9796,Equus caballus (horse),,,,,False
DRUGBANK:DB14114,Viper antivenom,UNII:92VV7G83ED,PIT VIPER (CROTALINAE) IMMUNE GLOBULIN ANTIVENIN (EQUINE),NCBITaxon:9796,Equus caballus (horse),,,,,False
DRUGBANK:DB14115,Human botulinum neurotoxin A/B immune globulin,UNII:X641Y30OA7,HUMAN BOTULINUM NEUROTOXIN A/B IMMUNE GLOBULIN,NCBITaxon:9606,Homo sapiens (human),NCIT:C80825,Human Botulinum Neurotoxin A/B Immune Globulin,NCIT:C2701 (Therapeutic Immune Globulin),"T116=Amino Acid, Peptide, or Protein|T121=Pharmacologic Substance|T129=Immunologic Factor",False
DRUGBANK:DB14162,Northern bluefin tuna,UNII:816CLQ4017,NORTHERN BLUEFIN TUNA,NCBITaxon:8237,Thunnus thynnus (Atlantic bluefin tuna),,,,,False
DRUGBANK:DB14165,Culex pipiens,UNII:45KA5D7541,CULEX PIPIENS,NCBITaxon:7175,Culex pipiens (northern house mosquito),,,,,False
DRUGBANK:DB14168,Sarocladium strictum,UNII:3F36V0451W,SAROCLADIUM STRICTUM,NCBITaxon:5046,Sarocladium strictum,NCIT:C87527,Acremonium strictum,NCIT:C118935 (Acremonium),T004=Fungus,True
DRUGBANK:DB14172,Evernia prunastri,UNII:O3034Q5AHK,EVERNIA PRUNASTRI,NCBITaxon:87257,Evernia prunastri,,,,,False
DRUGBANK:DB14181,Lanolin alcohols,UNII:884C3FA9HE,LANOLIN ALCOHOLS,NCBITaxon:9940,Ovis aries (sheep),NCIT:C219203,Lanolin Alcohols,NCIT:C106128 (Animal-based Natural Product),T109=Organic Chemical|T121=Pharmacologic Substance,False
DRUGBANK:DB14222,Bifidobacterium longum infantis,UNII:EF3U3H7I76,BIFIDOBACTERIUM LONGUM INFANTIS,NCBITaxon:1682,Bifidobacterium longum subsp. infantis,,,,,False
DRUGBANK:DB14223,Clostridium botulinum,UNII:0296055VE0,CLOSTRIDIUM BOTULINUM,NCBITaxon:1491,Clostridium botulinum,,,,,False
DRUGBANK:DB14224,Lactobacillus reuteri,UNII:9913I24QEE,LIMOSILACTOBACILLUS REUTERI,NCBITaxon:1598,Limosilactobacillus reuteri,,,,,False
DRUGBANK:DB14225,Enterococcus faecium,UNII:34YYS7G16P,ENTEROCOCCUS FAECIUM,NCBITaxon:1352,Enterococcus faecium,,,,,False
DRUGBANK:DB14226,Lactobacillus helveticus,UNII:Q08Z44662J,LACTOBACILLUS HELVETICUS,NCBITaxon:1587,Lactobacillus helveticus,,,,,False
DRUGBANK:DB14234,Sus scrofa stomach,UNII:T0920P9Z9A,SUS SCROFA STOMACH,NCBITaxon:9823,Sus scrofa (pig),,,,,False
DRUGBANK:DB14243,Sus scrofa placenta,UNII:C8CV8867O8,SUS SCROFA PLACENTA,NCBITaxon:9823,Sus scrofa (pig),,,,,False
DRUGBANK:DB14244,Garden snail mucin,UNII:BPB1U0R467,GARDEN SNAIL MUCIN,NCBITaxon:6535,Cornu aspersum (brown garden snail),,,,,False
DRUGBANK:DB14247,Moschus berezovskii musk sac resin,UNII:Z70MFY52S4,MOSCHUS BEREZOVSKII MUSK SAC RESIN,NCBITaxon:68408,Moschus berezovskii (Chinese forest musk deer),,,,,False
DRUGBANK:DB14248,Bos taurus gallstone,UNII:4162LZ0N4O,BOS TAURUS GALLSTONE,NCBITaxon:9913,Bos taurus (domestic cattle),,,,,False
DRUGBANK:DB14249,Pearl (hyriopsis cumingii),UNII:A75L5FZ40U,PEARL (HYRIOPSIS CUMINGII),NCBITaxon:165450,Sinohyriopsis cumingii,,,,,False
DRUGBANK:DB14250,Royal jelly,UNII:L497I37F0C,ROYAL JELLY,NCBITaxon:7460,Apis mellifera (honey bee),NCIT:C87569,Royal Jelly,NCIT:C106128 (Animal-based Natural Product),T109=Organic Chemical|T121=Pharmacologic Substance,False
DRUGBANK:DB14251,Ostrea edulis shell,UNII:49OY13BE7Z,OSTREA EDULIS SHELL,NCBITaxon:37623,Ostrea edulis (European flat oyster),,,,,True
DRUGBANK:DB14260,Stypocaulon scoparium,UNII:C4AD0HDH4I,STYPOCAULON SCOPARIUM,NCBITaxon:117525,,,,,,True
DRUGBANK:DB14282,Phellinus linteus mycelium,UNII:40K19XJV3C,PHELLINUS LINTEUS MYCELIUM,NCBITaxon:79320,,,,,,True
DRUGBANK:DB14287,Trametes versicolor fruiting body,UNII:4C900477MT,TRAMETES VERSICOLOR FRUITING BODY,NCBITaxon:5325,Trametes versicolor (turkey-tail fungus),,,,,True
DRUGBANK:DB14332,Inonotus obliquus fruiting body,UNII:MRO1FS760M,INONOTUS OBLIQUUS FRUITING BODY,NCBITaxon:167356,Inonotus obliquus (chaga),,,,,True
DRUGBANK:DB14348,Citrus junos fruit,UNII:53KHW58C1V,CITRUS JUNOS FRUIT,NCBITaxon:135197,Citrus junos (yuzu),,,,,True
DRUGBANK:DB14351,Usnea barbata,UNII:D6DVA9TCAP,USNEA BARBATA,NCBITaxon:192174,Usnea barbata,,,,,True
DRUGBANK:DB14359,Tremella fuciformis whole,UNII:4938BNS0GU,TREMELLA FUCIFORMIS WHOLE,NCBITaxon:64657,Tremella fuciformis (snow fungus),,,,,False
DRUGBANK:DB14367,Chondrus crispus,UNII:OQS23HUA1X,CHONDRUS CRISPUS,NCBITaxon:2769,Chondrus crispus (carragheen),NCIT:C180534,Chondrus crispus,NCIT:C75667 (Seaweed),T002=Plant,False
DRUGBANK:DB14388,Bordetella pertussis toxoid antigen (formaldehyde inactivated),UNII:N51SPD4A45,BORDETELLA PERTUSSIS TOXOID ANTIGEN (FORMALDEHYDE INACTIVATED),NCBITaxon:520,Bordetella pertussis,NCIT:C77703,Bordetella pertussis Toxoid Antigen (Formaldehyde Inactivated),NCIT:C75948 (Bordetella Pertussis Antigen),"T116=Amino Acid, Peptide, or Protein|T121=Pharmacologic Substance|T129=Immunologic Factor",False
DRUGBANK:DB14410,Human adenovirus b serotype 7,UNII:K7O6S79496,HUMAN ADENOVIRUS B SEROTYPE 7,NCBITaxon:10519,Human adenovirus 7,,,,,False
DRUGBANK:DB14427,Neisseria meningitidis group a capsular oligosaccharide diphtheria crm197 protein conjugate antigen,UNII:3O44U6XYQK,NEISSERIA MENINGITIDIS GROUP A CAPSULAR OLIGOSACCHARIDE DIPHTHERIA CRM197 PROTEIN CONJUGATE ANTIGEN,NCBITaxon:65699,Neisseria meningitidis serogroup A,,,,,False
DRUGBANK:DB14429,Neisseria meningitidis group w-135 capsular oligosaccharide diphtheria crm197 protein conjugate antigen,UNII:5JT3N61JSP,NEISSERIA MENINGITIDIS GROUP W-135 CAPSULAR OLIGOSACCHARIDE DIPHTHERIA CRM197 PROTEIN CONJUGATE ANTIGEN,NCBITaxon:487,Neisseria meningitidis,,,,,False
DRUGBANK:DB14430,Neisseria meningitidis group y capsular oligosaccharide diphtheria crm197 protein conjugate antigen,UNII:2W566Z2PEJ,NEISSERIA MENINGITIDIS GROUP Y CAPSULAR OLIGOSACCHARIDE DIPHTHERIA CRM197 PROTEIN CONJUGATE ANTIGEN,NCBITaxon:487,Neisseria meningitidis,,,,,False
DRUGBANK:DB14443,Vibrio cholerae CVD 103-HgR strain live antigen,UNII:V9G528E9E0,VIBRIO CHOLERAE CVD 103-HGR STRAIN LIVE ANTIGEN,NCBITaxon:666,Vibrio cholerae,,,,,False
DRUGBANK:DB14564,Kale,UNII:0Y3L4J38H1,KALE,NCBITaxon:3713,Brassica oleracea var. viridis (kale),,,,,False
DRUGBANK:DB14613,"Serum, horse",UNII:QHD0E51VON,"SERUM, HORSE",NCBITaxon:9796,Equus caballus (horse),NCIT:C29772,"Serum, Horse",NCIT:C802 (Reagent),"T116=Amino Acid, Peptide, or Protein|T130=Indicator, Reagent, or Diagnostic Aid",False
DRUGBANK:DB14710,Camponotus pennsylvanicus,UNII:9J6GJ0890E,CAMPONOTUS PENNSYLVANICUS,NCBITaxon:104422,Camponotus pennsylvanicus,,,,,False
DRUGBANK:DB14744,Spirulina platensis,UNII:9K7IG15M0Q,ARTHROSPIRA MAXIMA,NCBITaxon:129910,Limnospira maxima,,,,,False
DRUGBANK:DB15274,Pertussis vaccine,UNII:2QNL82089R,BORDETELLA PERTUSSIS,NCBITaxon:520,Bordetella pertussis,NCIT:C76205,Bordetella pertussis,NCIT:C86202 (Bordetella),T007=Bacterium,False
DRUGBANK:DB15461,Yersinia pestis 195/p antigen (formaldehyde inactivated),UNII:G10832YT0L,YERSINIA PESTIS 195/P ANTIGEN (FORMALDEHYDE INACTIVATED),NCBITaxon:632,Yersinia pestis,NCIT:C75860,Yersinia pestis 195/P Antigen (Formaldehyde Inactivated),NCIT:C75859 (Yersinia Pestis Antigen),T121=Pharmacologic Substance|T129=Immunologic Factor,False
DRUGBANK:DB15511,Gibberella fujikuroi,UNII:815V716OR2,GIBBERELLA FUJIKUROI,NCBITaxon:5127,Fusarium fujikuroi,,,,,False
DRUGBANK:DB15512,Mucor circinelloides f. circinelloides,UNII:48Z8OUT98B,MUCOR CIRCINELLOIDES F. CIRCINELLOIDES,NCBITaxon:70416,,,,,,False
DRUGBANK:DB15521,Cyd dengue virus serotype 1 live (attenuated) antigen,UNII:75KB2HPX5H,DENGUE-YELLOW FEVER CHIMERIC VIRUS SEROTYPE 1 LIVE (ATTENUATED) ANTIGEN,NCBITaxon:11089,Yellow fever virus,,,,,False
DRUGBANK:DB15522,Cyd dengue virus serotype 2 live (attenuated) antigen,UNII:FH5SVG7GLC,DENGUE-YELLOW FEVER CHIMERIC VIRUS SEROTYPE 2 LIVE (ATTENUATED) ANTIGEN,NCBITaxon:11089,Yellow fever virus,,,,,False
DRUGBANK:DB15523,Cyd dengue virus serotype 3 live (attenuated) antigen,UNII:RHT2Q37FYG,DENGUE-YELLOW FEVER CHIMERIC VIRUS SEROTYPE 3 LIVE (ATTENUATED) ANTIGEN,NCBITaxon:11089,Yellow fever virus,,,,,False
DRUGBANK:DB15524,Cyd dengue virus serotype 4 live (attenuated) antigen,UNII:RS26HP5ND2,DENGUE-YELLOW FEVER CHIMERIC VIRUS SEROTYPE 4 LIVE (ATTENUATED) ANTIGEN,NCBITaxon:11089,Yellow fever virus,,,,,False
DRUGBANK:DB15525,Mucor circinelloides f. lusitanicus,UNII:0J0X819B3C,MUCOR CIRCINELLOIDES F. LUSITANICUS,NCBITaxon:29924,Mucor lusitanicus,,,,,False
DRUGBANK:DB15526,Eurotium amstelodami,UNII:D932NLL87Z,EUROTIUM AMSTELODAMI,NCBITaxon:5054,Aspergillus amstelodami,,,,,False
DRUGBANK:DB15538,Sea scallop,UNII:BY65V9YV1I,SEA SCALLOP,NCBITaxon:6577,Placopecten magellanicus (sea scallop),,,,,False
DRUGBANK:DB15539,Northern brown shrimp,UNII:TJH4LL437H,NORTHERN BROWN SHRIMP,NCBITaxon:6690,Penaeus aztecus (brown shrimp),,,,,False
DRUGBANK:DB15540,Rainbow trout,UNII:P4M52SZ8L6,RAINBOW TROUT,NCBITaxon:8022,Oncorhynchus mykiss (rainbow trout),,,,,False
DRUGBANK:DB15541,Yellowfin tuna,UNII:12ZC3K09X7,YELLOWFIN TUNA,NCBITaxon:8236,Thunnus albacares (yellowfin tuna),,,,,False
DRUGBANK:DB15542,Atlantic mackerel,UNII:HO615U86UJ,ATLANTIC MACKEREL,NCBITaxon:13677,Scomber scombrus (Atlantic mackerel),,,,,True
DRUGBANK:DB15543,Pacific ocean perch,UNII:81369ZC3RW,PACIFIC OCEAN PERCH,NCBITaxon:72055,Sebastes alutus (Pacific ocean perch),,,,,False
DRUGBANK:DB15546,Skim milk,UNII:6A001Y4M5A,SKIM MILK,NCBITaxon:9913,Bos taurus (domestic cattle),,,,,False
DRUGBANK:DB15547,Black sea bass,UNII:0YJW8KYT51,BLACK SEA BASS,NCBITaxon:184440,Centropristis striata (black sea bass),,,,,False
DRUGBANK:DB15548,Channel catfish,UNII:FIX499R7DR,CHANNEL CATFISH,NCBITaxon:7998,Ictalurus punctatus (channel catfish),,,,,False
DRUGBANK:DB15549,Atlantic halibut,UNII:7E34E106BO,ATLANTIC HALIBUT,NCBITaxon:8267,Hippoglossus hippoglossus (Atlantic halibut),,,,,False
DRUGBANK:DB15572,Exagamglogene autotemcel,UNII:S53L777GM8,EXAGAMGLOGENE AUTOTEMCEL,NCBITaxon:9606,Homo sapiens (human),NCIT:C169042,Exagamglogene Autotemcel,NCIT:C119988 (Genetically Engineered Hematopoietic Stem Progenitor Cells)|NCIT:C203001 (Therapeutic Autologous Hematopoietic Stem Cells),T025=Cell|T121=Pharmacologic Substance,False
DRUGBANK:DB15605,Field mushroom,UNII:19988ORO24,FIELD MUSHROOM,NCBITaxon:56157,Agaricus campestris,,,,,False
DRUGBANK:DB15667,Bacillus amyloliquefaciens,UNII:1M5Y26M37U,BACILLUS AMYLOLIQUEFACIENS,NCBITaxon:1390,Bacillus amyloliquefaciens,,,,,False
DRUGBANK:DB15680,Neisseria meningitidis group A capsular polysaccharide tetanus toxoid conjugate antigen,UNII:T4GYX3110D,NEISSERIA MENINGITIDIS GROUP A CAPSULAR POLYSACCHARIDE TETANUS TOXOID CONJUGATE ANTIGEN,NCBITaxon:65699,Neisseria meningitidis serogroup A,,,,,False
DRUGBANK:DB15682,Neisseria meningitidis group Y capsular polysaccharide tetanus toxoid conjugate antigen,UNII:4WAN8PQK15,NEISSERIA MENINGITIDIS GROUP Y CAPSULAR POLYSACCHARIDE TETANUS TOXOID CONJUGATE ANTIGEN,NCBITaxon:487,Neisseria meningitidis,,,,,False
DRUGBANK:DB15683,Neisseria meningitidis group W-135 capsular polysaccharide tetanus toxoid conjugate antigen,UNII:L77OK410KW,NEISSERIA MENINGITIDIS GROUP W-135 CAPSULAR POLYSACCHARIDE TETANUS TOXOID CONJUGATE ANTIGEN,NCBITaxon:487,Neisseria meningitidis,,,,,False
DRUGBANK:DB15692,COVID-19 convalescent plasma,UNII:YM6LN8TU2V,COVID-19 CONVALESCENT PLASMA,NCBITaxon:9606,Homo sapiens (human),,,,,False
DRUGBANK:DB15699,Brexucabtagene autoleucel,UNII:4MD2J2T8SJ,BREXUCABTAGENE AUTOLEUCEL,NCBITaxon:9606,Homo sapiens (human),NCIT:C170439,Brexucabtagene Autoleucel,NCIT:C176018 (Anti-CD19 CAR T Cells Preparation)|NCIT:C200766 (Autologous CAR-T Cells),T025=Cell,False
DRUGBANK:DB15721,Natural Killer Cell,UNII:IZR558KO53,TROCULEUCEL,NCBITaxon:9606,Homo sapiens (human),NCIT:C178330,Autologous Natural Killer Cells SNK01,NCIT:C201545 (Therapeutic Natural Killer Cells Preparation)|NCIT:C28681 (Therapeutic Autologous Lymphocytes),T025=Cell,False
DRUGBANK:DB15729,Adipose-Derived Mesenchymal Stem Cells: Autologous or Allogeneic Origins,UNII:3ME9TTI5QB,RILDINADSTROCEL,NCBITaxon:9606,Homo sapiens (human),NCIT:C190749,Rildinadstrocel,NCIT:C201556 (Therapeutic Mesenchymal Stem Cells),T025=Cell,False
DRUGBANK:DB15742,MultiStem,UNII:WNR9FH307P,MULTIPOTENT ADULT PROGENITOR CELLS (BONE MARROW DERIVED),NCBITaxon:9606,Homo sapiens (human),NCIT:C77874,Allogeneic Multipotent Adult Progenitor Cells,NCIT:C62712 (Non-Tumor Cell Derivative Vaccine),T025=Cell,False
DRUGBANK:DB15744,Allogeneic Cardiosphere-Derived Cells,UNII:ZM7OCV7H6H,DERAMIOCEL,NCBITaxon:9606,Homo sapiens (human),NCIT:C220985,Deramiocel,NCIT:C142078 (Adoptive Cell Therapy Agent),T121=Pharmacologic Substance,False
DRUGBANK:DB15823,Lactobacillus acidophilus,UNII:1PRR1V42V5,LACTOBACILLUS ACIDOPHILUS,NCBITaxon:1579,Lactobacillus acidophilus,NCIT:C79797,Probiotic Acidophilus,NCIT:C93144 (Probiotic),T007=Bacterium,False
DRUGBANK:DB15840,Pine tar,UNII:YFH4WC535J,PINE TAR,NCBITaxon:3337,Pinus,,,,,False
DRUGBANK:DB15850,IMM-101,UNII:IZT740JY57,IMM-101,NCBITaxon:1807,Mycolicibacterium obuense,NCIT:C173535,Heat-treated bacterium Mycobacterium obuense IMM-101,NCIT:C200760 (Oncolytic Bacterium),"T116=Amino Acid, Peptide, or Protein|T121=Pharmacologic Substance|T129=Immunologic Factor",False
DRUGBANK:DB15857,Janssen COVID-19 Vaccine,UNII:JT2NS6183B,AD26.COV2.S,NCBITaxon:28278,Human adenovirus 19,NCIT:C176055,COVID-19 Vaccine Ad26.COV2.S,NCIT:C173023 (COVID-19 Vaccine),"T116=Amino Acid, Peptide, or Protein|T121=Pharmacologic Substance|T129=Immunologic Factor",False
DRUGBANK:DB15866,CK0802,UNII:H7DFT9JF6M,CK-0802,NCBITaxon:9606,Homo sapiens (human),NCIT:C158084,Umbilical Cord Blood-derived CD4+/CD25+ T-regulatory Cells CK0801,NCIT:C28676 (Therapeutic Allogeneic Lymphocytes),T025=Cell,False
DRUGBANK:DB15869,Platelet Lysate,UNII:A2WX2UCW6F,HUMAN PLATELET LYSATE,NCBITaxon:9606,Homo sapiens (human),,,,,False
DRUGBANK:DB15871,Human Amniotic Fluid,UNII:6SQ06FQ2GH,AMNIOTIC FLUID (HUMAN),NCBITaxon:9606,Homo sapiens (human),,,,,False
DRUGBANK:DB15879,Polygeline,UNII:CEI2QJ2WAR,POLYGELINE,NCBITaxon:9913,Bos taurus (domestic cattle),NCIT:C174655,Polygeline,NCIT:C314 (Blood Substitute),"T116=Amino Acid, Peptide, or Protein|T121=Pharmacologic Substance",False
DRUGBANK:DB15966,Influenza virus type B,UNII:1314JZ2X6W,INFLUENZA B VIRUS WHOLE,NCBITaxon:11520,Influenza B virus,NCIT:C53468,Influenza B Virus,NCIT:C53469 (Influenzavirus),T005=Virus,False
DRUGBANK:DB16360,Anti-SARS-CoV-2 immunoglobulin,UNII:VF62JD6WN3,HUMAN ANTI-SARS-COV-2 IMMUNOGLOBULIN,NCBITaxon:9606,Homo sapiens (human),,,,,False
DRUGBANK:DB16361,Descartes-30,UNII:4P8TSC4FR8,DESCARTES 30,NCBITaxon:9606,Homo sapiens (human),,,,,False
DRUGBANK:DB16499,INM005,UNII:QJ4WJD8DD3,INM-005,NCBITaxon:9796,Equus caballus (horse),NCIT:C175231,Anti-SARS-CoV-2 Equine Immunoglobulin F(ab')2 Fragments INM005,NCIT:C308 (Immunotherapeutic Agent),"T116=Amino Acid, Peptide, or Protein|T121=Pharmacologic Substance|T129=Immunologic Factor",False
DRUGBANK:DB16537,Bacillus clausii,UNII:KQ2N4RPK58,BACILLUS CLAUSII,NCBITaxon:79880,Shouchella clausii,,,,,False
DRUGBANK:DB16538,Bifidobacterium bifidum,UNII:WN5C16297P,BIFIDOBACTERIUM BIFIDUM,NCBITaxon:1681,Bifidobacterium bifidum,,,,,False
DRUGBANK:DB16539,Escherichia coli,UNII:514B9K0L10,ESCHERICHIA COLI,NCBITaxon:562,Escherichia coli (E. coli),NCIT:C14206,Escherichia coli,NCIT:C77208 (Escherichia),T007=Bacterium,False
DRUGBANK:DB16540,Lactobacillus delbrueckii bulgaricus,UNII:HU1W4L947H,LACTOBACILLUS DELBRUECKII SUBSP. BULGARICUS,NCBITaxon:1585,Lactobacillus delbrueckii subsp. bulgaricus,,,,,False
DRUGBANK:DB16541,Lactobacillus casei,UNII:SA940P2U00,LACTICASEIBACILLUS CASEI,NCBITaxon:1582,Lacticaseibacillus casei,,,,,False
DRUGBANK:DB16543,Lactobacillus gasseri,UNII:Q66E0D2443,LACTOBACILLUS GASSERI,NCBITaxon:1596,Lactobacillus gasseri,,,,,False
DRUGBANK:DB16544,Lactobacillus salivarius,UNII:7A4S6N2EG2,LIGILACTOBACILLUS SALIVARIUS,NCBITaxon:1624,Ligilactobacillus salivarius,,,,,False
DRUGBANK:DB16548,Streptococcus thermophilus,UNII:T8F3MOB0CG,STREPTOCOCCUS THERMOPHILUS,NCBITaxon:1308,Streptococcus thermophilus,,,,,False
DRUGBANK:DB16549,Bifidobacterium breve,UNII:L07O8T40TE,BIFIDOBACTERIUM BREVE,NCBITaxon:1685,Bifidobacterium breve,,,,,False
DRUGBANK:DB16550,Bifidobacterium animalis lactis,UNII:5307V7XW8I,BIFIDOBACTERIUM ANIMALIS LACTIS,NCBITaxon:302911,Bifidobacterium animalis subsp. lactis,,,,,False
DRUGBANK:DB16551,Lactobacillus paracasei,UNII:N1G291SC6Q,LACTICASEIBACILLUS PARACASEI,NCBITaxon:1597,Lacticaseibacillus paracasei,,,,,False
DRUGBANK:DB16556,Spermaceti,UNII:P86KHA8V3K,SPERMACETI,NCBITaxon:9755,Physeter macrocephalus (sperm whale),,,,,False
DRUGBANK:DB16562,Sepia esculenta bone,UNII:M6XU683549,SEPIA ESCULENTA BONE,NCBITaxon:31210,Acanthosepion esculentum (golden cuttlefish),,,,,False
DRUGBANK:DB16577,"Japanese encephalitis vaccine (live, attenuated)",UNII:ZZ1CP75F3U,JAPANESE ENCEPHALITIS LIVE ATTENUATED STRAIN SA 14-14-2 ANTIGEN,NCBITaxon:11072,Japanese encephalitis virus,,,,,False
DRUGBANK:DB16581,Darvadstrocel,UNII:31W7R94KYT,DARVADSTROCEL,NCBITaxon:9606,Homo sapiens (human),NCIT:C171654,Darvadstrocel,NCIT:C201556 (Therapeutic Mesenchymal Stem Cells),T121=Pharmacologic Substance,False
DRUGBANK:DB16582,Lisocabtagene maraleucel,UNII:7K2YOJ14X0,LISOCABTAGENE MARALEUCEL,NCBITaxon:9606,Homo sapiens (human),NCIT:C125192,Lisocabtagene Maraleucel,NCIT:C176018 (Anti-CD19 CAR T Cells Preparation)|NCIT:C200766 (Autologous CAR-T Cells),T025=Cell,False
DRUGBANK:DB16591,Ascophyllum nodosum,UNII:168S4EO8YJ,ASCOPHYLLUM NODOSUM,NCBITaxon:52969,Ascophyllum nodosum,,,,,True
DRUGBANK:DB16599,Cerebrolysin,UNII:37KZM6S21G,CEREBROLYSIN,NCBITaxon:9823,Sus scrofa (pig),NCIT:C221892,Cerebrolysin,NCIT:C1509 (Neuroprotective Agent),,False
DRUGBANK:DB16603,Escherichia coli strain Nissle 1917,UNII:V2I5FAS6Y5,ESCHERICHIA COLI STRAIN NISSLE 1917,NCBITaxon:562,Escherichia coli (E. coli),,,,,False
DRUGBANK:DB16605,Fucus vesiculosus,UNII:535G2ABX9M,FUCUS VESICULOSUS,NCBITaxon:49266,Fucus vesiculosus,NCIT:C72321,Fucus vesiculosus,NCIT:C14336 (Vascular Plant),T002=Plant,False
DRUGBANK:DB16611,"Tick-borne encephalitis vaccine (whole virus, inactivated)",UNII:42XD79UQQ6,TICK-BORNE ENCEPHALITIS PURIFIED ANTIGEN (FORMALDEHYDE INACTIVATED),NCBITaxon:11084,Tick-borne encephalitis virus,,,,,False
DRUGBANK:DB16612,Bee pollen,UNII:3729L8MA2C,BEE POLLEN,NCBITaxon:7460,Apis mellifera (honey bee),NCIT:C87557,Bee Pollen,NCIT:C1505 (Dietary Supplement),T109=Organic Chemical|T121=Pharmacologic Substance,False
DRUGBANK:DB16613,Equine collagen,UNII:3221SCV0LS,EQUINE COLLAGEN,NCBITaxon:9796,Equus caballus (horse),,,,,False
DRUGBANK:DB16615,Krill oil,UNII:V0I3IBX33C,KRILL OIL,NCBITaxon:6819,Euphausia superba (Antarctic krill),,,,,False
DRUGBANK:DB16665,Idecabtagene vicleucel,UNII:8PX1X7UG4D,IDECABTAGENE VICLEUCEL,NCBITaxon:9606,Homo sapiens (human),NCIT:C117729,Idecabtagene Vicleucel,NCIT:C176023 (Anti-BCMA CAR T Cells Preparation)|NCIT:C200766 (Autologous CAR-T Cells),T025=Cell,False
DRUGBANK:DB16710,Streptococcus pneumoniae type 22F capsular polysaccharide diphtheria CRM197 protein conjugate antigen,UNII:U1E9VSB2K2,STREPTOCOCCUS PNEUMONIAE TYPE 22F CAPSULAR POLYSACCHARIDE DIPHTHERIA CRM197 PROTEIN CONJUGATE ANTIGEN,NCBITaxon:1313,Streptococcus pneumoniae,,,,,False
DRUGBANK:DB16711,Streptococcus pneumoniae type 33F capsular polysaccharide diphtheria CRM197 protein conjugate antigen,UNII:9WP2BC3I04,STREPTOCOCCUS PNEUMONIAE TYPE 33F CAPSULAR POLYSACCHARIDE DIPHTHERIA CRM197 PROTEIN CONJUGATE ANTIGEN,NCBITaxon:1313,Streptococcus pneumoniae,,,,,False
DRUGBANK:DB16713,Streptococcus pneumoniae type 8 capsular polysaccharide diphtheria CRM197 protein conjugate antigen,UNII:ADR2S9OIF2,STREPTOCOCCUS PNEUMONIAE TYPE 8 CAPSULAR POLYSACCHARIDE DIPHTHERIA CRM197 PROTEIN CONJUGATE ANTIGEN,NCBITaxon:1313,Streptococcus pneumoniae,,,,,False
DRUGBANK:DB16714,Streptococcus pneumoniae type 10A capsular polysaccharide diphtheria CRM197 protein conjugate antigen,UNII:N47C1SHV0F,STREPTOCOCCUS PNEUMONIAE TYPE 10A CAPSULAR POLYSACCHARIDE DIPHTHERIA CRM197 PROTEIN CONJUGATE ANTIGEN,NCBITaxon:1313,Streptococcus pneumoniae,,,,,False
DRUGBANK:DB16715,Streptococcus pneumoniae type 11A capsular polysaccharide diphtheria CRM197 protein conjugate antigen,UNII:RDA5AKV23D,STREPTOCOCCUS PNEUMONIAE TYPE 11A CAPSULAR POLYSACCHARIDE DIPHTHERIA CRM197 PROTEIN CONJUGATE ANTIGEN,NCBITaxon:1313,Streptococcus pneumoniae,,,,,False
DRUGBANK:DB16716,Streptococcus pneumoniae type 12F capsular polysaccharide diphtheria CRM197 protein conjugate antigen,UNII:T6O227OX7Q,STREPTOCOCCUS PNEUMONIAE TYPE 12F CAPSULAR POLYSACCHARIDE DIPHTHERIA CRM197 PROTEIN CONJUGATE ANTIGEN,NCBITaxon:1313,Streptococcus pneumoniae,,,,,False
DRUGBANK:DB16717,Streptococcus pneumoniae type 15B capsular polysaccharide diphtheria CRM197 protein conjugate antigen,UNII:H8Q6FRO6DY,STREPTOCOCCUS PNEUMONIAE TYPE 15B CAPSULAR POLYSACCHARIDE DIPHTHERIA CRM197 PROTEIN CONJUGATE ANTIGEN,NCBITaxon:1313,Streptococcus pneumoniae,,,,,False
DRUGBANK:DB16736,Allogeneic processed thymus tissue,UNII:XD66YK3YY3,ALLOGENEIC THYMOCYTE-DEPLETED THYMUS TISSUE-AGDC,NCBITaxon:9606,Homo sapiens (human),,,,,False
DRUGBANK:DB16738,Ciltacabtagene autoleucel,UNII:0L1F17908Q,CILTACABTAGENE AUTOLEUCEL,NCBITaxon:9606,Homo sapiens (human),NCIT:C148498,Ciltacabtagene Autoleucel,NCIT:C176023 (Anti-BCMA CAR T Cells Preparation)|NCIT:C200766 (Autologous CAR-T Cells),T025=Cell,False
DRUGBANK:DB16746,Elivaldogene autotemcel,UNII:KUM75TD6SG,ELIVALDOGENE AUTOTEMCEL,NCBITaxon:9606,Homo sapiens (human),NCIT:C171808,Elivaldogene Autotemcel,NCIT:C119988 (Genetically Engineered Hematopoietic Stem Progenitor Cells),T025=Cell,False
DRUGBANK:DB16900,Betibeglogene autotemcel,UNII:MEE8487RTP,BETIBEGLOGENE AUTOTEMCEL,NCBITaxon:9606,Homo sapiens (human),NCIT:C123881,Betibeglogene Autotemcel,NCIT:C119988 (Genetically Engineered Hematopoietic Stem Progenitor Cells)|NCIT:C28681 (Therapeutic Autologous Lymphocytes),T025=Cell,False
DRUGBANK:DB16960,Lenzumestrocel,UNII:6YY2MY21JA,LENZUMESTROCEL,NCBITaxon:9606,Homo sapiens (human),NCIT:C175108,Lenzumestrocel,NCIT:C201556 (Therapeutic Mesenchymal Stem Cells),T025=Cell,False
DRUGBANK:DB17072,Tabelecleucel,UNII:G3NJ7M8N4H,TABELECLEUCEL,NCBITaxon:9606,Homo sapiens (human),NCIT:C143140,Tabelecleucel,NCIT:C129826 (Antineoplastic Immune Cell)|NCIT:C28681 (Therapeutic Autologous Lymphocytes),T025=Cell,False
DRUGBANK:DB17098,Virulizin,UNII:E5SF1Z7U1S,BOS TAURUS BILE IMMUNOMODULATOR,NCBITaxon:9913,Bos taurus (domestic cattle),NCIT:C26677,Virulizin,NCIT:C2139 (Immunostimulant),T121=Pharmacologic Substance|T129=Immunologic Factor,True
DRUGBANK:DB17107,Lifileucel,UNII:R0835E18NH,LIFILEUCEL,NCBITaxon:9606,Homo sapiens (human),NCIT:C120552,Lifileucel,NCIT:C201547 (Therapeutic Tumor Infiltrating Lymphocytes Preparation)|NCIT:C28681 (Therapeutic Autologous Lymphocytes),T025=Cell|T121=Pharmacologic Substance,False
DRUGBANK:DB17130,Spanlecortemlocel,UNII:D8O38M043D,SPANLECORTEMLOCEL,NCBITaxon:9606,Homo sapiens (human),NCIT:C111571,Spanlecortemlocel,NCIT:C203000 (Therapeutic Allogeneic Hematopoietic Stem Cells),T025=Cell,False
DRUGBANK:DB17132,Omidubicel,UNII:ET4JC4S66E,OMIDUBICEL,NCBITaxon:9606,Homo sapiens (human),NCIT:C127119,Omidubicel,NCIT:C208191 (Cell Therapy Agent),T025=Cell,False
DRUGBANK:DB17185,Azercabtagene zapreleucel,UNII:PFZ3AP93TA,AZERCABTAGENE ZAPRELEUCEL,NCBITaxon:9606,Homo sapiens (human),NCIT:C158558,Azercabtagene Zapreleucel,NCIT:C176018 (Anti-CD19 CAR T Cells Preparation)|NCIT:C200765 (Allogeneic CAR-T Cells),T025=Cell,False
DRUGBANK:DB17230,Vadacabtagene leraleucel,UNII:A4O2H9W17Y,VADACABTAGENE LERALEUCEL,NCBITaxon:9606,Homo sapiens (human),NCIT:C133718,Vadacabtagene Leraleucel,NCIT:C176018 (Anti-CD19 CAR T Cells Preparation)|NCIT:C200766 (Autologous CAR-T Cells),T025=Cell,False
DRUGBANK:DB17231,Orvacabtagene autoleucel,UNII:K8RW1TW3EM,ORVACABTAGENE AUTOLEUCEL,NCBITaxon:9606,Homo sapiens (human),NCIT:C147523,Orvacabtagene Autoleucel,NCIT:C176023 (Anti-BCMA CAR T Cells Preparation)|NCIT:C200766 (Autologous CAR-T Cells),T025=Cell,False
DRUGBANK:DB17233,Letetresgene autoleucel,UNII:B5ME4ZU4BS,LETETRESGENE AUTOLEUCEL,NCBITaxon:9606,Homo sapiens (human),NCIT:C121379,Letetresgene Autoleucel,NCIT:C129826 (Antineoplastic Immune Cell)|NCIT:C138180 (T-cell Receptor-engineered T-cells)|NCIT:C28681 (Therapeutic Autologous Lymphocytes),"T025=Cell|T116=Amino Acid, Peptide, or Protein|T121=Pharmacologic Substance|T129=Immunologic Factor",False
DRUGBANK:DB17266,Zevorcabtagene autoleucel,UNII:GMV2GFP3G2,ZEVORCABTAGENE AUTOLEUCEL,NCBITaxon:9606,Homo sapiens (human),NCIT:C165507,Zevorcabtagene Autoleucel,NCIT:C176023 (Anti-BCMA CAR T Cells Preparation)|NCIT:C200766 (Autologous CAR-T Cells),T025=Cell,False
DRUGBANK:DB17296,Gebasaxturev,UNII:4B57CWT710,GEBASAXTUREV,NCBITaxon:138948,Enterovirus A,NCIT:C61493,Gebasaxturev,NCIT:C717 (Oncolytic Virus),T005=Virus|T121=Pharmacologic Substance,False
DRUGBANK:DB17324,Listeria monocytogenes,UNII:3O44K14A86,LISTERIA MONOCYTOGENES,NCBITaxon:1639,Listeria monocytogenes,,,,,False
DRUGBANK:DB17329,Eltrapuldencel-T,UNII:M2LBQ7RN2X,ELTRAPULDENCEL-T,NCBITaxon:9606,Homo sapiens (human),NCIT:C120183,Eltrapuldencel-T,NCIT:C2594 (Therapeutic Autologous Dendritic Cells),T121=Pharmacologic Substance|T129=Immunologic Factor,False
DRUGBANK:DB17362,Obecabtagene autoleucel,UNII:760HJB0YRD,OBECABTAGENE AUTOLEUCEL,NCBITaxon:9606,Homo sapiens (human),NCIT:C172746,Obecabtagene Autoleucel,NCIT:C176018 (Anti-CD19 CAR T Cells Preparation)|NCIT:C200766 (Autologous CAR-T Cells),T025=Cell|T121=Pharmacologic Substance,False
DRUGBANK:DB17367,Gavocabtagene autoleucel,UNII:NP6CFH3G8H,GAVOCABTAGENE AUTOLEUCEL,NCBITaxon:9606,Homo sapiens (human),NCIT:C160780,Gavocabtagene Autoleucel,NCIT:C129826 (Antineoplastic Immune Cell)|NCIT:C28681 (Therapeutic Autologous Lymphocytes),T025=Cell|T121=Pharmacologic Substance,False
DRUGBANK:DB17402,Belagenpumatucel-L (SK-LU-1),UNII:15D3M1SIYH,BELAGENPUMATUCEL-L (SK-LU-1),NCBITaxon:9606,Homo sapiens (human),,,,,False
DRUGBANK:DB17412,Gemogenovatucel-T,UNII:27RU78H2H9,GEMOGENOVATUCEL-T,NCBITaxon:9606,Homo sapiens (human),NCIT:C90552,Gemogenovatucel-T,NCIT:C1663 (Antineoplastic Vaccine),"T109=Organic Chemical|T116=Amino Acid, Peptide, or Protein|T121=Pharmacologic Substance|T129=Immunologic Factor",False
DRUGBANK:DB17464,ETBX-011,UNII:RP9RQ0SOM8,ETBX-011,NCBITaxon:28285,Human adenovirus 5,NCIT:C91373,Adenoviral Vector Ad5-CEA(6D) Vaccine,NCIT:C204256 (Adenovirus Serotype 5-based Therapeutic Agent)|NCIT:C49146 (Adenovirus Vaccine),"T116=Amino Acid, Peptide, or Protein|T121=Pharmacologic Substance|T129=Immunologic Factor",False
DRUGBANK:DB17528,ETBX-021,UNII:S4MK9TOL0D,ETBX-021,NCBITaxon:28285,Human adenovirus 5,NCIT:C150517,"Ad5 [E1-, E2b-]-HER2/Neu Vaccine ETBX-021",NCIT:C1663 (Antineoplastic Vaccine)|NCIT:C204256 (Adenovirus Serotype 5-based Therapeutic Agent)|NCIT:C49146 (Adenovirus Vaccine),T121=Pharmacologic Substance|T129=Immunologic Factor,False
DRUGBANK:DB17529,ETBX-051,UNII:BPG11IF0HW,ETBX-051,NCBITaxon:28285,Human adenovirus 5,NCIT:C143034,Adenoviral Brachyury Vaccine ETBX-051,NCIT:C1572 (Recombinant Viral Vaccine)|NCIT:C204256 (Adenovirus Serotype 5-based Therapeutic Agent),T121=Pharmacologic Substance|T129=Immunologic Factor,False
DRUGBANK:DB17530,ETBX-061,UNII:17K7SN702N,ETBX-061,NCBITaxon:28285,Human adenovirus 5,NCIT:C143035,Adenoviral MUC1 Vaccine ETBX-061,NCIT:C1572 (Recombinant Viral Vaccine)|NCIT:C204256 (Adenovirus Serotype 5-based Therapeutic Agent),T121=Pharmacologic Substance|T129=Immunologic Factor,False
DRUGBANK:DB17538,Atidarsagene autotemcel,UNII:EPP8G99QG4,ATIDARSAGENE AUTOTEMCEL,NCBITaxon:9606,Homo sapiens (human),NCIT:C180638,Atidarsagene Autotemcel,NCIT:C119988 (Genetically Engineered Hematopoietic Stem Progenitor Cells)|NCIT:C203001 (Therapeutic Autologous Hematopoietic Stem Cells),T025=Cell|T121=Pharmacologic Substance,False
DRUGBANK:DB17588,Rocapuldencel-T,UNII:8I9S6401XZ,ROCAPULDENCEL-T,NCBITaxon:9606,Homo sapiens (human),NCIT:C77907,Rocapuldencel-T,NCIT:C28310 (Dendritic Cell Vaccine),"T025=Cell|T116=Amino Acid, Peptide, or Protein|T121=Pharmacologic Substance|T129=Immunologic Factor",False
DRUGBANK:DB17595,RP-L201,UNII:RD86XHH46N,MARNETEGRAGENE AUTOTEMCEL,NCBITaxon:9606,Homo sapiens (human),NCIT:C180650,Marnetegragene Autotemcel,NCIT:C119988 (Genetically Engineered Hematopoietic Stem Progenitor Cells),T025=Cell,False
DRUGBANK:DB17606,Rexlemestrocel-L,UNII:4LS0IJZ59V,REXLEMESTROCEL-L,NCBITaxon:9606,Homo sapiens (human),NCIT:C171655,Rexlemestrocel-L,NCIT:C201556 (Therapeutic Mesenchymal Stem Cells),T025=Cell,False
DRUGBANK:DB17676,Oxabact,UNII:330ZY4KI6F,OXALOBACTER FORMIGENES,NCBITaxon:847,Oxalobacter formigenes,,,,,False
DRUGBANK:DB17743,Fecal microbiota,UNII:Q805XO2F7C,FECAL MICROBIOTA,NCBITaxon:9606,Homo sapiens (human),,,,,False
DRUGBANK:DB17753,Bos taurus colostrum immunoglobulins,UNII:EP5SDKM7A0,BOS TAURUS COLOSTRUM IMMUNOGLOBULINS,NCBITaxon:9913,Bos taurus (domestic cattle),,,,,False
DRUGBANK:DB17755,Staphylococcus aureus immune globulin (human),UNII:SX5Y4A7UBI,HUMAN STAPHYLOCOCCUS AUREUS IMMUNE GLOBULIN,NCBITaxon:9606,Homo sapiens (human),,,,,False
DRUGBANK:DB17765,Respigam,UNII:78I1W13C3D,RESPIRATORY SYNCYTIAL VIRUS IMMUNE GLOBULIN INTRAVENOUS (HUMAN),NCBITaxon:9606,Homo sapiens (human),,,,,False
DRUGBANK:DB17813,Hepatitis C immune globulin (human),UNII:U5V5MUD1KD,HEPATITIS C IMMUNE GLOBULIN (HUMAN),NCBITaxon:9606,Homo sapiens (human),NCIT:C105618,Therapeutic Hepatitis C Immune Globulin,NCIT:C2701 (Therapeutic Immune Globulin),"T116=Amino Acid, Peptide, or Protein|T121=Pharmacologic Substance|T129=Immunologic Factor",False
DRUGBANK:DB17878,Dabocemagene autoficel,UNII:0S9A4XK1WT,DABOCEMAGENE AUTOFICEL,NCBITaxon:9606,Homo sapiens (human),NCIT:C180642,Dabocemagene Autoficel,NCIT:C154231 (Genetically-engineered Cell),T025=Cell,False
DRUGBANK:DB17879,Bacteroides thetaiotaomicron,UNII:H9HCE7993P,BACTEROIDES THETAIOTAOMICRON,NCBITaxon:818,Bacteroides thetaiotaomicron,,,,,False
DRUGBANK:DB17895,Prademagene zamikeracel,UNII:4UU2O40RHU,PRADEMAGENE ZAMIKERACEL,NCBITaxon:9606,Homo sapiens (human),NCIT:C175196,Prademagene Zamikeracel,NCIT:C154231 (Genetically-engineered Cell),T025=Cell|T121=Pharmacologic Substance,False
DRUGBANK:DB17925,Autologous adipose derived mesenchymal stromal cells,UNII:KA0IJR9DZ7,AUTOLOGOUS ADIPOSE DERIVED MESENCHYMAL STEM CELLS (MSCS),NCBITaxon:9606,Homo sapiens (human),,,,,False
DRUGBANK:DB17926,Autologous cord blood,UNII:VDX0F5H4FP,AUTOLOGOUS CORD BLOOD,NCBITaxon:9606,Homo sapiens (human),,,,,False
DRUGBANK:DB17955,Palucorcel,UNII:3T0UGR2M5Q,HUMAN UMBILICAL TISSUE-DERIVED CELLS,NCBITaxon:9606,Homo sapiens (human),,,,,False
DRUGBANK:DB17990,PLX-PAD,UNII:DPX6XLD4X1,EMIPLACEL,NCBITaxon:9606,Homo sapiens (human),NCIT:C169942,Emiplacel,NCIT:C208118 (Therapeutic Mesenchymal Stromal Cells),T025=Cell,False
DRUGBANK:DB18032,Allogenic bone marrow-derived mesenchymal stem cells,UNII:OEN4982XNW,ALLOGENIC BONE-MARROW-DERIVED MESENCHYMAL STEM CELLS,NCBITaxon:9606,Homo sapiens (human),,,,,False
DRUGBANK:DB18147,Firolimogene autotemcel,UNII:XH2XT2GQS6,FIROLIMOGENE AUTOTEMCEL,NCBITaxon:9606,Homo sapiens (human),NCIT:C184824,Firolimogene Autotemcel,NCIT:C154231 (Genetically-engineered Cell),T025=Cell,False
DRUGBANK:DB18202,Ilixadencel,UNII:PY29292DVJ,ILIXADENCEL,NCBITaxon:9606,Homo sapiens (human),NCIT:C99902,Ilixadencel,NCIT:C213431 (IL-12-based Therapeutic Agent)|NCIT:C28310 (Dendritic Cell Vaccine),T025=Cell|T121=Pharmacologic Substance|T129=Immunologic Factor,False
DRUGBANK:DB18311,Taniraleucel,UNII:XO25H8E4QP,TANIRALEUCEL,NCBITaxon:9606,Homo sapiens (human),NCIT:C173877,Taniraleucel,NCIT:C201545 (Therapeutic Natural Killer Cells Preparation)|NCIT:C28676 (Therapeutic Allogeneic Lymphocytes),T025=Cell,False
DRUGBANK:DB18386,AV-0113,UNII:H2CDQ1PWN7,AUDENCEL,NCBITaxon:9606,Homo sapiens (human),NCIT:C123928,Audencel,NCIT:C129826 (Antineoplastic Immune Cell)|NCIT:C28310 (Dendritic Cell Vaccine),T025=Cell,False
DRUGBANK:DB18449,Mycobacterium vaccae,UNII:I639ME27W5,MYCOBACTERIUM VACCAE,NCBITaxon:1810,Mycolicibacterium vaccae,,,,,False
DRUGBANK:DB18530,Bifidobacterium spp.,UNII:IO1WP3918D,BIFIDOBACTERIUM SPP.,NCBITaxon:1678,Bifidobacterium,,,,,False
DRUGBANK:DB18532,Lactobacillus brevis,UNII:268IL53Q7O,LEVILACTOBACILLUS BREVIS,NCBITaxon:1580,Levilactobacillus brevis,,,,,False
DRUGBANK:DB18592,Afamitresgene autoleucel,UNII:CUY18BJ7BP,AFAMITRESGENE AUTOLEUCEL,NCBITaxon:9606,Homo sapiens (human),NCIT:C175738,Afamitresgene Autoleucel,NCIT:C129826 (Antineoplastic Immune Cell)|NCIT:C138180 (T-cell Receptor-engineered T-cells)|NCIT:C28681 (Therapeutic Autologous Lymphocytes),T025=Cell|T121=Pharmacologic Substance,False
DRUGBANK:DB18598,INH-A21,UNII:9LKK68BOP0,INH-A21,NCBITaxon:9606,Homo sapiens (human),,,,,False
DRUGBANK:DB18639,MT-401,UNII:L4D9X59F34,ZEDENOLEUCEL,NCBITaxon:9606,Homo sapiens (human),NCIT:C175351,Zedenoleucel,NCIT:C28676 (Therapeutic Allogeneic Lymphocytes),T025=Cell,False
DRUGBANK:DB18640,ALLO-715,UNII:Q137JC2CLV,NENDOCABTAGENE ONOGEDLEUCEL,NCBITaxon:9606,Homo sapiens (human),NCIT:C165779,Allogeneic Anti-BCMA CAR-transduced T-cells ALLO-715,NCIT:C176023 (Anti-BCMA CAR T Cells Preparation)|NCIT:C200765 (Allogeneic CAR-T Cells),T025=Cell,False
DRUGBANK:DB18659,Avoplacel,UNII:79NT7I8J0C,AVOPLACEL,NCBITaxon:9606,Homo sapiens (human),NCIT:C171652,Avoplacel,NCIT:C142078 (Adoptive Cell Therapy Agent),T025=Cell,False
DRUGBANK:DB18680,Lovotibeglogene autotemcel,UNII:2C6A9NH2Z8,LOVOTIBEGLOGENE AUTOTEMCEL,NCBITaxon:9606,Homo sapiens (human),NCIT:C176855,Lovotibeglogene Autotemcel,NCIT:C119988 (Genetically Engineered Hematopoietic Stem Progenitor Cells)|NCIT:C28681 (Therapeutic Autologous Lymphocytes),T025=Cell|T121=Pharmacologic Substance,False
DRUGBANK:DB18691,Rovaleucel,UNII:TL8FKX4ISW,ROVALEUCEL,NCBITaxon:9606,Homo sapiens (human),NCIT:C174916,Rovaleucel,NCIT:C28681 (Therapeutic Autologous Lymphocytes),T025=Cell,False
DRUGBANK:DB18722,Dilanubicel,UNII:FR89SC8CT4,DILANUBICEL,NCBITaxon:9606,Homo sapiens (human),NCIT:C146992,Dilanubicel,NCIT:C203000 (Therapeutic Allogeneic Hematopoietic Stem Cells),T025=Cell,False
DRUGBANK:DB18764,Zamtocabtagene autoleucel,UNII:NT3BAN5MDV,ZAMTOCABTAGENE AUTOLEUCEL,NCBITaxon:9606,Homo sapiens (human),NCIT:C180596,Zamtocabtagene Autoleucel,NCIT:C176018 (Anti-CD19 CAR T Cells Preparation)|NCIT:C200766 (Autologous CAR-T Cells),T025=Cell|T121=Pharmacologic Substance,False
DRUGBANK:DB18906,MG-4101,UNII:WX2ZW10GHO,MG-4101,NCBITaxon:9606,Homo sapiens (human),NCIT:C94209,Allogeneic Natural Killer Cell Line MG4101,NCIT:C201545 (Therapeutic Natural Killer Cells Preparation)|NCIT:C28676 (Therapeutic Allogeneic Lymphocytes),T025=Cell|T121=Pharmacologic Substance,False
DRUGBANK:DB18979,Relmacabtagene autoleucel,UNII:K5CXA4X5U8,RELMACABTAGENE AUTOLEUCEL,NCBITaxon:9606,Homo sapiens (human),NCIT:C155878,Relmacabtagene Autoleucel,NCIT:C176018 (Anti-CD19 CAR T Cells Preparation)|NCIT:C200766 (Autologous CAR-T Cells),T025=Cell|T121=Pharmacologic Substance,False
DRUGBANK:DB19059,Iltamiocel,UNII:QTA2A5N6BE,ILTAMIOCEL,NCBITaxon:9606,Homo sapiens (human),NCIT:C177094,Iltamiocel,NCIT:C142078 (Adoptive Cell Therapy Agent),T025=Cell|T121=Pharmacologic Substance,False
DRUGBANK:DB19089,Propionibacterium acnes,UNII:TRZ1AA965O,PROPIONIBACTERIUM ACNES,NCBITaxon:1747,Cutibacterium acnes,NCIT:C14378,Propionibacterium acnes,NCIT:C86013 (Propionibacterium),T007=Bacterium,False
DRUGBANK:DB19093,Lactobacillus crispatus strain CTV-05,UNII:RP8X0ZB061,LACTOBACILLUS CRISPATUS STRAIN CTV-05,NCBITaxon:47770,Lactobacillus crispatus,,,,,False
DRUGBANK:DB19103,Simoladagene autotemcel,UNII:MOD3RG31RS,SIMOLADAGENE AUTOTEMCEL,NCBITaxon:9606,Homo sapiens (human),NCIT:C171810,Simoladagene Autotemcel,NCIT:C119988 (Genetically Engineered Hematopoietic Stem Progenitor Cells),T025=Cell|T121=Pharmacologic Substance,False
DRUGBANK:DB19107,Rivogenlecleucel,UNII:E6349B696W,RIVOGENLECLEUCEL,NCBITaxon:9606,Homo sapiens (human),NCIT:C105395,Rivogenlecleucel,NCIT:C213868 (Genetically-engineered T-cells)|NCIT:C28676 (Therapeutic Allogeneic Lymphocytes),T025=Cell,False
DRUGBANK:DB19117,Lapuleucel-t,UNII:J5Z87L8ROA,LAPULEUCEL-T,NCBITaxon:9606,Homo sapiens (human),NCIT:C2057,Lapuleucel-T,NCIT:C1987 (Dendritic Cell Tumor Peptide Vaccine),T121=Pharmacologic Substance|T129=Immunologic Factor,False
DRUGBANK:DB19145,Baltaleucel-T,UNII:F9670LP52I,BALTALEUCEL-T,NCBITaxon:9606,Homo sapiens (human),NCIT:C129374,Baltaleucel-T,NCIT:C28681 (Therapeutic Autologous Lymphocytes),T025=Cell|T121=Pharmacologic Substance,False
DRUGBANK:DB19154,Mocemestrocel,UNII:8HM51ZKE1F,MOCEMESTROCEL,NCBITaxon:9606,Homo sapiens (human),NCIT:C175146,Mocemestrocel,NCIT:C208118 (Therapeutic Mesenchymal Stromal Cells),T025=Cell|T121=Pharmacologic Substance,False
DRUGBANK:DB19155,Nalotimagene carmaleucel,UNII:2SS05WO6EV,NALOTIMAGENE CARMALEUCEL,NCBITaxon:9606,Homo sapiens (human),NCIT:C175827,Nalotimagene Carmaleucel,NCIT:C28676 (Therapeutic Allogeneic Lymphocytes),T025=Cell,False
DRUGBANK:DB19188,Cenplacel-L,UNII:OOH12XV6XR,CENPLACEL-L,NCBITaxon:9606,Homo sapiens (human),NCIT:C171653,Cenplacel-L,NCIT:C142078 (Adoptive Cell Therapy Agent),T025=Cell,False
DRUGBANK:DB19219,Autologous ex vivo expanded cd4+-enriched leukocytes treated with the de-methylating agent 5-aza-deoxycytidine,UNII:B2NUS89036,AUTOLOGOUS EX VIVO EXPANDED CD4+-ENRICHED LEUKOCYTES TREATED WITH THE DE-METHYLATING AGENT 5-AZA-DEOXYCYTIDINE,NCBITaxon:9606,Homo sapiens (human),NCIT:C112495,Autologous Lymphoid Effector Cells Specific Against Tumor Cells,NCIT:C129826 (Antineoplastic Immune Cell)|NCIT:C28681 (Therapeutic Autologous Lymphocytes),T025=Cell|T121=Pharmacologic Substance,False
DRUGBANK:DB19245,Bacillus cereus,UNII:7YC151N82L,BACILLUS CEREUS,NCBITaxon:1396,Bacillus cereus,NCIT:C86161,Bacillus cereus,NCIT:C76202 (Bacillus),T007=Bacterium,False
DRUGBANK:DB19246,Bacillus coagulans,UNII:ISK1LOY57E,BACILLUS COAGULANS,NCBITaxon:1398,Heyndrickxia coagulans,NCIT:C86939,Bacillus coagulans,NCIT:C76202 (Bacillus),T007=Bacterium|T121=Pharmacologic Substance,False
DRUGBANK:DB19247,Bacillus licheniformis,UNII:WAN07H3BQL,BACILLUS LICHENIFORMIS,NCBITaxon:1402,Bacillus licheniformis,,,,,False
DRUGBANK:DB19248,Bifidobacterium longum,UNII:831AQW699W,BIFIDOBACTERIUM LONGUM,NCBITaxon:216816,Bifidobacterium longum,,,,,False
DRUGBANK:DB19249,Bos taurus colostrum,UNII:S256WJ3OFQ,BOS TAURUS COLOSTRUM,NCBITaxon:9913,Bos taurus (domestic cattle),,,,,False
DRUGBANK:DB19252,Ecklonia cava,UNII:UXX2N5V39P,ECKLONIA CAVA,NCBITaxon:105407,Ecklonia cava,,,,,True
DRUGBANK:DB19262,Grifola frondosa whole,UNII:A1U5YJI0Z8,MAITAKE,NCBITaxon:5627,Grifola frondosa (maitake),,,,,False
DRUGBANK:DB19268,Romyelocel-L,UNII:BEX65U1K6I,ROMYELOCEL-L,NCBITaxon:9606,Homo sapiens (human),NCIT:C82381,Romyelocel-L,NCIT:C62712 (Non-Tumor Cell Derivative Vaccine),T025=Cell|T121=Pharmacologic Substance,False
DRUGBANK:DB19272,Taiwanofungus camphoratus fruiting body,UNII:3796H63LII,TAIWANOFUNGUS CAMPHORATUS FRUITING BODY,NCBITaxon:196114,,NCIT:C129711,Botanical Agent LEAC-102,NCIT:C1931 (Antineoplastic Plant Product),T109=Organic Chemical|T121=Pharmacologic Substance,False
DRUGBANK:DB19274,Streptococcus salivarius,UNII:NN52U3ZACZ,STREPTOCOCCUS SALIVARIUS,NCBITaxon:1304,Streptococcus salivarius,NCIT:C86804,Streptococcus salivarius,NCIT:C86805 (Streptococcus salivarius Group),T007=Bacterium,False
DRUGBANK:DB19275,Stapuldencel,UNII:RB8MSD888P,STAPULDENCEL,NCBITaxon:9606,Homo sapiens (human),NCIT:C115106,Stapuldencel-T,NCIT:C2594 (Therapeutic Autologous Dendritic Cells),T121=Pharmacologic Substance|T129=Immunologic Factor,False
DRUGBANK:DB19282,Lacticaseibacillus rhamnosus,UNII:9601IVB87J,LACTICASEIBACILLUS RHAMNOSUS,NCBITaxon:47715,Lacticaseibacillus rhamnosus,,,,,False
DRUGBANK:DB19284,Pseudomonas aeruginosa,UNII:Y793W5V55N,PSEUDOMONAS AERUGINOSA,NCBITaxon:287,Pseudomonas aeruginosa,NCIT:C86696,Pseudomonas aeruginosa,NCIT:C76375 (Pseudomonas),T007=Bacterium,False
DRUGBANK:DB19286,Human colostrum,UNII:VB6F65I6F5,HUMAN COLOSTRUM,NCBITaxon:9606,Homo sapiens (human),NCIT:C32348,Human Colostrum,NCIT:C13401 (Breast Fluid or Secretion),"T116=Amino Acid, Peptide, or Protein|T121=Pharmacologic Substance",False
DRUGBANK:DB19288,Ophiocordyceps sinensis,UNII:8Q1GYP08KU,OPHIOCORDYCEPS SINENSIS,NCBITaxon:72228,Ophiocordyceps sinensis,,,,,False
DRUGBANK:DB19289,Xanthium sibiricum fruit,UNII:3H333L84C2,XANTHIUM SIBIRICUM FRUIT,NCBITaxon:576365,Xanthium sibiricum,,,,,False
DRUGBANK:DB19294,Japanese Encephalitis Virus Vaccine Inactivated,UNII:2V2JJ0S00T,JAPANESE ENCEPHALITIS VIRUS STRAIN NAKAYAMA-NIH ANTIGEN (FORMALDEHYDE INACTIVATED),NCBITaxon:11072,Japanese encephalitis virus,NCIT:C75797,Japanese encephalitis Virus Strain Nakayama-NIH Antigen (Formaldehyde Inactivated),NCIT:C268 (Antigen),T121=Pharmacologic Substance|T129=Immunologic Factor,False
DRUGBANK:DB19295,Platelet Rich Plasma,UNII:ZW1U5HYZ1A,PLATELET RICH PLASMA,NCBITaxon:9606,Homo sapiens (human),NCIT:C177738,Therapeutic Autologous Platelet-rich Plasma,NCIT:C307 (Biological Agent),T121=Pharmacologic Substance,False
DRUGBANK:DB19297,Human placenta hydrolysate,UNII:24L835P10X,HUMAN PLACENTA HYDROLYSATE,NCBITaxon:9606,Homo sapiens (human),NCIT:C90806,Human Placenta Hydrolysate,NCIT:C307 (Biological Agent),"T116=Amino Acid, Peptide, or Protein|T121=Pharmacologic Substance",False
DRUGBANK:DB19342,Streptococcus pneumoniae type 9N capsular polysaccharide diphtheria CRM197 protein conjugate antigen,UNII:XI7GQF2NHD,STREPTOCOCCUS PNEUMONIAE TYPE 9N CAPSULAR POLYSACCHARIDE DIPHTHERIA CRM197 PROTEIN CONJUGATE ANTIGEN,NCBITaxon:1313,Streptococcus pneumoniae,,,,,False
