compendium,before_leader,before_leader_label,before_leader_type,before_size,destination,destination_label,destination_kind,destination_compendium,destination_type,after_size,member_count,example_members
AnatomicalEntity.txt,UBERON:0000044,dorsal root ganglion,biolink:AnatomicalEntity,10,EMAPA:16668,dorsal root ganglion,regrouped,AnatomicalEntity.txt,biolink:AnatomicalEntity,1,1,"EMAPA:16668 ""dorsal root ganglion"""
AnatomicalEntity.txt,UBERON:0000044,dorsal root ganglion,biolink:AnatomicalEntity,10,EMAPA:18372,tail dorsal root ganglion,regrouped,AnatomicalEntity.txt,biolink:AnatomicalEntity,1,1,"EMAPA:18372 ""tail dorsal root ganglion"""
AnatomicalEntity.txt,UBERON:0000044,dorsal root ganglion,biolink:AnatomicalEntity,10,UBERON:0000044,dorsal root ganglion,kept,AnatomicalEntity.txt,biolink:AnatomicalEntity,8,8,"EMAPA:16667 ""spinal ganglion""; FMA:5888 """"; FMA:70767 """"; MESH:D005727 """"; NCIT:C12462 ""Dorsal Root Ganglion"""
AnatomicalEntity.txt,UBERON:0000167,oral cavity,biolink:AnatomicalEntity,9,EMAPA:18399,oral region cavity,regrouped,AnatomicalEntity.txt,biolink:AnatomicalEntity,1,1,"EMAPA:18399 ""oral region cavity"""
AnatomicalEntity.txt,UBERON:0000167,oral cavity,biolink:AnatomicalEntity,9,UBERON:0000167,oral cavity,kept,AnatomicalEntity.txt,biolink:AnatomicalEntity,8,8,"EMAPA:17411 ""oral cavity""; FMA:20292 """"; MESH:D009055 """"; NCIT:C12421 ""Oral Cavity""; UBERON:0000167 ""oral cavity"""
AnatomicalEntity.txt,UBERON:0001021,nerve,biolink:AnatomicalEntity,12,EMAPA:32815,peripheral nerve,regrouped,AnatomicalEntity.txt,biolink:AnatomicalEntity,1,1,"EMAPA:32815 ""peripheral nerve"""
AnatomicalEntity.txt,UBERON:0001021,nerve,biolink:AnatomicalEntity,12,UBERON:0001021,nerve,kept,AnatomicalEntity.txt,biolink:AnatomicalEntity,11,11,"EMAPA:32808 ""nerve""; FBbt:00005105 ""nerve""; FMA:65132 """"; FMA:65239 """"; MESH:D010525 """""
AnatomicalEntity.txt,UBERON:0001074,pericardial cavity,biolink:AnatomicalEntity,7,EMAPA:16132,pericardial cavity,regrouped,AnatomicalEntity.txt,biolink:AnatomicalEntity,1,1,"EMAPA:16132 ""pericardial cavity"""
AnatomicalEntity.txt,UBERON:0001074,pericardial cavity,biolink:AnatomicalEntity,7,UBERON:0001074,pericardial cavity,kept,AnatomicalEntity.txt,biolink:AnatomicalEntity,6,6,"EMAPA:16131 ""pericardial component""; FMA:11350 """"; NCIT:C38662 ""Pericardial Cavity""; UBERON:0001074 ""pericardial cavity""; UMLS:C0225972 ""Pericardial cavity"""
AnatomicalEntity.txt,UBERON:0001286,Bowman's space,biolink:AnatomicalEntity,8,UBERON:0001286,Bowman's space,kept,AnatomicalEntity.txt,biolink:AnatomicalEntity,7,7,"EMAPA:27985 ""urinary space of maturing renal corpuscle""; FMA:17676 """"; NCIT:C33840 ""Urinary Space""; UBERON:0001286 ""Bowman's space""; UMLS:C0227643 ""Structure of Bowman's space"""
AnatomicalEntity.txt,UBERON:0001286,Bowman's space,biolink:AnatomicalEntity,8,EMAPA:28263,urinary space of mature renal corpuscle,moved,GrossAnatomicalStructure.txt,biolink:GrossAnatomicalStructure,1,1,"EMAPA:28263 ""urinary space of mature renal corpuscle"""
AnatomicalEntity.txt,UBERON:0001876,amygdala,biolink:AnatomicalEntity,7,UBERON:0001876,amygdala,kept,AnatomicalEntity.txt,biolink:AnatomicalEntity,6,6,"EMAPA:32672 ""amygdala""; FMA:61841 """"; MESH:D000679 """"; NCIT:C12440 ""Amygdala""; UBERON:0001876 ""amygdala"""
AnatomicalEntity.txt,UBERON:0001876,amygdala,biolink:AnatomicalEntity,7,EMAPA:36051,amygdaloid nucleus,moved,GrossAnatomicalStructure.txt,biolink:GrossAnatomicalStructure,1,1,"EMAPA:36051 ""amygdaloid nucleus"""
AnatomicalEntity.txt,UBERON:0001887,internal capsule of telencephalon,biolink:AnatomicalEntity,7,UBERON:0001887,internal capsule of telencephalon,kept,AnatomicalEntity.txt,biolink:AnatomicalEntity,6,6,"EMAPA:18206 ""diencephalon internal capsule""; FMA:61950 """"; MESH:D020772 """"; NCIT:C13082 ""Internal Capsule""; UBERON:0001887 ""internal capsule of telencephalon"""
AnatomicalEntity.txt,UBERON:0001887,internal capsule of telencephalon,biolink:AnatomicalEntity,7,EMAPA:35437,cerebral internal capsule,moved,GrossAnatomicalStructure.txt,biolink:GrossAnatomicalStructure,1,1,"EMAPA:35437 ""cerebral internal capsule"""
AnatomicalEntity.txt,UBERON:0002192,ventricular system choroidal fissure,biolink:AnatomicalEntity,7,UBERON:0002192,ventricular system choroidal fissure,kept,AnatomicalEntity.txt,biolink:AnatomicalEntity,6,6,"EMAPA:17548 ""choroid invagination""; FMA:74512 """"; NCIT:C32311 ""Choroidal Fissure""; UBERON:0002192 ""ventricular system choroidal fissure""; UMLS:C0262212 ""Choroidal fissure"""
AnatomicalEntity.txt,UBERON:0002192,ventricular system choroidal fissure,biolink:AnatomicalEntity,7,EMAPA:17768,choroid fissure,moved,GrossAnatomicalStructure.txt,biolink:GrossAnatomicalStructure,1,1,"EMAPA:17768 ""choroid fissure"""
AnatomicalEntity.txt,UBERON:0002256,dorsal horn of spinal cord,biolink:AnatomicalEntity,9,EMAPA:35790,spinal cord dorsal horn,regrouped,AnatomicalEntity.txt,biolink:AnatomicalEntity,1,1,"EMAPA:35790 ""spinal cord dorsal horn"""
AnatomicalEntity.txt,UBERON:0002256,dorsal horn of spinal cord,biolink:AnatomicalEntity,9,UBERON:0002256,dorsal horn of spinal cord,kept,AnatomicalEntity.txt,biolink:AnatomicalEntity,8,8,"EMAPA:18574 ""dorsal grey horn""; FMA:256530 """"; MESH:D066148 """"; NCIT:C32473 ""Dorsal Horn of the Spinal Cord""; UBERON:0002256 ""dorsal horn of spinal cord"""
AnatomicalEntity.txt,UBERON:0002257,ventral horn of spinal cord,biolink:AnatomicalEntity,8,EMAPA:35794,spinal cord ventral horn,regrouped,AnatomicalEntity.txt,biolink:AnatomicalEntity,1,1,"EMAPA:35794 ""spinal cord ventral horn"""
AnatomicalEntity.txt,UBERON:0002257,ventral horn of spinal cord,biolink:AnatomicalEntity,8,UBERON:0002257,ventral horn of spinal cord,kept,AnatomicalEntity.txt,biolink:AnatomicalEntity,7,7,"EMAPA:18575 ""ventral grey horn""; FMA:256541 """"; NCIT:C33859 ""Ventral Horn of the Spinal Cord""; UBERON:0002257 ""ventral horn of spinal cord""; UMLS:C0228569 """""
AnatomicalEntity.txt,UBERON:0002263,lentiform nucleus,biolink:AnatomicalEntity,7,UBERON:0002263,lentiform nucleus,kept,AnatomicalEntity.txt,biolink:AnatomicalEntity,6,6,"EMAPA:18208 ""lentiform nucleus""; FMA:77615 """"; FMA:84037 """"; NCIT:C32977 ""Lenticular Nucleus""; UBERON:0002263 ""lentiform nucleus"""
AnatomicalEntity.txt,UBERON:0002263,lentiform nucleus,biolink:AnatomicalEntity,7,EMAPA:19147,lenticular nucleus,moved,GrossAnatomicalStructure.txt,biolink:GrossAnatomicalStructure,1,1,"EMAPA:19147 ""lenticular nucleus"""
AnatomicalEntity.txt,UBERON:0002402,pleural cavity,biolink:AnatomicalEntity,7,EMAPA:16774,pleural cavity,regrouped,AnatomicalEntity.txt,biolink:AnatomicalEntity,1,1,"EMAPA:16774 ""pleural cavity"""
AnatomicalEntity.txt,UBERON:0002402,pleural cavity,biolink:AnatomicalEntity,7,UBERON:0002402,pleural cavity,kept,AnatomicalEntity.txt,biolink:AnatomicalEntity,6,6,"EMAPA:16773 ""pleural component""; FMA:9740 """"; MESH:D035422 """"; NCIT:C12840 ""Pleural Cavity""; UBERON:0002402 ""pleural cavity"""
AnatomicalEntity.txt,UBERON:0002709,posterior nuclear complex of thalamus,biolink:AnatomicalEntity,6,UBERON:0002709,posterior nuclear complex of thalamus,kept,AnatomicalEntity.txt,biolink:AnatomicalEntity,5,5,"EMAPA:35697 ""posterior thalamic group""; FMA:62024 """"; MESH:D020656 """"; UBERON:0002709 ""posterior nuclear complex of thalamus""; UMLS:C0175298 ""Posterior Thalamic Nuclei"""
AnatomicalEntity.txt,UBERON:0002709,posterior nuclear complex of thalamus,biolink:AnatomicalEntity,6,EMAPA:35698,posterior thalamic nucleus,moved,GrossAnatomicalStructure.txt,biolink:GrossAnatomicalStructure,1,1,"EMAPA:35698 ""posterior thalamic nucleus"""
AnatomicalEntity.txt,UBERON:0002827,vestibulocochlear ganglion,biolink:AnatomicalEntity,7,EMAPA:17571,vestibulo-cochlear ganglion,regrouped,AnatomicalEntity.txt,biolink:AnatomicalEntity,1,1,"EMAPA:17571 ""vestibulo-cochlear ganglion"""
AnatomicalEntity.txt,UBERON:0002827,vestibulocochlear ganglion,biolink:AnatomicalEntity,7,UBERON:0002827,vestibulocochlear ganglion,kept,AnatomicalEntity.txt,biolink:AnatomicalEntity,6,6,"EMAPA:16982 ""acoustic ganglion""; FMA:53445 """"; NCIT:C179825 ""Spiral Ganglion""; UBERON:0002827 ""vestibulocochlear ganglion""; UMLS:C0037959 ""Structure of spiral ganglion"""
AnatomicalEntity.txt,UBERON:0003059,presomitic mesoderm,biolink:AnatomicalEntity,4,UBERON:0003059,presomitic mesoderm,kept,AnatomicalEntity.txt,biolink:AnatomicalEntity,3,3,"EMAPA:16189 ""trunk unsegmented mesenchyme""; UBERON:0003059 ""presomitic mesoderm""; ZFA:0000279 ""segmental plate"""
AnatomicalEntity.txt,UBERON:0003059,presomitic mesoderm,biolink:AnatomicalEntity,4,EMAPA:16752,tail unsegmented mesenchyme,moved,GrossAnatomicalStructure.txt,biolink:GrossAnatomicalStructure,1,1,"EMAPA:16752 ""tail unsegmented mesenchyme"""
AnatomicalEntity.txt,UBERON:0003064,intermediate mesoderm,biolink:AnatomicalEntity,7,UBERON:0003064,intermediate mesoderm,kept,AnatomicalEntity.txt,biolink:AnatomicalEntity,6,6,"EMAPA:16056 ""intermediate endoderm""; FMA:293147 """"; NCIT:C34193 ""Intermediate Mesoderm""; UBERON:0003064 ""intermediate mesoderm""; UMLS:C1284010 ""Intermediate Mesoderm"""
AnatomicalEntity.txt,UBERON:0003064,intermediate mesoderm,biolink:AnatomicalEntity,7,EMAPA:16178,intermediate mesenchyme,moved,GrossAnatomicalStructure.txt,biolink:GrossAnatomicalStructure,1,1,"EMAPA:16178 ""intermediate mesenchyme"""
AnatomicalEntity.txt,UBERON:0003902,retinal neural layer,biolink:AnatomicalEntity,6,UBERON:0003902,retinal neural layer,kept,AnatomicalEntity.txt,biolink:AnatomicalEntity,5,5,"EMAPA:17171 ""neural retinal epithelium""; NCIT:C33166 ""Neural Retina""; UBERON:0003902 ""retinal neural layer""; UMLS:C1518263 ""Neural Retina""; ZFA:0000046 ""retinal neural layer"""
AnatomicalEntity.txt,UBERON:0003902,retinal neural layer,biolink:AnatomicalEntity,6,EMAPA:18590,neural retina,moved,GrossAnatomicalStructure.txt,biolink:GrossAnatomicalStructure,1,1,"EMAPA:18590 ""neural retina"""
AnatomicalEntity.txt,UBERON:0004040,cortical intermediate zone,biolink:AnatomicalEntity,3,UBERON:0004040,cortical intermediate zone,kept,AnatomicalEntity.txt,biolink:AnatomicalEntity,2,2,"EMAPA:17545 ""cerebral cortex mantle layer""; UBERON:0004040 ""cortical intermediate zone"""
AnatomicalEntity.txt,UBERON:0004040,cortical intermediate zone,biolink:AnatomicalEntity,3,EMAPA:32712,cerebral cortex intermediate zone,moved,GrossAnatomicalStructure.txt,biolink:GrossAnatomicalStructure,1,1,"EMAPA:32712 ""cerebral cortex intermediate zone"""
AnatomicalEntity.txt,UBERON:0004063,spinal cord alar plate,biolink:AnatomicalEntity,3,EMAPA:17581,alar columns,regrouped,AnatomicalEntity.txt,biolink:AnatomicalEntity,1,1,"EMAPA:17581 ""alar columns"""
AnatomicalEntity.txt,UBERON:0004063,spinal cord alar plate,biolink:AnatomicalEntity,3,UBERON:0004063,spinal cord alar plate,kept,AnatomicalEntity.txt,biolink:AnatomicalEntity,2,2,"EMAPA:17149 ""neural tube alar columns""; UBERON:0004063 ""spinal cord alar plate"""
AnatomicalEntity.txt,UBERON:0004572,arterial system,biolink:AnatomicalEntity,3,EMAPA:16371,extraembryonic arterial system,regrouped,AnatomicalEntity.txt,biolink:AnatomicalEntity,1,1,"EMAPA:16371 ""extraembryonic arterial system"""
AnatomicalEntity.txt,UBERON:0004572,arterial system,biolink:AnatomicalEntity,3,UBERON:0004572,arterial system,kept,AnatomicalEntity.txt,biolink:AnatomicalEntity,2,2,"EMAPA:16201 ""arterial system""; UBERON:0004572 ""arterial system"""
AnatomicalEntity.txt,UBERON:0005197,segmental spinal nerve,biolink:AnatomicalEntity,3,EMAPA:25149,tail segmental spinal nerve,regrouped,AnatomicalEntity.txt,biolink:AnatomicalEntity,1,1,"EMAPA:25149 ""tail segmental spinal nerve"""
AnatomicalEntity.txt,UBERON:0005197,segmental spinal nerve,biolink:AnatomicalEntity,3,UBERON:0005197,segmental spinal nerve,kept,AnatomicalEntity.txt,biolink:AnatomicalEntity,2,2,"EMAPA:16990 ""segmental spinal nerve""; UBERON:0005197 ""segmental spinal nerve"""
AnatomicalEntity.txt,UBERON:0005501,rhombomere lateral wall,biolink:AnatomicalEntity,3,EMAPA:35364,future hindbrain lateral wall,regrouped,AnatomicalEntity.txt,biolink:AnatomicalEntity,1,1,"EMAPA:35364 ""future hindbrain lateral wall"""
AnatomicalEntity.txt,UBERON:0005501,rhombomere lateral wall,biolink:AnatomicalEntity,3,UBERON:0005501,rhombomere lateral wall,kept,AnatomicalEntity.txt,biolink:AnatomicalEntity,2,2,"EMAPA:32819 ""rhombomere lateral wall""; UBERON:0005501 ""rhombomere lateral wall"""
AnatomicalEntity.txt,UBERON:0005685,midgut dorsal mesentery,biolink:AnatomicalEntity,4,EMAPA:17040,midgut loop dorsal mesentery,regrouped,AnatomicalEntity.txt,biolink:AnatomicalEntity,1,1,"EMAPA:17040 ""midgut loop dorsal mesentery"""
AnatomicalEntity.txt,UBERON:0005685,midgut dorsal mesentery,biolink:AnatomicalEntity,4,EMAPA:18671,jejunum dorsal mesentery,regrouped,AnatomicalEntity.txt,biolink:AnatomicalEntity,1,1,"EMAPA:18671 ""jejunum dorsal mesentery"""
AnatomicalEntity.txt,UBERON:0005685,midgut dorsal mesentery,biolink:AnatomicalEntity,4,UBERON:0005685,midgut dorsal mesentery,kept,AnatomicalEntity.txt,biolink:AnatomicalEntity,2,2,"EMAPA:16722 ""midgut dorsal mesentery""; UBERON:0005685 ""midgut dorsal mesentery"""
AnatomicalEntity.txt,UBERON:0005777,glomerular basement membrane,biolink:AnatomicalEntity,8,UBERON:0005777,glomerular basement membrane,kept,AnatomicalEntity.txt,biolink:AnatomicalEntity,7,7,"EMAPA:28251 ""glomerular basement membrane of mature renal corpuscle""; FMA:74274 """"; MESH:D050533 """"; NCIT:C32683 ""Glomerular Basement Membrane""; UBERON:0005777 ""glomerular basement membrane"""
AnatomicalEntity.txt,UBERON:0005777,glomerular basement membrane,biolink:AnatomicalEntity,8,EMAPA:30965,glomerular basement membrane of maturing renal corpuscle,moved,GrossAnatomicalStructure.txt,biolink:GrossAnatomicalStructure,1,1,"EMAPA:30965 ""glomerular basement membrane of maturing renal corpuscle"""
AnatomicalEntity.txt,UBERON:0006241,future spinal cord,biolink:AnatomicalEntity,4,EMAPA:16755,tail future spinal cord,regrouped,AnatomicalEntity.txt,biolink:AnatomicalEntity,1,1,"EMAPA:16755 ""tail future spinal cord"""
AnatomicalEntity.txt,UBERON:0006241,future spinal cord,biolink:AnatomicalEntity,4,UBERON:0006241,future spinal cord,kept,AnatomicalEntity.txt,biolink:AnatomicalEntity,3,3,"EMAPA:16092 ""future spinal cord""; UBERON:0006241 ""future spinal cord""; ZFA:0000417 ""presumptive spinal cord"""
AnatomicalEntity.txt,UBERON:0006253,embryonic intraretinal space,biolink:AnatomicalEntity,3,UBERON:0006253,embryonic intraretinal space,kept,AnatomicalEntity.txt,biolink:AnatomicalEntity,2,2,"EMAPA:16676 ""optic cup intraretinal space""; UBERON:0006253 ""embryonic intraretinal space"""
AnatomicalEntity.txt,UBERON:0006253,embryonic intraretinal space,biolink:AnatomicalEntity,3,EMAPA:17170,intraretinal space,moved,GrossAnatomicalStructure.txt,biolink:GrossAnatomicalStructure,1,1,"EMAPA:17170 ""intraretinal space"""
AnatomicalEntity.txt,UBERON:0006270,optic pit,biolink:AnatomicalEntity,3,UBERON:0006270,optic pit,kept,AnatomicalEntity.txt,biolink:AnatomicalEntity,2,2,"EMAPA:16199 ""optic sulcus""; UBERON:0006270 ""optic pit"""
AnatomicalEntity.txt,UBERON:0006270,optic pit,biolink:AnatomicalEntity,3,EMAPA:16325,optic pit,moved,GrossAnatomicalStructure.txt,biolink:GrossAnatomicalStructure,1,1,"EMAPA:16325 ""optic pit"""
AnatomicalEntity.txt,UBERON:0006651,appendix testis,biolink:AnatomicalEntity,5,EMAPA:29304,male cystic vesicular appendage,regrouped,AnatomicalEntity.txt,biolink:AnatomicalEntity,1,1,"EMAPA:29304 ""male cystic vesicular appendage"""
AnatomicalEntity.txt,UBERON:0006651,appendix testis,biolink:AnatomicalEntity,5,UBERON:0006651,appendix testis,kept,AnatomicalEntity.txt,biolink:AnatomicalEntity,4,4,"EMAPA:19087 ""appendix testis""; NCIT:C32747 ""Hydatid of Morgagni""; UBERON:0006651 ""appendix testis""; UMLS:C1512521 """""
AnatomicalEntity.txt,UBERON:0009213,pharyngeal membrane of 1st arch,biolink:AnatomicalEntity,4,UBERON:0009213,pharyngeal membrane of 1st arch,kept,AnatomicalEntity.txt,biolink:AnatomicalEntity,2,2,"EMAPA:16121 ""1st branchial membrane""; UBERON:0009213 ""pharyngeal membrane of 1st arch"""
AnatomicalEntity.txt,UBERON:0009213,pharyngeal membrane of 1st arch,biolink:AnatomicalEntity,4,EMAPA:16992,branchial membrane,moved,GrossAnatomicalStructure.txt,biolink:GrossAnatomicalStructure,1,1,"EMAPA:16992 ""branchial membrane"""
AnatomicalEntity.txt,UBERON:0009213,pharyngeal membrane of 1st arch,biolink:AnatomicalEntity,4,EMAPA:17281,future tympanic membrane,moved,GrossAnatomicalStructure.txt,biolink:GrossAnatomicalStructure,1,1,"EMAPA:17281 ""future tympanic membrane"""
AnatomicalEntity.txt,UBERON:0014935,cerebral cortex marginal layer,biolink:AnatomicalEntity,3,UBERON:0014935,cerebral cortex marginal layer,kept,AnatomicalEntity.txt,biolink:AnatomicalEntity,2,2,"EMAPA:17546 ""cerebral cortex marginal layer""; UBERON:0014935 ""cerebral cortex marginal layer"""
AnatomicalEntity.txt,UBERON:0014935,cerebral cortex marginal layer,biolink:AnatomicalEntity,3,EMAPA:32713,cerebral cortex marginal zone,moved,GrossAnatomicalStructure.txt,biolink:GrossAnatomicalStructure,1,1,"EMAPA:32713 ""cerebral cortex marginal zone"""
AnatomicalEntity.txt,UBERON:0014936,cerebral cortex ventricular layer,biolink:AnatomicalEntity,3,UBERON:0014936,cerebral cortex ventricular layer,kept,AnatomicalEntity.txt,biolink:AnatomicalEntity,2,2,"EMAPA:17547 ""cerebral cortex ventricular layer""; UBERON:0014936 ""cerebral cortex ventricular layer"""
AnatomicalEntity.txt,UBERON:0014936,cerebral cortex ventricular layer,biolink:AnatomicalEntity,3,EMAPA:32707,cerebral cortex ventricular zone,moved,GrossAnatomicalStructure.txt,biolink:GrossAnatomicalStructure,1,1,"EMAPA:32707 ""cerebral cortex ventricular zone"""
GrossAnatomicalStructure.txt,UBERON:0001017,central nervous system,biolink:GrossAnatomicalStructure,11,EMAPA:16754,tail central nervous system,moved,AnatomicalEntity.txt,biolink:AnatomicalEntity,1,1,"EMAPA:16754 ""tail central nervous system"""
GrossAnatomicalStructure.txt,UBERON:0001017,central nervous system,biolink:GrossAnatomicalStructure,11,UBERON:0001017,central nervous system,kept,GrossAnatomicalStructure.txt,biolink:GrossAnatomicalStructure,10,10,"EMAPA:16470 ""central nervous system""; FBbt:00005094 ""central nervous system""; MA:0000167 ""central nervous system""; MESH:D002490 """"; NCIT:C12438 ""Central Nervous System"""
GrossAnatomicalStructure.txt,UBERON:0001049,neural tube,biolink:GrossAnatomicalStructure,8,EMAPA:16757,tail neural tube,moved,AnatomicalEntity.txt,biolink:AnatomicalEntity,1,1,"EMAPA:16757 ""tail neural tube"""
GrossAnatomicalStructure.txt,UBERON:0001049,neural tube,biolink:GrossAnatomicalStructure,8,UBERON:0001049,neural tube,kept,GrossAnatomicalStructure.txt,biolink:GrossAnatomicalStructure,7,7,"EMAPA:16164 ""neural tube""; MESH:D054259 """"; NCIT:C34226 ""Neural Tube""; UBERON:0001049 ""neural tube""; UMLS:C0231024 ""Neural tube"""
GrossAnatomicalStructure.txt,UBERON:0001229,renal corpuscle,biolink:GrossAnatomicalStructure,7,EMAPA:35726,renal corpuscle,regrouped,GrossAnatomicalStructure.txt,biolink:GrossAnatomicalStructure,1,1,"EMAPA:35726 ""renal corpuscle"""
GrossAnatomicalStructure.txt,UBERON:0001229,renal corpuscle,biolink:GrossAnatomicalStructure,7,UBERON:0001229,renal corpuscle,kept,GrossAnatomicalStructure.txt,biolink:GrossAnatomicalStructure,6,6,"EMAPA:28236 ""mature renal corpuscle""; MA:0000376 ""renal corpuscle""; NCIT:C33456 ""Renal Corpuscle""; UBERON:0001229 ""renal corpuscle""; UMLS:C0227635 ""Renal corpuscle structure"""
GrossAnatomicalStructure.txt,UBERON:0001230,glomerular capsule,biolink:GrossAnatomicalStructure,9,EMAPA:28257,Bowman's capsule of mature renal corpuscle,regrouped,GrossAnatomicalStructure.txt,biolink:GrossAnatomicalStructure,1,1,"EMAPA:28257 ""Bowman's capsule of mature renal corpuscle"""
GrossAnatomicalStructure.txt,UBERON:0001230,glomerular capsule,biolink:GrossAnatomicalStructure,9,UBERON:0001230,glomerular capsule,kept,GrossAnatomicalStructure.txt,biolink:GrossAnatomicalStructure,8,8,"EMAPA:27973 ""Bowman's capsule of maturing renal corpuscle""; MA:0001660 ""glomerular capsule""; MESH:D050476 """"; NCIT:C32225 ""Bowman Capsule""; UBERON:0001230 ""glomerular capsule"""
GrossAnatomicalStructure.txt,UBERON:0001285,nephron,biolink:GrossAnatomicalStructure,8,EMAPA:35592,nephron,regrouped,GrossAnatomicalStructure.txt,biolink:GrossAnatomicalStructure,1,1,"EMAPA:35592 ""nephron"""
GrossAnatomicalStructure.txt,UBERON:0001285,nephron,biolink:GrossAnatomicalStructure,8,UBERON:0001285,nephron,kept,GrossAnatomicalStructure.txt,biolink:GrossAnatomicalStructure,7,7,"EMAPA:28491 ""mature nephron""; MA:0000375 ""nephron""; MESH:D009399 """"; NCIT:C13048 ""Nephron""; UBERON:0001285 ""nephron"""
GrossAnatomicalStructure.txt,UBERON:0001290,proximal straight tubule,biolink:GrossAnatomicalStructure,5,EMAPA:29669,proximal straight tubule of outer stripe of outer medulla,regrouped,GrossAnatomicalStructure.txt,biolink:GrossAnatomicalStructure,1,1,"EMAPA:29669 ""proximal straight tubule of outer stripe of outer medulla"""
GrossAnatomicalStructure.txt,UBERON:0001290,proximal straight tubule,biolink:GrossAnatomicalStructure,5,UBERON:0001290,proximal straight tubule,kept,GrossAnatomicalStructure.txt,biolink:GrossAnatomicalStructure,4,4,"EMAPA:29661 ""proximal straight tubule, cortical portion""; MA:0002614 ""proximal straight tubule""; UBERON:0001290 ""proximal straight tubule""; ZFA:0005291 ""proximal straight tubule"""
GrossAnatomicalStructure.txt,UBERON:0001291,thick ascending limb of loop of Henle,biolink:GrossAnatomicalStructure,4,EMAPA:35512,loop of Henle distal straight tubule,regrouped,GrossAnatomicalStructure.txt,biolink:GrossAnatomicalStructure,1,1,"EMAPA:35512 ""loop of Henle distal straight tubule"""
GrossAnatomicalStructure.txt,UBERON:0001291,thick ascending limb of loop of Henle,biolink:GrossAnatomicalStructure,4,UBERON:0001291,thick ascending limb of loop of Henle,kept,GrossAnatomicalStructure.txt,biolink:GrossAnatomicalStructure,3,3,"EMAPA:28396 ""distal straight tubule of renal cortex""; MA:0001677 ""loop of henle ascending limb thick segment""; UBERON:0001291 ""thick ascending limb of loop of Henle"""
GrossAnatomicalStructure.txt,UBERON:0001310,umbilical artery,biolink:GrossAnatomicalStructure,7,EMAPA:16372,umbilical artery extraembryonic part,moved,AnatomicalEntity.txt,biolink:AnatomicalEntity,1,1,"EMAPA:16372 ""umbilical artery extraembryonic part"""
GrossAnatomicalStructure.txt,UBERON:0001310,umbilical artery,biolink:GrossAnatomicalStructure,7,UBERON:0001310,umbilical artery,kept,GrossAnatomicalStructure.txt,biolink:GrossAnatomicalStructure,6,6,"EMAPA:16331 ""umbilical artery embryonic part""; MA:0002072 ""umbilical artery""; MESH:D014469 """"; NCIT:C33827 ""Umbilical Artery""; UBERON:0001310 ""umbilical artery"""
GrossAnatomicalStructure.txt,UBERON:0001343,seminiferous tubule of testis,biolink:GrossAnatomicalStructure,10,EMAPA:31476,seminiferous tubule,regrouped,GrossAnatomicalStructure.txt,biolink:GrossAnatomicalStructure,1,1,"EMAPA:31476 ""seminiferous tubule"""
GrossAnatomicalStructure.txt,UBERON:0001343,seminiferous tubule of testis,biolink:GrossAnatomicalStructure,10,UBERON:0001343,seminiferous tubule of testis,kept,GrossAnatomicalStructure.txt,biolink:GrossAnatomicalStructure,9,9,"EMAPA:18685 ""seminiferous cord""; MA:0000412 ""seminiferous tubule""; MESH:D012671 """"; NCIT:C13047 ""Seminiferous Tubule""; NCIT:C34293 ""Seminiferous Cord"""
GrossAnatomicalStructure.txt,UBERON:0001448,metatarsal bone,biolink:GrossAnatomicalStructure,7,EMAPA:36159,metatarsal bone,moved,AnatomicalEntity.txt,biolink:AnatomicalEntity,1,1,"EMAPA:36159 ""metatarsal bone"""
GrossAnatomicalStructure.txt,UBERON:0001448,metatarsal bone,biolink:GrossAnatomicalStructure,7,UBERON:0001448,metatarsal bone,kept,GrossAnatomicalStructure.txt,biolink:GrossAnatomicalStructure,6,6,"EMAPA:32940 ""metatarsus""; MA:0000303 ""metatarsal bone""; MESH:D008682 """"; NCIT:C12752 ""Metatarsal Bone""; UBERON:0001448 ""metatarsal bone"""
GrossAnatomicalStructure.txt,UBERON:0001740,arytenoid cartilage,biolink:GrossAnatomicalStructure,7,EMAPA:18695,arytenoid cartilage,regrouped,GrossAnatomicalStructure.txt,biolink:GrossAnatomicalStructure,1,1,"EMAPA:18695 ""arytenoid cartilage"""
GrossAnatomicalStructure.txt,UBERON:0001740,arytenoid cartilage,biolink:GrossAnatomicalStructure,7,UBERON:0001740,arytenoid cartilage,kept,GrossAnatomicalStructure.txt,biolink:GrossAnatomicalStructure,6,6,"EMAPA:17977 """"; MA:0001759 ""arytenoid cartilage""; MESH:D001193 """"; NCIT:C32148 ""Arytenoid Cartilage""; UBERON:0001740 ""arytenoid cartilage"""
GrossAnatomicalStructure.txt,UBERON:0001782,pigmented layer of retina,biolink:GrossAnatomicalStructure,10,EMAPA:35738,retina epithelium,regrouped,GrossAnatomicalStructure.txt,biolink:GrossAnatomicalStructure,1,1,"EMAPA:35738 ""retina epithelium"""
GrossAnatomicalStructure.txt,UBERON:0001782,pigmented layer of retina,biolink:GrossAnatomicalStructure,10,UBERON:0001782,pigmented layer of retina,kept,GrossAnatomicalStructure.txt,biolink:GrossAnatomicalStructure,9,9,"EMAPA:17172 ""pigmented retinal epithelium""; MA:0000279 ""pigmented retinal epithelium""; MA:0003173 ""retina epithelium""; MESH:D055213 """"; NCIT:C33470 ""Retinal Pigment Epithelium"""
GrossAnatomicalStructure.txt,UBERON:0001901,epithelium of trachea,biolink:GrossAnatomicalStructure,6,EMAPA:18409,carina trachea epithelium,regrouped,GrossAnatomicalStructure.txt,biolink:GrossAnatomicalStructure,1,1,"EMAPA:18409 ""carina trachea epithelium"""
GrossAnatomicalStructure.txt,UBERON:0001901,epithelium of trachea,biolink:GrossAnatomicalStructure,6,UBERON:0001901,epithelium of trachea,kept,GrossAnatomicalStructure.txt,biolink:GrossAnatomicalStructure,5,5,"EMAPA:16855 ""trachea epithelium""; MA:0001862 ""trachea epithelium""; NCIT:C33797 ""Tracheal Epithelium""; UBERON:0001901 ""epithelium of trachea""; UMLS:C1179002 ""Epithelium of trachea"""
GrossAnatomicalStructure.txt,UBERON:0001950,neocortex,biolink:GrossAnatomicalStructure,6,EMAPA:35589,neocortex region,regrouped,GrossAnatomicalStructure.txt,biolink:GrossAnatomicalStructure,1,1,"EMAPA:35589 ""neocortex region"""
GrossAnatomicalStructure.txt,UBERON:0001950,neocortex,biolink:GrossAnatomicalStructure,6,UBERON:0001950,neocortex,kept,GrossAnatomicalStructure.txt,biolink:GrossAnatomicalStructure,5,5,"EMAPA:32842 ""neocortex""; MA:0002754 ""neocortex""; MESH:D019579 """"; UBERON:0001950 ""neocortex""; UMLS:C0175173 ""Neocortex"""
GrossAnatomicalStructure.txt,UBERON:0001981,blood vessel,biolink:GrossAnatomicalStructure,9,EMAPA:35993,vascular element,moved,AnatomicalEntity.txt,biolink:AnatomicalEntity,1,1,"EMAPA:35993 ""vascular element"""
GrossAnatomicalStructure.txt,UBERON:0001981,blood vessel,biolink:GrossAnatomicalStructure,9,UBERON:0001981,blood vessel,kept,GrossAnatomicalStructure.txt,biolink:GrossAnatomicalStructure,8,8,"EMAPA:32743 ""blood vessel""; MA:0000060 ""blood vessel""; MESH:D001808 """"; NCIT:C12679 ""Blood Vessel""; UBERON:0001981 ""blood vessel"""
GrossAnatomicalStructure.txt,UBERON:0002066,umbilical vein,biolink:GrossAnatomicalStructure,7,EMAPA:16375,umbilical vein extraembryonic part,moved,AnatomicalEntity.txt,biolink:AnatomicalEntity,1,1,"EMAPA:16375 ""umbilical vein extraembryonic part"""
GrossAnatomicalStructure.txt,UBERON:0002066,umbilical vein,biolink:GrossAnatomicalStructure,7,UBERON:0002066,umbilical vein,kept,GrossAnatomicalStructure.txt,biolink:GrossAnatomicalStructure,6,6,"EMAPA:16243 ""umbilical vein embryonic part""; MA:0002249 ""umbilical vein""; MESH:D014471 """"; NCIT:C33830 ""Umbilical Vein""; UBERON:0002066 ""umbilical vein"""
GrossAnatomicalStructure.txt,UBERON:0002073,hair follicle,biolink:GrossAnatomicalStructure,7,EMAPA:29741,hair follicle of scrotum dermal layer,moved,AnatomicalEntity.txt,biolink:AnatomicalEntity,1,1,"EMAPA:29741 ""hair follicle of scrotum dermal layer"""
GrossAnatomicalStructure.txt,UBERON:0002073,hair follicle,biolink:GrossAnatomicalStructure,7,UBERON:0002073,hair follicle,kept,GrossAnatomicalStructure.txt,biolink:GrossAnatomicalStructure,6,6,"EMAPA:18771 ""hair follicle""; MA:0000154 ""hair follicle""; MESH:D018859 """"; NCIT:C13317 ""Hair Follicle""; UBERON:0002073 ""hair follicle"""
GrossAnatomicalStructure.txt,UBERON:0002165,endocardium,biolink:GrossAnatomicalStructure,9,EMAPA:32686,endocardial lining,regrouped,GrossAnatomicalStructure.txt,biolink:GrossAnatomicalStructure,1,1,"EMAPA:32686 ""endocardial lining"""
GrossAnatomicalStructure.txt,UBERON:0002165,endocardium,biolink:GrossAnatomicalStructure,9,UBERON:0002165,endocardium,kept,GrossAnatomicalStructure.txt,biolink:GrossAnatomicalStructure,8,8,"EMAPA:17868 ""endocardial tissue""; MA:0000076 ""heart endocardium""; MESH:D004699 """"; NCIT:C13004 ""Endocardium""; UBERON:0002165 ""endocardium"""
GrossAnatomicalStructure.txt,UBERON:0002424,oral epithelium,biolink:GrossAnatomicalStructure,8,EMAPA:26942,oral epithelium,regrouped,GrossAnatomicalStructure.txt,biolink:GrossAnatomicalStructure,1,1,"EMAPA:26942 ""oral epithelium"""
GrossAnatomicalStructure.txt,UBERON:0002424,oral epithelium,biolink:GrossAnatomicalStructure,8,UBERON:0002424,oral epithelium,kept,GrossAnatomicalStructure.txt,biolink:GrossAnatomicalStructure,7,7,"EMAPA:16839 ""oral region epithelium""; MA:0000344 ""oral epithelium""; NCIT:C49595 ""Oral Cavity Epithelium""; UBERON:0002424 ""oral epithelium""; UMLS:C1709332 ""Oral Cavity Epithelium"""
GrossAnatomicalStructure.txt,UBERON:0002490,frontal suture,biolink:GrossAnatomicalStructure,4,(dropped),,dropped,,,0,1,"EMAPA:35358 """""
GrossAnatomicalStructure.txt,UBERON:0002490,frontal suture,biolink:GrossAnatomicalStructure,4,UBERON:0002490,frontal suture,kept,GrossAnatomicalStructure.txt,biolink:GrossAnatomicalStructure,3,3,"EMAPA:19226 ""frontal suture""; MA:0002796 ""frontal suture""; UBERON:0002490 ""frontal suture"""
GrossAnatomicalStructure.txt,UBERON:0003054,roof plate,biolink:GrossAnatomicalStructure,5,EMAPA:35361,future brain roof plate,moved,AnatomicalEntity.txt,biolink:AnatomicalEntity,1,1,"EMAPA:35361 ""future brain roof plate"""
GrossAnatomicalStructure.txt,UBERON:0003054,roof plate,biolink:GrossAnatomicalStructure,5,UBERON:0003054,roof plate,kept,GrossAnatomicalStructure.txt,biolink:GrossAnatomicalStructure,4,4,"EMAPA:16168 ""neural tube roof plate""; UBERON:0003054 ""roof plate""; ZFA:0001436 ""roof plate neural tube region""; ZFA:0007058 ""roof plate"""
GrossAnatomicalStructure.txt,UBERON:0003077,paraxial mesoderm,biolink:GrossAnatomicalStructure,7,EMAPA:16751,tail paraxial mesenchyme,regrouped,GrossAnatomicalStructure.txt,biolink:GrossAnatomicalStructure,1,1,"EMAPA:16751 ""tail paraxial mesenchyme"""
GrossAnatomicalStructure.txt,UBERON:0003077,paraxial mesoderm,biolink:GrossAnatomicalStructure,7,UBERON:0003077,paraxial mesoderm,kept,GrossAnatomicalStructure.txt,biolink:GrossAnatomicalStructure,6,6,"EMAPA:16183 ""trunk paraxial mesenchyme""; NCIT:C34244 ""Paraxial Mesoderm""; UBERON:0003077 ""paraxial mesoderm""; UMLS:C1284009 ""Paraxial Mesoderm""; XAO:0000259 """""
GrossAnatomicalStructure.txt,UBERON:0003118,pharyngeal arch artery 1,biolink:GrossAnatomicalStructure,5,EMAPA:16685,1st arch artery,moved,AnatomicalEntity.txt,biolink:AnatomicalEntity,1,1,"EMAPA:16685 ""1st arch artery"""
GrossAnatomicalStructure.txt,UBERON:0003118,pharyngeal arch artery 1,biolink:GrossAnatomicalStructure,5,UBERON:0003118,pharyngeal arch artery 1,kept,GrossAnatomicalStructure.txt,biolink:GrossAnatomicalStructure,4,4,"EMAPA:16202 """"; UBERON:0003118 ""pharyngeal arch artery 1""; XAO:0000342 """"; ZFA:0005005 ""aortic arch 1"""
GrossAnatomicalStructure.txt,UBERON:0003119,pharyngeal arch artery 2,biolink:GrossAnatomicalStructure,5,EMAPA:16686,2nd arch artery,moved,AnatomicalEntity.txt,biolink:AnatomicalEntity,1,1,"EMAPA:16686 ""2nd arch artery"""
GrossAnatomicalStructure.txt,UBERON:0003119,pharyngeal arch artery 2,biolink:GrossAnatomicalStructure,5,UBERON:0003119,pharyngeal arch artery 2,kept,GrossAnatomicalStructure.txt,biolink:GrossAnatomicalStructure,4,4,"EMAPA:16203 """"; UBERON:0003119 ""pharyngeal arch artery 2""; XAO:0000343 """"; ZFA:0005006 ""aortic arch 2"""
GrossAnatomicalStructure.txt,UBERON:0003262,amniotic mesoderm,biolink:GrossAnatomicalStructure,3,EMAPA:16265,amnion mesenchyme,regrouped,GrossAnatomicalStructure.txt,biolink:GrossAnatomicalStructure,1,1,"EMAPA:16265 ""amnion mesenchyme"""
GrossAnatomicalStructure.txt,UBERON:0003262,amniotic mesoderm,biolink:GrossAnatomicalStructure,3,UBERON:0003262,amniotic mesoderm,kept,GrossAnatomicalStructure.txt,biolink:GrossAnatomicalStructure,2,2,"EMAPA:16111 ""amnion mesoderm""; UBERON:0003262 ""amniotic mesoderm"""
GrossAnatomicalStructure.txt,UBERON:0003265,chorionic mesenchyme,biolink:GrossAnatomicalStructure,3,EMAPA:16266,chorion mesenchyme,regrouped,GrossAnatomicalStructure.txt,biolink:GrossAnatomicalStructure,1,1,"EMAPA:16266 ""chorion mesenchyme"""
GrossAnatomicalStructure.txt,UBERON:0003265,chorionic mesenchyme,biolink:GrossAnatomicalStructure,3,UBERON:0003265,chorionic mesenchyme,kept,GrossAnatomicalStructure.txt,biolink:GrossAnatomicalStructure,2,2,"EMAPA:16114 ""chorion mesoderm""; UBERON:0003265 ""chorionic mesenchyme"""
GrossAnatomicalStructure.txt,UBERON:0003284,mesentery of midgut,biolink:GrossAnatomicalStructure,4,EMAPA:17039,midgut loop mesentery,moved,AnatomicalEntity.txt,biolink:AnatomicalEntity,1,1,"EMAPA:17039 ""midgut loop mesentery"""
GrossAnatomicalStructure.txt,UBERON:0003284,mesentery of midgut,biolink:GrossAnatomicalStructure,4,EMAPA:17197,duodenum caudal part mesentery,moved,AnatomicalEntity.txt,biolink:AnatomicalEntity,1,1,"EMAPA:17197 ""duodenum caudal part mesentery"""
GrossAnatomicalStructure.txt,UBERON:0003284,mesentery of midgut,biolink:GrossAnatomicalStructure,4,UBERON:0003284,mesentery of midgut,kept,GrossAnatomicalStructure.txt,biolink:GrossAnatomicalStructure,2,2,"EMAPA:16721 ""midgut mesentery""; UBERON:0003284 ""mesentery of midgut"""
GrossAnatomicalStructure.txt,UBERON:0003316,mesenchyme of yolk sac,biolink:GrossAnatomicalStructure,3,EMAPA:16267,yolk sac mesenchyme,regrouped,GrossAnatomicalStructure.txt,biolink:GrossAnatomicalStructure,1,1,"EMAPA:16267 ""yolk sac mesenchyme"""
GrossAnatomicalStructure.txt,UBERON:0003316,mesenchyme of yolk sac,biolink:GrossAnatomicalStructure,3,UBERON:0003316,mesenchyme of yolk sac,kept,GrossAnatomicalStructure.txt,biolink:GrossAnatomicalStructure,2,2,"EMAPA:16087 ""yolk sac mesoderm""; UBERON:0003316 ""mesenchyme of yolk sac"""
GrossAnatomicalStructure.txt,UBERON:0003328,mesenchyme of footplate,biolink:GrossAnatomicalStructure,3,EMAPA:17488,foot mesenchyme,regrouped,GrossAnatomicalStructure.txt,biolink:GrossAnatomicalStructure,1,1,"EMAPA:17488 ""foot mesenchyme"""
GrossAnatomicalStructure.txt,UBERON:0003328,mesenchyme of footplate,biolink:GrossAnatomicalStructure,3,UBERON:0003328,mesenchyme of footplate,kept,GrossAnatomicalStructure.txt,biolink:GrossAnatomicalStructure,2,2,"EMAPA:17252 ""footplate mesenchyme""; UBERON:0003328 ""mesenchyme of footplate"""
GrossAnatomicalStructure.txt,UBERON:0003329,submucosa of anal canal,biolink:GrossAnatomicalStructure,4,EMAPA:27227,anal canal rostral part submucosa,moved,AnatomicalEntity.txt,biolink:AnatomicalEntity,1,1,"EMAPA:27227 ""anal canal rostral part submucosa"""
GrossAnatomicalStructure.txt,UBERON:0003329,submucosa of anal canal,biolink:GrossAnatomicalStructure,4,EMAPA:27535,anal canal submucosa,moved,AnatomicalEntity.txt,biolink:AnatomicalEntity,1,1,"EMAPA:27535 ""anal canal submucosa"""
GrossAnatomicalStructure.txt,UBERON:0003329,submucosa of anal canal,biolink:GrossAnatomicalStructure,4,UBERON:0003329,submucosa of anal canal,kept,GrossAnatomicalStructure.txt,biolink:GrossAnatomicalStructure,2,2,"EMAPA:27217 ""anal canal caudal part submucosa""; UBERON:0003329 ""submucosa of anal canal"""
GrossAnatomicalStructure.txt,UBERON:0003332,submucosa of duodenum,biolink:GrossAnatomicalStructure,5,EMAPA:27097,duodenum caudal part submucosa,moved,AnatomicalEntity.txt,biolink:AnatomicalEntity,1,1,"EMAPA:27097 ""duodenum caudal part submucosa"""
GrossAnatomicalStructure.txt,UBERON:0003332,submucosa of duodenum,biolink:GrossAnatomicalStructure,5,EMAPA:27239,duodenum submucosa,moved,AnatomicalEntity.txt,biolink:AnatomicalEntity,1,1,"EMAPA:27239 ""duodenum submucosa"""
GrossAnatomicalStructure.txt,UBERON:0003332,submucosa of duodenum,biolink:GrossAnatomicalStructure,5,UBERON:0003332,submucosa of duodenum,kept,GrossAnatomicalStructure.txt,biolink:GrossAnatomicalStructure,3,3,"EMAPA:27027 ""duodenum rostral part submucosa""; MA:0003213 ""duodenum submucosa""; UBERON:0003332 ""submucosa of duodenum"""
GrossAnatomicalStructure.txt,UBERON:0003405,lobar bronchus of left lung,biolink:GrossAnatomicalStructure,4,EMAPA:17656,left lung lobar bronchus,regrouped,GrossAnatomicalStructure.txt,biolink:GrossAnatomicalStructure,1,1,"EMAPA:17656 ""left lung lobar bronchus"""
GrossAnatomicalStructure.txt,UBERON:0003405,lobar bronchus of left lung,biolink:GrossAnatomicalStructure,4,UBERON:0003405,lobar bronchus of left lung,kept,GrossAnatomicalStructure.txt,biolink:GrossAnatomicalStructure,3,3,"EMAPA:17388 ""left lung rudiment lobar bronchus""; MA:0003133 ""left lung lobar bronchus""; UBERON:0003405 ""lobar bronchus of left lung"""
GrossAnatomicalStructure.txt,UBERON:0003422,mesenchyme of umbilical cord,biolink:GrossAnatomicalStructure,3,EMAPA:35925,Wharton's jelly,moved,AnatomicalEntity.txt,biolink:AnatomicalEntity,1,1,"EMAPA:35925 ""Wharton's jelly"""
GrossAnatomicalStructure.txt,UBERON:0003422,mesenchyme of umbilical cord,biolink:GrossAnatomicalStructure,3,UBERON:0003422,mesenchyme of umbilical cord,kept,GrossAnatomicalStructure.txt,biolink:GrossAnatomicalStructure,2,2,"EMAPA:26127 ""umbilical cord mesenchyme""; UBERON:0003422 ""mesenchyme of umbilical cord"""
GrossAnatomicalStructure.txt,UBERON:0003462,facial bone,biolink:GrossAnatomicalStructure,8,EMAPA:35924,viscerocranium bone,moved,AnatomicalEntity.txt,biolink:AnatomicalEntity,1,1,"EMAPA:35924 ""viscerocranium bone"""
GrossAnatomicalStructure.txt,UBERON:0003462,facial bone,biolink:GrossAnatomicalStructure,8,UBERON:0003462,facial bone,kept,GrossAnatomicalStructure.txt,biolink:GrossAnatomicalStructure,7,7,"EMAPA:19019 ""facial bone""; MA:0001482 ""viscerocranium bone""; MA:0003159 ""facial bone""; MESH:D005147 """"; NCIT:C63706 ""Facial Bone"""
GrossAnatomicalStructure.txt,UBERON:0003504,respiratory system blood vessel,biolink:GrossAnatomicalStructure,4,EMAPA:35995,respiratory system vascular element,moved,AnatomicalEntity.txt,biolink:AnatomicalEntity,1,1,"EMAPA:35995 ""respiratory system vascular element"""
GrossAnatomicalStructure.txt,UBERON:0003504,respiratory system blood vessel,biolink:GrossAnatomicalStructure,4,UBERON:0003504,respiratory system blood vessel,kept,GrossAnatomicalStructure.txt,biolink:GrossAnatomicalStructure,3,3,"EMAPA:35731 ""respiratory system blood vessel""; MA:0001799 ""respiratory system blood vessel""; UBERON:0003504 ""respiratory system blood vessel"""
GrossAnatomicalStructure.txt,UBERON:0003570,respiratory system connective tissue,biolink:GrossAnatomicalStructure,4,EMAPA:35977,respiratory system connective tissue,regrouped,GrossAnatomicalStructure.txt,biolink:GrossAnatomicalStructure,1,1,"EMAPA:35977 ""respiratory system connective tissue"""
GrossAnatomicalStructure.txt,UBERON:0003570,respiratory system connective tissue,biolink:GrossAnatomicalStructure,4,UBERON:0003570,respiratory system connective tissue,kept,GrossAnatomicalStructure.txt,biolink:GrossAnatomicalStructure,3,3,"EMAPA:35968 ""respiratory system mesenchyme""; MA:0001814 ""respiratory system connective tissue""; UBERON:0003570 ""respiratory system connective tissue"""
GrossAnatomicalStructure.txt,UBERON:0003592,bronchus connective tissue,biolink:GrossAnatomicalStructure,6,EMAPA:35193,bronchus connective tissue,regrouped,GrossAnatomicalStructure.txt,biolink:GrossAnatomicalStructure,1,1,"EMAPA:35193 ""bronchus connective tissue"""
GrossAnatomicalStructure.txt,UBERON:0003592,bronchus connective tissue,biolink:GrossAnatomicalStructure,6,UBERON:0003592,bronchus connective tissue,kept,GrossAnatomicalStructure.txt,biolink:GrossAnatomicalStructure,5,5,"EMAPA:32690 ""bronchus mesenchyme""; MA:0001831 ""bronchus connective tissue""; NCIT:C49210 ""Bronchus Connective Tissue""; UBERON:0003592 ""bronchus connective tissue""; UMLS:C1707052 ""Bronchus Connective Tissue"""
GrossAnatomicalStructure.txt,UBERON:0003604,trachea cartilage,biolink:GrossAnatomicalStructure,6,EMAPA:35875,trachea cartilage,regrouped,GrossAnatomicalStructure.txt,biolink:GrossAnatomicalStructure,1,1,"EMAPA:35875 ""trachea cartilage"""
GrossAnatomicalStructure.txt,UBERON:0003604,trachea cartilage,biolink:GrossAnatomicalStructure,6,UBERON:0003604,trachea cartilage,kept,GrossAnatomicalStructure.txt,biolink:GrossAnatomicalStructure,5,5,"EMAPA:18699 ""trachea cartilaginous ring""; MA:0001857 ""trachea cartilage""; NCIT:C49304 ""Trachea Cartilage""; UBERON:0003604 ""trachea cartilage""; UMLS:C1710456 ""Trachea Cartilage"""
GrossAnatomicalStructure.txt,UBERON:0003853,spinal cord neural crest,biolink:GrossAnatomicalStructure,3,EMAPA:16881,tail neural crest,moved,AnatomicalEntity.txt,biolink:AnatomicalEntity,1,1,"EMAPA:16881 ""tail neural crest"""
GrossAnatomicalStructure.txt,UBERON:0003853,spinal cord neural crest,biolink:GrossAnatomicalStructure,3,UBERON:0003853,spinal cord neural crest,kept,GrossAnatomicalStructure.txt,biolink:GrossAnatomicalStructure,2,2,"EMAPA:16163 ""future spinal cord neural crest""; UBERON:0003853 ""spinal cord neural crest"""
GrossAnatomicalStructure.txt,UBERON:0003855,gonad mesenchyme,biolink:GrossAnatomicalStructure,3,EMAPA:17385,gonadal mesenchyme,regrouped,GrossAnatomicalStructure.txt,biolink:GrossAnatomicalStructure,1,1,"EMAPA:17385 ""gonadal mesenchyme"""
GrossAnatomicalStructure.txt,UBERON:0003855,gonad mesenchyme,biolink:GrossAnatomicalStructure,3,UBERON:0003855,gonad mesenchyme,kept,GrossAnatomicalStructure.txt,biolink:GrossAnatomicalStructure,2,2,"EMAPA:16858 ""gonad primordium mesenchyme""; UBERON:0003855 ""gonad mesenchyme"""
GrossAnatomicalStructure.txt,UBERON:0004060,neural tube ventricular layer,biolink:GrossAnatomicalStructure,4,EMAPA:35362,future brain ventricular layer,moved,AnatomicalEntity.txt,biolink:AnatomicalEntity,1,1,"EMAPA:35362 ""future brain ventricular layer"""
GrossAnatomicalStructure.txt,UBERON:0004060,neural tube ventricular layer,biolink:GrossAnatomicalStructure,4,UBERON:0004060,neural tube ventricular layer,kept,GrossAnatomicalStructure.txt,biolink:GrossAnatomicalStructure,3,3,"EMAPA:17152 ""neural tube ventricular layer""; MA:0003193 ""ventricular layer""; UBERON:0004060 ""neural tube ventricular layer"""
GrossAnatomicalStructure.txt,UBERON:0004061,neural tube mantle layer,biolink:GrossAnatomicalStructure,3,EMAPA:35360,future brain marginal layer,moved,AnatomicalEntity.txt,biolink:AnatomicalEntity,1,1,"EMAPA:35360 ""future brain marginal layer"""
GrossAnatomicalStructure.txt,UBERON:0004061,neural tube mantle layer,biolink:GrossAnatomicalStructure,3,UBERON:0004061,neural tube mantle layer,kept,GrossAnatomicalStructure.txt,biolink:GrossAnatomicalStructure,2,2,"EMAPA:17148 ""neural tube mantle layer""; UBERON:0004061 ""neural tube mantle layer"""
GrossAnatomicalStructure.txt,UBERON:0004193,loop of Henle ascending limb thin segment,biolink:GrossAnatomicalStructure,4,EMAPA:28361,thin ascending limb of inner medulla,regrouped,GrossAnatomicalStructure.txt,biolink:GrossAnatomicalStructure,1,1,"EMAPA:28361 ""thin ascending limb of inner medulla"""
GrossAnatomicalStructure.txt,UBERON:0004193,loop of Henle ascending limb thin segment,biolink:GrossAnatomicalStructure,4,UBERON:0004193,loop of Henle ascending limb thin segment,kept,GrossAnatomicalStructure.txt,biolink:GrossAnatomicalStructure,3,3,"EMAPA:28328 ""thin ascending limb of outer medulla""; MA:0001678 ""loop of henle ascending limb thin segment""; UBERON:0004193 ""loop of Henle ascending limb thin segment"""
GrossAnatomicalStructure.txt,UBERON:0004221,intestine smooth muscle,biolink:GrossAnatomicalStructure,6,EMAPA:35443,intestine smooth muscle,regrouped,GrossAnatomicalStructure.txt,biolink:GrossAnatomicalStructure,1,1,"EMAPA:35443 ""intestine smooth muscle"""
GrossAnatomicalStructure.txt,UBERON:0004221,intestine smooth muscle,biolink:GrossAnatomicalStructure,6,UBERON:0004221,intestine smooth muscle,kept,GrossAnatomicalStructure.txt,biolink:GrossAnatomicalStructure,5,5,"EMAPA:35441 ""intestine muscularis""; MA:0001539 ""intestine smooth muscle""; NCIT:C49243 ""Intestinal Smooth Muscle Tissue""; UBERON:0004221 ""intestine smooth muscle""; UMLS:C1708547 ""Intestinal Smooth Muscle Tissue"""
GrossAnatomicalStructure.txt,UBERON:0004253,skin muscle,biolink:GrossAnatomicalStructure,5,EMAPA:35776,skin muscle,regrouped,GrossAnatomicalStructure.txt,biolink:GrossAnatomicalStructure,1,1,"EMAPA:35776 ""skin muscle"""
GrossAnatomicalStructure.txt,UBERON:0004253,skin muscle,biolink:GrossAnatomicalStructure,5,UBERON:0004253,skin muscle,kept,GrossAnatomicalStructure.txt,biolink:GrossAnatomicalStructure,4,4,"EMAPA:18187 ""integumental system muscle""; MA:0002710 ""skin muscle""; MA:0003139 ""integumental system muscle""; UBERON:0004253 ""skin muscle"""
GrossAnatomicalStructure.txt,UBERON:0004452,carpal region,biolink:GrossAnatomicalStructure,7,EMAPA:32784,wrist,moved,AnatomicalEntity.txt,biolink:AnatomicalEntity,1,1,"EMAPA:32784 ""wrist"""
GrossAnatomicalStructure.txt,UBERON:0004452,carpal region,biolink:GrossAnatomicalStructure,7,UBERON:0004452,carpal region,kept,GrossAnatomicalStructure.txt,biolink:GrossAnatomicalStructure,6,6,"EMAPA:19122 ""carpus""; MA:0000039 ""wrist""; MESH:D014953 """"; NCIT:C111033 ""Carpal Region""; UBERON:0004452 ""carpal region"""
GrossAnatomicalStructure.txt,UBERON:0004639,renal afferent arteriole,biolink:GrossAnatomicalStructure,5,EMAPA:28266,afferent arteriole of mature renal corpuscle,regrouped,GrossAnatomicalStructure.txt,biolink:GrossAnatomicalStructure,1,1,"EMAPA:28266 ""afferent arteriole of mature renal corpuscle"""
GrossAnatomicalStructure.txt,UBERON:0004639,renal afferent arteriole,biolink:GrossAnatomicalStructure,5,UBERON:0004639,renal afferent arteriole,kept,GrossAnatomicalStructure.txt,biolink:GrossAnatomicalStructure,4,4,"EMAPA:28230 ""afferent arteriole of maturing renal corpuscle""; MA:0002579 ""afferent arteriole""; UBERON:0004639 ""renal afferent arteriole""; ZFA:0005307 ""afferent glomerular arteriole"""
GrossAnatomicalStructure.txt,UBERON:0004640,renal efferent arteriole,biolink:GrossAnatomicalStructure,5,EMAPA:28275,efferent arteriole of mature renal corpuscle,regrouped,GrossAnatomicalStructure.txt,biolink:GrossAnatomicalStructure,1,1,"EMAPA:28275 ""efferent arteriole of mature renal corpuscle"""
GrossAnatomicalStructure.txt,UBERON:0004640,renal efferent arteriole,biolink:GrossAnatomicalStructure,5,UBERON:0004640,renal efferent arteriole,kept,GrossAnatomicalStructure.txt,biolink:GrossAnatomicalStructure,4,4,"EMAPA:28233 ""efferent arteriole of maturing renal corpuscle""; MA:0002585 ""efferent arteriole""; UBERON:0004640 ""renal efferent arteriole""; ZFA:0005308 ""efferent glomerular arteriole"""
GrossAnatomicalStructure.txt,UBERON:0004760,gland of anal canal,biolink:GrossAnatomicalStructure,6,EMAPA:27233,anal canal rostral part gland,moved,AnatomicalEntity.txt,biolink:AnatomicalEntity,1,1,"EMAPA:27233 ""anal canal rostral part gland"""
GrossAnatomicalStructure.txt,UBERON:0004760,gland of anal canal,biolink:GrossAnatomicalStructure,6,EMAPA:27543,anal canal gland,moved,AnatomicalEntity.txt,biolink:AnatomicalEntity,1,1,"EMAPA:27543 ""anal canal gland"""
GrossAnatomicalStructure.txt,UBERON:0004760,gland of anal canal,biolink:GrossAnatomicalStructure,6,UBERON:0004760,gland of anal canal,kept,GrossAnatomicalStructure.txt,biolink:GrossAnatomicalStructure,4,4,"EMAPA:27221 ""anal canal caudal part gland""; NCIT:C32068 ""Anal Gland""; UBERON:0004760 ""gland of anal canal""; UMLS:C0162322 ""Structure of anal gland"""
GrossAnatomicalStructure.txt,UBERON:0005097,renal connecting tubule,biolink:GrossAnatomicalStructure,5,EMAPA:27790,renal connecting tubule of capillary loop nephron,regrouped,GrossAnatomicalStructure.txt,biolink:GrossAnatomicalStructure,1,1,"EMAPA:27790 ""renal connecting tubule of capillary loop nephron"""
GrossAnatomicalStructure.txt,UBERON:0005097,renal connecting tubule,biolink:GrossAnatomicalStructure,5,EMAPA:28011,renal connecting tubule,regrouped,GrossAnatomicalStructure.txt,biolink:GrossAnatomicalStructure,1,1,"EMAPA:28011 ""renal connecting tubule"""
GrossAnatomicalStructure.txt,UBERON:0005097,renal connecting tubule,biolink:GrossAnatomicalStructure,5,UBERON:0005097,renal connecting tubule,kept,GrossAnatomicalStructure.txt,biolink:GrossAnatomicalStructure,3,3,"EMAPA:27758 ""renal connecting tubule of s-shaped body""; MA:0002610 ""kidney connecting tubule""; UBERON:0005097 ""renal connecting tubule"""
GrossAnatomicalStructure.txt,UBERON:0005185,renal medulla collecting duct,biolink:GrossAnatomicalStructure,4,(dropped),,dropped,,,0,1,"EMAPA:35459 """""
GrossAnatomicalStructure.txt,UBERON:0005185,renal medulla collecting duct,biolink:GrossAnatomicalStructure,4,UBERON:0005185,renal medulla collecting duct,kept,GrossAnatomicalStructure.txt,biolink:GrossAnatomicalStructure,3,3,"EMAPA:28061 ""medullary collecting duct""; MA:0002935 ""kidney medulla collecting duct""; UBERON:0005185 ""renal medulla collecting duct"""
GrossAnatomicalStructure.txt,UBERON:0005261,atrium cardiac jelly,biolink:GrossAnatomicalStructure,4,EMAPA:16814,common atrial chamber left part cardiac jelly,regrouped,GrossAnatomicalStructure.txt,biolink:GrossAnatomicalStructure,1,1,"EMAPA:16814 ""common atrial chamber left part cardiac jelly"""
GrossAnatomicalStructure.txt,UBERON:0005261,atrium cardiac jelly,biolink:GrossAnatomicalStructure,4,EMAPA:16821,common atrial chamber right part cardiac jelly,regrouped,GrossAnatomicalStructure.txt,biolink:GrossAnatomicalStructure,1,1,"EMAPA:16821 ""common atrial chamber right part cardiac jelly"""
GrossAnatomicalStructure.txt,UBERON:0005261,atrium cardiac jelly,biolink:GrossAnatomicalStructure,4,UBERON:0005261,atrium cardiac jelly,kept,GrossAnatomicalStructure.txt,biolink:GrossAnatomicalStructure,2,2,"EMAPA:16343 ""common atrial chamber cardiac jelly""; UBERON:0005261 ""atrium cardiac jelly"""
GrossAnatomicalStructure.txt,UBERON:0005305,thyroid follicle,biolink:GrossAnatomicalStructure,7,EMAPA:19308,thyroid gland right lobe colloid-filled follicles,regrouped,GrossAnatomicalStructure.txt,biolink:GrossAnatomicalStructure,1,1,"EMAPA:19308 ""thyroid gland right lobe colloid-filled follicles"""
GrossAnatomicalStructure.txt,UBERON:0005305,thyroid follicle,biolink:GrossAnatomicalStructure,7,UBERON:0005305,thyroid follicle,kept,GrossAnatomicalStructure.txt,biolink:GrossAnatomicalStructure,6,6,"EMAPA:19307 ""thyroid gland left lobe colloid-filled follicles""; MA:0000726 ""thyroid gland follicle""; NCIT:C33782 ""Thyroid Gland Follicle""; UBERON:0005305 ""thyroid follicle""; UMLS:C0229577 ""Structure of thyroid follicle"""
GrossAnatomicalStructure.txt,UBERON:0005410,cartilaginous otic capsule,biolink:GrossAnatomicalStructure,4,EMAPA:37467,cartilaginous otic capsule,regrouped,GrossAnatomicalStructure.txt,biolink:GrossAnatomicalStructure,1,1,"EMAPA:37467 ""cartilaginous otic capsule"""
GrossAnatomicalStructure.txt,UBERON:0005410,cartilaginous otic capsule,biolink:GrossAnatomicalStructure,4,UBERON:0005410,cartilaginous otic capsule,kept,GrossAnatomicalStructure.txt,biolink:GrossAnatomicalStructure,3,3,"EMAPA:18803 ""otic cartilage""; UBERON:0005410 ""cartilaginous otic capsule""; ZFA:0001500 ""auditory capsule"""
GrossAnatomicalStructure.txt,UBERON:0005459,left umbilical vein,biolink:GrossAnatomicalStructure,3,EMAPA:16377,left umbilical vein extraembryonic part,moved,AnatomicalEntity.txt,biolink:AnatomicalEntity,1,1,"EMAPA:16377 ""left umbilical vein extraembryonic part"""
GrossAnatomicalStructure.txt,UBERON:0005459,left umbilical vein,biolink:GrossAnatomicalStructure,3,UBERON:0005459,left umbilical vein,kept,GrossAnatomicalStructure.txt,biolink:GrossAnatomicalStructure,2,2,"EMAPA:16358 ""left umbilical vein embryonic part""; UBERON:0005459 ""left umbilical vein"""
GrossAnatomicalStructure.txt,UBERON:0005460,left vitelline vein,biolink:GrossAnatomicalStructure,3,EMAPA:16698,left vitelline vein embryonic part,moved,AnatomicalEntity.txt,biolink:AnatomicalEntity,1,1,"EMAPA:16698 ""left vitelline vein embryonic part"""
GrossAnatomicalStructure.txt,UBERON:0005460,left vitelline vein,biolink:GrossAnatomicalStructure,3,UBERON:0005460,left vitelline vein,kept,GrossAnatomicalStructure.txt,biolink:GrossAnatomicalStructure,2,2,"EMAPA:16380 ""left vitelline vein extraembryonic part""; UBERON:0005460 ""left vitelline vein"""
GrossAnatomicalStructure.txt,UBERON:0005471,right umbilical vein,biolink:GrossAnatomicalStructure,3,EMAPA:16378,right umbilical vein extraembryonic part,moved,AnatomicalEntity.txt,biolink:AnatomicalEntity,1,1,"EMAPA:16378 ""right umbilical vein extraembryonic part"""
GrossAnatomicalStructure.txt,UBERON:0005471,right umbilical vein,biolink:GrossAnatomicalStructure,3,UBERON:0005471,right umbilical vein,kept,GrossAnatomicalStructure.txt,biolink:GrossAnatomicalStructure,2,2,"EMAPA:16359 ""right umbilical vein embryonic part""; UBERON:0005471 ""right umbilical vein"""
GrossAnatomicalStructure.txt,UBERON:0005472,right vitelline vein,biolink:GrossAnatomicalStructure,3,EMAPA:16699,right vitelline vein embryonic part,moved,AnatomicalEntity.txt,biolink:AnatomicalEntity,1,1,"EMAPA:16699 ""right vitelline vein embryonic part"""
GrossAnatomicalStructure.txt,UBERON:0005472,right vitelline vein,biolink:GrossAnatomicalStructure,3,UBERON:0005472,right vitelline vein,kept,GrossAnatomicalStructure.txt,biolink:GrossAnatomicalStructure,2,2,"EMAPA:16381 ""right vitelline vein extraembryonic part""; UBERON:0005472 ""right vitelline vein"""
GrossAnatomicalStructure.txt,UBERON:0005502,rhombomere roof plate,biolink:GrossAnatomicalStructure,4,EMAPA:35367,future hindbrain roof plate,moved,AnatomicalEntity.txt,biolink:AnatomicalEntity,1,1,"EMAPA:35367 ""future hindbrain roof plate"""
GrossAnatomicalStructure.txt,UBERON:0005502,rhombomere roof plate,biolink:GrossAnatomicalStructure,4,UBERON:0005502,rhombomere roof plate,kept,GrossAnatomicalStructure.txt,biolink:GrossAnatomicalStructure,3,3,"EMAPA:32824 ""rhombomere roof plate""; UBERON:0005502 ""rhombomere roof plate""; ZFA:0001311 ""roof plate rhombomere region"""
GrossAnatomicalStructure.txt,UBERON:0005614,lens anterior epithelium,biolink:GrossAnatomicalStructure,6,EMAPA:17839,lens anterior epithelium,regrouped,GrossAnatomicalStructure.txt,biolink:GrossAnatomicalStructure,1,1,"EMAPA:17839 ""lens anterior epithelium"""
GrossAnatomicalStructure.txt,UBERON:0005614,lens anterior epithelium,biolink:GrossAnatomicalStructure,6,UBERON:0005614,lens anterior epithelium,kept,GrossAnatomicalStructure.txt,biolink:GrossAnatomicalStructure,5,5,"EMAPA:17304 ""lens vesicle anterior epithelium""; MA:0001302 ""lens anterior epithelium""; NCIT:C33641 ""Subcapsular Epithelium of the Lens""; UBERON:0005614 ""lens anterior epithelium""; UMLS:C1182652 ""Subcapsular lens epithelium"""
GrossAnatomicalStructure.txt,UBERON:0005660,2nd arch ectoderm,biolink:GrossAnatomicalStructure,4,EMAPA:16397,2nd branchial groove ectoderm,moved,AnatomicalEntity.txt,biolink:AnatomicalEntity,1,1,"EMAPA:16397 ""2nd branchial groove ectoderm"""
GrossAnatomicalStructure.txt,UBERON:0005660,2nd arch ectoderm,biolink:GrossAnatomicalStructure,4,EMAPA:16398,2nd branchial membrane ectoderm,moved,AnatomicalEntity.txt,biolink:AnatomicalEntity,1,1,"EMAPA:16398 ""2nd branchial membrane ectoderm"""
GrossAnatomicalStructure.txt,UBERON:0005660,2nd arch ectoderm,biolink:GrossAnatomicalStructure,4,UBERON:0005660,2nd arch ectoderm,kept,GrossAnatomicalStructure.txt,biolink:GrossAnatomicalStructure,2,2,"EMAPA:16277 ""2nd branchial arch ectoderm""; UBERON:0005660 ""2nd arch ectoderm"""
GrossAnatomicalStructure.txt,UBERON:0005661,3rd arch ectoderm,biolink:GrossAnatomicalStructure,4,EMAPA:16582,3rd branchial groove ectoderm,moved,AnatomicalEntity.txt,biolink:AnatomicalEntity,1,1,"EMAPA:16582 ""3rd branchial groove ectoderm"""
GrossAnatomicalStructure.txt,UBERON:0005661,3rd arch ectoderm,biolink:GrossAnatomicalStructure,4,EMAPA:16584,3rd branchial membrane ectoderm,moved,AnatomicalEntity.txt,biolink:AnatomicalEntity,1,1,"EMAPA:16584 ""3rd branchial membrane ectoderm"""
GrossAnatomicalStructure.txt,UBERON:0005661,3rd arch ectoderm,biolink:GrossAnatomicalStructure,4,UBERON:0005661,3rd arch ectoderm,kept,GrossAnatomicalStructure.txt,biolink:GrossAnatomicalStructure,2,2,"EMAPA:16400 ""3rd branchial arch ectoderm""; UBERON:0005661 ""3rd arch ectoderm"""
GrossAnatomicalStructure.txt,UBERON:0005662,4th arch ectoderm,biolink:GrossAnatomicalStructure,4,EMAPA:16764,4th branchial membrane ectoderm,moved,AnatomicalEntity.txt,biolink:AnatomicalEntity,1,1,"EMAPA:16764 ""4th branchial membrane ectoderm"""
GrossAnatomicalStructure.txt,UBERON:0005662,4th arch ectoderm,biolink:GrossAnatomicalStructure,4,EMAPA:16768,4th branchial arch ectoderm,moved,AnatomicalEntity.txt,biolink:AnatomicalEntity,1,1,"EMAPA:16768 ""4th branchial arch ectoderm"""
GrossAnatomicalStructure.txt,UBERON:0005662,4th arch ectoderm,biolink:GrossAnatomicalStructure,4,UBERON:0005662,4th arch ectoderm,kept,GrossAnatomicalStructure.txt,biolink:GrossAnatomicalStructure,2,2,"EMAPA:16762 ""4th branchial groove ectoderm""; UBERON:0005662 ""4th arch ectoderm"""
GrossAnatomicalStructure.txt,UBERON:0005664,2nd arch endoderm,biolink:GrossAnatomicalStructure,4,EMAPA:16276,2nd branchial pouch endoderm,moved,AnatomicalEntity.txt,biolink:AnatomicalEntity,1,1,"EMAPA:16276 ""2nd branchial pouch endoderm"""
GrossAnatomicalStructure.txt,UBERON:0005664,2nd arch endoderm,biolink:GrossAnatomicalStructure,4,EMAPA:16278,2nd branchial arch endoderm,moved,AnatomicalEntity.txt,biolink:AnatomicalEntity,1,1,"EMAPA:16278 ""2nd branchial arch endoderm"""
GrossAnatomicalStructure.txt,UBERON:0005664,2nd arch endoderm,biolink:GrossAnatomicalStructure,4,UBERON:0005664,2nd arch endoderm,kept,GrossAnatomicalStructure.txt,biolink:GrossAnatomicalStructure,2,2,"EMAPA:16274 ""2nd branchial membrane endoderm""; UBERON:0005664 ""2nd arch endoderm"""
GrossAnatomicalStructure.txt,UBERON:0005665,3rd arch endoderm,biolink:GrossAnatomicalStructure,4,EMAPA:16585,3rd branchial membrane endoderm,moved,AnatomicalEntity.txt,biolink:AnatomicalEntity,1,1,"EMAPA:16585 ""3rd branchial membrane endoderm"""
GrossAnatomicalStructure.txt,UBERON:0005665,3rd arch endoderm,biolink:GrossAnatomicalStructure,4,EMAPA:16587,3rd branchial pouch endoderm,moved,AnatomicalEntity.txt,biolink:AnatomicalEntity,1,1,"EMAPA:16587 ""3rd branchial pouch endoderm"""
GrossAnatomicalStructure.txt,UBERON:0005665,3rd arch endoderm,biolink:GrossAnatomicalStructure,4,UBERON:0005665,3rd arch endoderm,kept,GrossAnatomicalStructure.txt,biolink:GrossAnatomicalStructure,2,2,"EMAPA:16401 ""3rd branchial arch endoderm""; UBERON:0005665 ""3rd arch endoderm"""
GrossAnatomicalStructure.txt,UBERON:0005666,4th arch endoderm,biolink:GrossAnatomicalStructure,4,EMAPA:16767,4th branchial pouch endoderm,moved,AnatomicalEntity.txt,biolink:AnatomicalEntity,1,1,"EMAPA:16767 ""4th branchial pouch endoderm"""
GrossAnatomicalStructure.txt,UBERON:0005666,4th arch endoderm,biolink:GrossAnatomicalStructure,4,EMAPA:16769,4th branchial arch endoderm,moved,AnatomicalEntity.txt,biolink:AnatomicalEntity,1,1,"EMAPA:16769 ""4th branchial arch endoderm"""
GrossAnatomicalStructure.txt,UBERON:0005666,4th arch endoderm,biolink:GrossAnatomicalStructure,4,UBERON:0005666,4th arch endoderm,kept,GrossAnatomicalStructure.txt,biolink:GrossAnatomicalStructure,2,2,"EMAPA:16765 ""4th branchial membrane endoderm""; UBERON:0005666 ""4th arch endoderm"""
GrossAnatomicalStructure.txt,UBERON:0005728,extraembryonic mesoderm,biolink:GrossAnatomicalStructure,3,EMAPA:31863,extraembryonic mesenchyme,regrouped,GrossAnatomicalStructure.txt,biolink:GrossAnatomicalStructure,1,1,"EMAPA:31863 ""extraembryonic mesenchyme"""
GrossAnatomicalStructure.txt,UBERON:0005728,extraembryonic mesoderm,biolink:GrossAnatomicalStructure,3,UBERON:0005728,extraembryonic mesoderm,kept,GrossAnatomicalStructure.txt,biolink:GrossAnatomicalStructure,2,2,"EMAPA:31862 ""extraembryonic mesoderm""; UBERON:0005728 ""extraembryonic mesoderm"""
GrossAnatomicalStructure.txt,UBERON:0005750,glomerular parietal epithelium,biolink:GrossAnatomicalStructure,8,EMAPA:28260,parietal epithelium of mature renal corpuscle,regrouped,GrossAnatomicalStructure.txt,biolink:GrossAnatomicalStructure,1,1,"EMAPA:28260 ""parietal epithelium of mature renal corpuscle"""
GrossAnatomicalStructure.txt,UBERON:0005750,glomerular parietal epithelium,biolink:GrossAnatomicalStructure,8,EMAPA:35969,metanephros parietal epithelium,regrouped,GrossAnatomicalStructure.txt,biolink:GrossAnatomicalStructure,1,1,"EMAPA:35969 ""metanephros parietal epithelium"""
GrossAnatomicalStructure.txt,UBERON:0005750,glomerular parietal epithelium,biolink:GrossAnatomicalStructure,8,UBERON:0005750,glomerular parietal epithelium,kept,GrossAnatomicalStructure.txt,biolink:GrossAnatomicalStructure,6,6,"EMAPA:27979 ""parietal epithelium of maturing renal corpuscle""; MA:0002605 ""glomerular parietal epithelium""; NCIT:C33271 ""Parietal Layer of Bowman Capsule""; UBERON:0005750 ""glomerular parietal epithelium""; UMLS:C0227645 ""Parietal Layer of Bowman Capsule"""
GrossAnatomicalStructure.txt,UBERON:0005890,gonad germinal epithelium,biolink:GrossAnatomicalStructure,4,EMAPA:27564,coelomic epithelium of gonad primordium,regrouped,GrossAnatomicalStructure.txt,biolink:GrossAnatomicalStructure,1,1,"EMAPA:27564 ""coelomic epithelium of gonad primordium"""
GrossAnatomicalStructure.txt,UBERON:0005890,gonad germinal epithelium,biolink:GrossAnatomicalStructure,4,EMAPA:35382,gonad germinal epithelium,regrouped,GrossAnatomicalStructure.txt,biolink:GrossAnatomicalStructure,1,1,"EMAPA:35382 ""gonad germinal epithelium"""
GrossAnatomicalStructure.txt,UBERON:0005890,gonad germinal epithelium,biolink:GrossAnatomicalStructure,4,UBERON:0005890,gonad germinal epithelium,kept,GrossAnatomicalStructure.txt,biolink:GrossAnatomicalStructure,2,2,"EMAPA:17384 ""coelomic epithelium of gonad""; UBERON:0005890 ""gonad germinal epithelium"""
GrossAnatomicalStructure.txt,UBERON:0006337,distal early tubule,biolink:GrossAnatomicalStructure,5,EMAPA:28007,cortical early distal tubule,regrouped,GrossAnatomicalStructure.txt,biolink:GrossAnatomicalStructure,1,1,"EMAPA:28007 ""cortical early distal tubule"""
GrossAnatomicalStructure.txt,UBERON:0006337,distal early tubule,biolink:GrossAnatomicalStructure,5,UBERON:0006337,distal early tubule,kept,GrossAnatomicalStructure.txt,biolink:GrossAnatomicalStructure,4,4,"EMAPA:27788 ""early distal tubule""; UBERON:0006337 ""distal early tubule""; XAO:0000287 """"; ZFA:0005293 ""distal early tubule"""
GrossAnatomicalStructure.txt,UBERON:0006359,mesoduodenum,biolink:GrossAnatomicalStructure,5,EMAPA:17198,duodenum caudal part mesoduodenum,moved,AnatomicalEntity.txt,biolink:AnatomicalEntity,1,1,"EMAPA:17198 ""duodenum caudal part mesoduodenum"""
GrossAnatomicalStructure.txt,UBERON:0006359,mesoduodenum,biolink:GrossAnatomicalStructure,5,EMAPA:19082,mesoduodenum,moved,AnatomicalEntity.txt,biolink:AnatomicalEntity,1,1,"EMAPA:19082 ""mesoduodenum"""
GrossAnatomicalStructure.txt,UBERON:0006359,mesoduodenum,biolink:GrossAnatomicalStructure,5,UBERON:0006359,mesoduodenum,kept,GrossAnatomicalStructure.txt,biolink:GrossAnatomicalStructure,3,3,"EMAPA:17183 ""duodenum rostral part mesoduodenum""; MA:0001556 ""mesoduodenum""; UBERON:0006359 ""mesoduodenum"""
GrossAnatomicalStructure.txt,UBERON:0006630,left atrium auricular region,biolink:GrossAnatomicalStructure,4,EMAPA:17316,left atrium auricular region,regrouped,GrossAnatomicalStructure.txt,biolink:GrossAnatomicalStructure,1,1,"EMAPA:17316 ""left atrium auricular region"""
GrossAnatomicalStructure.txt,UBERON:0006630,left atrium auricular region,biolink:GrossAnatomicalStructure,4,UBERON:0006630,left atrium auricular region,kept,GrossAnatomicalStructure.txt,biolink:GrossAnatomicalStructure,3,3,"EMAPA:16816 ""left auricular region""; MA:0001869 ""left atrium auricular region""; UBERON:0006630 ""left atrium auricular region"""
GrossAnatomicalStructure.txt,UBERON:0006631,right atrium auricular region,biolink:GrossAnatomicalStructure,4,EMAPA:17322,right atrium auricular region,regrouped,GrossAnatomicalStructure.txt,biolink:GrossAnatomicalStructure,1,1,"EMAPA:17322 ""right atrium auricular region"""
GrossAnatomicalStructure.txt,UBERON:0006631,right atrium auricular region,biolink:GrossAnatomicalStructure,4,UBERON:0006631,right atrium auricular region,kept,GrossAnatomicalStructure.txt,biolink:GrossAnatomicalStructure,3,3,"EMAPA:16824 ""right auricular region""; MA:0001870 ""right atrium auricular region""; UBERON:0006631 ""right atrium auricular region"""
GrossAnatomicalStructure.txt,UBERON:0006932,vestibular epithelium,biolink:GrossAnatomicalStructure,4,EMAPA:35921,vestibular epithelium,regrouped,GrossAnatomicalStructure.txt,biolink:GrossAnatomicalStructure,1,1,"EMAPA:35921 ""vestibular epithelium"""
GrossAnatomicalStructure.txt,UBERON:0006932,vestibular epithelium,biolink:GrossAnatomicalStructure,4,UBERON:0006932,vestibular epithelium,kept,GrossAnatomicalStructure.txt,biolink:GrossAnatomicalStructure,3,3,"EMAPA:32884 ""vestibular component epithelium""; MA:0002892 ""vestibular epithelium""; UBERON:0006932 ""vestibular epithelium"""
GrossAnatomicalStructure.txt,UBERON:0007122,pharyngeal pouch 1,biolink:GrossAnatomicalStructure,7,EMAPA:16125,1st branchial pouch endoderm,moved,AnatomicalEntity.txt,biolink:AnatomicalEntity,1,1,"EMAPA:16125 ""1st branchial pouch endoderm"""
GrossAnatomicalStructure.txt,UBERON:0007122,pharyngeal pouch 1,biolink:GrossAnatomicalStructure,7,UBERON:0007122,pharyngeal pouch 1,kept,GrossAnatomicalStructure.txt,biolink:GrossAnatomicalStructure,6,6,"EMAPA:16124 ""1st branchial pouch""; NCIT:C34176 ""First Pharyngeal Pouch""; UBERON:0007122 ""pharyngeal pouch 1""; UMLS:C0231068 ""Structure of first pharyngeal pouch""; XAO:0000102 """""
GrossAnatomicalStructure.txt,UBERON:0007213,mesenchyme derived from head neural crest,biolink:GrossAnatomicalStructure,4,(dropped),,dropped,,,0,1,"EMAPA:16271 """""
GrossAnatomicalStructure.txt,UBERON:0007213,mesenchyme derived from head neural crest,biolink:GrossAnatomicalStructure,4,UBERON:0007213,mesenchyme derived from head neural crest,kept,GrossAnatomicalStructure.txt,biolink:GrossAnatomicalStructure,3,3,"EMAPA:16169 ""head mesenchyme derived from neural crest""; UBERON:0007213 ""mesenchyme derived from head neural crest""; ZFA:0000787 ""mesenchyme derived from head neural crest"""
GrossAnatomicalStructure.txt,UBERON:0009523,mesenchyme of handplate,biolink:GrossAnatomicalStructure,3,EMAPA:17457,hand mesenchyme,regrouped,GrossAnatomicalStructure.txt,biolink:GrossAnatomicalStructure,1,1,"EMAPA:17457 ""hand mesenchyme"""
GrossAnatomicalStructure.txt,UBERON:0009523,mesenchyme of handplate,biolink:GrossAnatomicalStructure,3,UBERON:0009523,mesenchyme of handplate,kept,GrossAnatomicalStructure.txt,biolink:GrossAnatomicalStructure,2,2,"EMAPA:17248 ""handplate mesenchyme""; UBERON:0009523 ""mesenchyme of handplate"""
GrossAnatomicalStructure.txt,UBERON:0009602,left lung associated mesenchyme,biolink:GrossAnatomicalStructure,3,EMAPA:17654,left lung mesenchyme,regrouped,GrossAnatomicalStructure.txt,biolink:GrossAnatomicalStructure,1,1,"EMAPA:17654 ""left lung mesenchyme"""
GrossAnatomicalStructure.txt,UBERON:0009602,left lung associated mesenchyme,biolink:GrossAnatomicalStructure,3,UBERON:0009602,left lung associated mesenchyme,kept,GrossAnatomicalStructure.txt,biolink:GrossAnatomicalStructure,2,2,"EMAPA:16730 ""left lung rudiment mesenchyme""; UBERON:0009602 ""left lung associated mesenchyme"""
GrossAnatomicalStructure.txt,UBERON:0009779,cardiac muscle tissue of right auricle,biolink:GrossAnatomicalStructure,3,EMAPA:17324,right atrium auricular region cardiac muscle,regrouped,GrossAnatomicalStructure.txt,biolink:GrossAnatomicalStructure,1,1,"EMAPA:17324 ""right atrium auricular region cardiac muscle"""
GrossAnatomicalStructure.txt,UBERON:0009779,cardiac muscle tissue of right auricle,biolink:GrossAnatomicalStructure,3,UBERON:0009779,cardiac muscle tissue of right auricle,kept,GrossAnatomicalStructure.txt,biolink:GrossAnatomicalStructure,2,2,"EMAPA:16826 ""right auricular region cardiac muscle""; UBERON:0009779 ""cardiac muscle tissue of right auricle"""
GrossAnatomicalStructure.txt,UBERON:0009780,cardiac muscle tissue of left auricle,biolink:GrossAnatomicalStructure,3,EMAPA:17318,left atrium auricular region cardiac muscle,regrouped,GrossAnatomicalStructure.txt,biolink:GrossAnatomicalStructure,1,1,"EMAPA:17318 ""left atrium auricular region cardiac muscle"""
GrossAnatomicalStructure.txt,UBERON:0009780,cardiac muscle tissue of left auricle,biolink:GrossAnatomicalStructure,3,UBERON:0009780,cardiac muscle tissue of left auricle,kept,GrossAnatomicalStructure.txt,biolink:GrossAnatomicalStructure,2,2,"EMAPA:16818 ""left auricular region cardiac muscle""; UBERON:0009780 ""cardiac muscle tissue of left auricle"""
GrossAnatomicalStructure.txt,UBERON:0010047,oral gland,biolink:GrossAnatomicalStructure,3,EMAPA:16723,oral region gland,regrouped,GrossAnatomicalStructure.txt,biolink:GrossAnatomicalStructure,1,1,"EMAPA:16723 ""oral region gland"""
GrossAnatomicalStructure.txt,UBERON:0010047,oral gland,biolink:GrossAnatomicalStructure,3,UBERON:0010047,oral gland,kept,GrossAnatomicalStructure.txt,biolink:GrossAnatomicalStructure,2,2,"EMAPA:16572 ""stomatodeum gland""; UBERON:0010047 ""oral gland"""
GrossAnatomicalStructure.txt,UBERON:0010145,paraurethral gland,biolink:GrossAnatomicalStructure,6,EMAPA:36134,urethral gland of clitoral urethra,regrouped,GrossAnatomicalStructure.txt,biolink:GrossAnatomicalStructure,1,1,"EMAPA:36134 ""urethral gland of clitoral urethra"""
GrossAnatomicalStructure.txt,UBERON:0010145,paraurethral gland,biolink:GrossAnatomicalStructure,6,UBERON:0010145,paraurethral gland,kept,GrossAnatomicalStructure.txt,biolink:GrossAnatomicalStructure,5,5,"EMAPA:36133 ""urethral gland of pelvic urethra of female""; NCIT:C12339 ""Urethral Gland""; UBERON:0010145 ""paraurethral gland""; UMLS:C0221315 ""Paraurethral gland""; UMLS:C0227724 ""Urethral gland structure"""
GrossAnatomicalStructure.txt,UBERON:0010189,right atrium venous valve,biolink:GrossAnatomicalStructure,4,EMAPA:17328,right atrium venous valve,regrouped,GrossAnatomicalStructure.txt,biolink:GrossAnatomicalStructure,1,1,"EMAPA:17328 ""right atrium venous valve"""
GrossAnatomicalStructure.txt,UBERON:0010189,right atrium venous valve,biolink:GrossAnatomicalStructure,4,UBERON:0010189,right atrium venous valve,kept,GrossAnatomicalStructure.txt,biolink:GrossAnatomicalStructure,3,3,"EMAPA:17010 ""common atrial chamber right part venous valve""; MA:0001872 ""right atrium venous valve""; UBERON:0010189 ""right atrium venous valve"""
GrossAnatomicalStructure.txt,UBERON:0010687,pedal digit metatarsal pre-cartilage condensation,biolink:GrossAnatomicalStructure,3,EMAPA:35568,metatarsus mesenchyme,regrouped,GrossAnatomicalStructure.txt,biolink:GrossAnatomicalStructure,1,1,"EMAPA:35568 ""metatarsus mesenchyme"""
GrossAnatomicalStructure.txt,UBERON:0010687,pedal digit metatarsal pre-cartilage condensation,biolink:GrossAnatomicalStructure,3,UBERON:0010687,pedal digit metatarsal pre-cartilage condensation,kept,GrossAnatomicalStructure.txt,biolink:GrossAnatomicalStructure,2,2,"EMAPA:32956 ""metatarsus pre-cartilage condensation""; UBERON:0010687 ""pedal digit metatarsal pre-cartilage condensation"""
GrossAnatomicalStructure.txt,UBERON:0011754,genital swelling,biolink:GrossAnatomicalStructure,3,EMAPA:35377,genital swelling of genital tubercle,moved,AnatomicalEntity.txt,biolink:AnatomicalEntity,1,1,"EMAPA:35377 ""genital swelling of genital tubercle"""
GrossAnatomicalStructure.txt,UBERON:0011754,genital swelling,biolink:GrossAnatomicalStructure,3,UBERON:0011754,genital swelling,kept,GrossAnatomicalStructure.txt,biolink:GrossAnatomicalStructure,2,2,"EMAPA:30074 ""genital swelling""; UBERON:0011754 ""genital swelling"""
GrossAnatomicalStructure.txt,UBERON:0011755,female labial swelling,biolink:GrossAnatomicalStructure,3,EMAPA:30423,labial swelling,moved,AnatomicalEntity.txt,biolink:AnatomicalEntity,1,1,"EMAPA:30423 ""labial swelling"""
GrossAnatomicalStructure.txt,UBERON:0011755,female labial swelling,biolink:GrossAnatomicalStructure,3,UBERON:0011755,female labial swelling,kept,GrossAnatomicalStructure.txt,biolink:GrossAnatomicalStructure,2,2,"EMAPA:18329 ""labial fold""; UBERON:0011755 ""female labial swelling"""
GrossAnatomicalStructure.txt,UBERON:0012238,ureteric bud trunk,biolink:GrossAnatomicalStructure,3,EMAPA:27697,ureteric trunk,regrouped,GrossAnatomicalStructure.txt,biolink:GrossAnatomicalStructure,1,1,"EMAPA:27697 ""ureteric trunk"""
GrossAnatomicalStructure.txt,UBERON:0012238,ureteric bud trunk,biolink:GrossAnatomicalStructure,3,UBERON:0012238,ureteric bud trunk,kept,GrossAnatomicalStructure.txt,biolink:GrossAnatomicalStructure,2,2,"EMAPA:27608 ""ureteric stalk""; UBERON:0012238 ""ureteric bud trunk"""
GrossAnatomicalStructure.txt,UBERON:0012481,cloacal epithelium,biolink:GrossAnatomicalStructure,4,EMAPA:36070,cloacal epithelium of cloacal membrane,moved,AnatomicalEntity.txt,biolink:AnatomicalEntity,1,1,"EMAPA:36070 ""cloacal epithelium of cloacal membrane"""
GrossAnatomicalStructure.txt,UBERON:0012481,cloacal epithelium,biolink:GrossAnatomicalStructure,4,UBERON:0012481,cloacal epithelium,kept,GrossAnatomicalStructure.txt,biolink:GrossAnatomicalStructure,3,3,"EMAPA:27577 ""cloacal epithelium""; UBERON:0012481 ""cloacal epithelium""; ZFA:0005783 ""cloacal epithelium"""
GrossAnatomicalStructure.txt,UBERON:0012494,muscularis mucosae of duodenum,biolink:GrossAnatomicalStructure,5,EMAPA:27259,duodenum muscularis mucosa,moved,AnatomicalEntity.txt,biolink:AnatomicalEntity,1,1,"EMAPA:27259 ""duodenum muscularis mucosa"""
GrossAnatomicalStructure.txt,UBERON:0012494,muscularis mucosae of duodenum,biolink:GrossAnatomicalStructure,5,UBERON:0012494,muscularis mucosae of duodenum,kept,GrossAnatomicalStructure.txt,biolink:GrossAnatomicalStructure,4,4,"EMAPA:27243 ""duodenum muscularis""; MA:0003210 ""duodenum muscularis mucosa""; MA:0003211 ""duodenum muscularis""; UBERON:0012494 ""muscularis mucosae of duodenum"""
GrossAnatomicalStructure.txt,UBERON:0013247,male paramesonephric duct,biolink:GrossAnatomicalStructure,3,EMAPA:35661,paramesonephric duct of male,moved,AnatomicalEntity.txt,biolink:AnatomicalEntity,1,1,"EMAPA:35661 ""paramesonephric duct of male"""
GrossAnatomicalStructure.txt,UBERON:0013247,male paramesonephric duct,biolink:GrossAnatomicalStructure,3,UBERON:0013247,male paramesonephric duct,kept,GrossAnatomicalStructure.txt,biolink:GrossAnatomicalStructure,2,2,"EMAPA:29161 ""degenerating mesonephric portion of male paramesonephric duct""; UBERON:0013247 ""male paramesonephric duct"""
GrossAnatomicalStructure.txt,UBERON:0034995,jaw mesenchyme,biolink:GrossAnatomicalStructure,3,EMAPA:35454,jaw primordium mesenchyme,regrouped,GrossAnatomicalStructure.txt,biolink:GrossAnatomicalStructure,1,1,"EMAPA:35454 ""jaw primordium mesenchyme"""
GrossAnatomicalStructure.txt,UBERON:0034995,jaw mesenchyme,biolink:GrossAnatomicalStructure,3,UBERON:0034995,jaw mesenchyme,kept,GrossAnatomicalStructure.txt,biolink:GrossAnatomicalStructure,2,2,"EMAPA:32907 ""jaw mesenchyme""; UBERON:0034995 ""jaw mesenchyme"""
