drugbank_curie,label,unii,unii_ncit,organism_flags,current_ncit_retype
DRUGBANK:DB00028,Human immunoglobulin G,UNII:66Y330CJHS,NCIT:C80829,NCBI,
DRUGBANK:DB00076,Digoxin Immune Fab (Ovine),UNII:YB12NQZ1YN,NCIT:C80835,NCBI,
DRUGBANK:DB00098,Antithymocyte immunoglobulin (rabbit),UNII:D7RD81HE4W,NCIT:C80833,NCBI,
DRUGBANK:DB00965,Ethiodized oil,UNII:KZW0R0686Q,NCIT:C487,NCBI|PLANTS|GRIN|MPNS,
DRUGBANK:DB01323,St. John's Wort,UNII:UFH8805FKA,NCIT:C2589,NCBI|PLANTS|GRIN|MPNS,
DRUGBANK:DB01363,Ephedra sinica root,UNII:D0P20CT40D,,NCBI|PLANTS|GRIN|MPNS,
DRUGBANK:DB01381,Ginkgo biloba,UNII:19FUJ2C58T,NCIT:C29072,NCBI|PLANTS|GRIN|MPNS,
DRUGBANK:DB01404,Ginseng,UNII:CUQ3A77YXI,NCIT:C69298,NCBI|PLANTS|GRIN|MPNS,
DRUGBANK:DB05051,BZL101,UNII:J52LXC6DTW,NCIT:C69134,NCBI|GRIN|MPNS,
DRUGBANK:DB05276,Hepatitis B immune globulin,UNII:XII270YC6M,NCIT:C80827,NCBI,
DRUGBANK:DB06415,Calfactant,UNII:Q4K217VGA9,NCIT:C80989,NCBI,
DRUGBANK:DB06688,Sipuleucel-T,UNII:8Q622VDR18,NCIT:C1985,NCBI,
DRUGBANK:DB09057,Anthrax immune globulin human,UNII:VKZ83S945Z,,NCBI,
DRUGBANK:DB09100,"Thyroid, porcine",UNII:6RV024OAUQ,NCIT:C185191,NCBI,
DRUGBANK:DB09113,Poractant alfa,UNII:KE3U2023NP,NCIT:C81353,NCBI,
DRUGBANK:DB09312,Antilymphocyte immunoglobulin (horse),UNII:475247QF1Z,NCIT:C80824,NCBI,
DRUGBANK:DB09363,Rauwolfia serpentina root,UNII:H192N84N1G,,NCBI|PLANTS|GRIN|MPNS,
DRUGBANK:DB09379,Sutilain,UNII:2PU6O23V1G,NCIT:C87679,NCBI,
DRUGBANK:DB09422,Soybean oil,UNII:241ATL177A,NCIT:C838,NCBI|PLANTS|GRIN|MPNS,biolink:Food
DRUGBANK:DB09446,Safflower oil,UNII:65UEH262IS,NCIT:C820,NCBI|PLANTS|GRIN|MPNS,biolink:Food
DRUGBANK:DB09493,Technetium Tc-99m red blood cells,UNII:D8L75GM22O,NCIT:C90870,NCBI,
DRUGBANK:DB09567,Olive oil,UNII:6UYK2W1W1E,NCIT:C1175,NCBI|PLANTS|GRIN|MPNS,biolink:Food
DRUGBANK:DB09876,Clostridium tetani,UNII:751E8J54VM,NCIT:C86298,NCBI,
DRUGBANK:DB09877,Corynebacterium diphtheriae,UNII:3U7E3O07S8,NCIT:C86312,NCBI,
DRUGBANK:DB10076,Haemophilus influenzae type B strain 1482 capsular polysaccharide tetanus toxoid conjugate antigen,UNII:FLV5I5W26R,NCIT:C77710,NCBI,
DRUGBANK:DB10286,Streptococcus pneumoniae type 4 capsular polysaccharide diphtheria CRM197 protein conjugate antigen,UNII:TGJ6YZC4W7,NCIT:C77788,NCBI,
DRUGBANK:DB10287,Streptococcus pneumoniae type 6B capsular polysaccharide diphtheria CRM197 protein conjugate antigen,UNII:4M543JVT7G,NCIT:C77791,NCBI,
DRUGBANK:DB10288,Streptococcus pneumoniae type 9V capsular polysaccharide diphtheria CRM197 protein conjugate antigen,UNII:5Q768OY0GI,NCIT:C77796,NCBI,
DRUGBANK:DB10289,Streptococcus pneumoniae type 14 capsular polysaccharide diphtheria CRM197 protein conjugate antigen,UNII:SK54I0S386,NCIT:C77772,NCBI,
DRUGBANK:DB10290,Streptococcus pneumoniae type 18C capsular polysaccharide diphtheria CRM197 protein conjugate antigen,UNII:XK87D9J012,NCIT:C77776,NCBI,
DRUGBANK:DB10291,Streptococcus pneumoniae type 19F capsular polysaccharide diphtheria CRM197 protein conjugate antigen,UNII:2E1M7F958B,NCIT:C77779,NCBI,
DRUGBANK:DB10292,Streptococcus pneumoniae type 23F capsular polysaccharide diphtheria CRM197 protein conjugate antigen,UNII:25N8E57V6T,NCIT:C77784,NCBI,
DRUGBANK:DB10293,Streptococcus pneumoniae type 1 capsular polysaccharide diphtheria CRM197 protein conjugate antigen,UNII:54EC0SE5PZ,,NCBI,
DRUGBANK:DB10294,Streptococcus pneumoniae type 3 capsular polysaccharide diphtheria CRM197 protein conjugate antigen,UNII:2VF3V7175U,,NCBI,
DRUGBANK:DB10295,Streptococcus pneumoniae type 5 capsular polysaccharide diphtheria CRM197 protein conjugate antigen,UNII:5SKG37872O,,NCBI,
DRUGBANK:DB10297,Streptococcus pneumoniae type 7F capsular polysaccharide diphtheria CRM197 protein conjugate antigen,UNII:0K0S2P98ZJ,,NCBI,
DRUGBANK:DB10298,Streptococcus pneumoniae type 19A capsular polysaccharide diphtheria CRM197 protein conjugate antigen,UNII:B970MQT365,,NCBI,
DRUGBANK:DB10315,Measles virus vaccine live attenuated,UNII:MFZ8I7277D,NCIT:C77754,NCBI,
DRUGBANK:DB10316,Mumps virus strain B level jeryl lynn live antigen,UNII:47QB6MX9KU,NCIT:C77755,NCBI,
DRUGBANK:DB10317,Rubella virus vaccine,UNII:52202H034Z,NCIT:C77764,NCBI,
DRUGBANK:DB10318,Varicella zoster vaccine (live/attenuated),UNII:GPV39ZGD8C,NCIT:C77799,NCBI,
DRUGBANK:DB10320,Streptococcus pneumoniae type 2 capsular polysaccharide antigen,UNII:E11P4F3X4S,NCIT:C77780,NCBI,
DRUGBANK:DB10323,Streptococcus pneumoniae type 5 capsular polysaccharide antigen,UNII:N8R9GL539D,NCIT:C77789,NCBI,
DRUGBANK:DB10324,Streptococcus pneumoniae type 6b capsular polysaccharide antigen,UNII:57F7254B6Q,NCIT:C77790,NCBI,
DRUGBANK:DB10325,Streptococcus pneumoniae type 7f capsular polysaccharide antigen,UNII:X1K54R2P9I,NCIT:C77792,NCBI,
DRUGBANK:DB10326,Streptococcus pneumoniae type 8 capsular polysaccharide antigen,UNII:669818346F,NCIT:C77793,NCBI,
DRUGBANK:DB10327,Streptococcus pneumoniae type 9n capsular polysaccharide antigen,UNII:313LJP87ET,NCIT:C77794,NCBI,
DRUGBANK:DB10328,Streptococcus pneumoniae type 9v capsular polysaccharide antigen,UNII:DL82PE6ANE,NCIT:C77795,NCBI,
DRUGBANK:DB10335,Streptococcus pneumoniae type 18c capsular polysaccharide antigen,UNII:23036553F6,NCIT:C77775,NCBI,
DRUGBANK:DB10336,Streptococcus pneumoniae type 19f capsular polysaccharide antigen,UNII:5K0VU709JD,NCIT:C77778,NCBI,
DRUGBANK:DB10337,Streptococcus pneumoniae type 19a capsular polysaccharide antigen,UNII:9W2T4OSF98,NCIT:C77777,NCBI,
DRUGBANK:DB10338,Streptococcus pneumoniae type 20 capsular polysaccharide antigen,UNII:V3FC0DK9XS,NCIT:C77781,NCBI,
DRUGBANK:DB10339,Streptococcus pneumoniae type 22f capsular polysaccharide antigen,UNII:7NLV25LOSI,NCIT:C77782,NCBI,
DRUGBANK:DB10340,Streptococcus pneumoniae type 23f capsular polysaccharide antigen,UNII:PYD255827T,NCIT:C77783,NCBI,
DRUGBANK:DB10341,Streptococcus pneumoniae type 33f capsular polysaccharide antigen,UNII:2MGG3XW1L2,NCIT:C77786,NCBI,
DRUGBANK:DB10343,Bacillus calmette-guerin substrain tice live antigen,UNII:2XQ558L16Z,NCIT:C75774,NCBI,
DRUGBANK:DB10344,Ginger,UNII:C5529G5JPQ,NCIT:C66725,NCBI|PLANTS|GRIN|MPNS,biolink:Food
DRUGBANK:DB10346,Acacia longifolia pollen,UNII:24SO2J296O,NCIT:C85201,NCBI|PLANTS|GRIN|MPNS,
DRUGBANK:DB10348,Fraxinus americana pollen,UNII:G684LX721Q,NCIT:C85167,NCBI|PLANTS|GRIN|MPNS,
DRUGBANK:DB10349,Paspalum notatum pollen,UNII:V003SHB7VK,NCIT:C85293,NCBI|PLANTS|GRIN|MPNS,
DRUGBANK:DB10350,Fagus grandifolia pollen,UNII:34X886W1H4,NCIT:C85165,NCBI|PLANTS|GRIN|MPNS,
DRUGBANK:DB10351,Cynodon dactylon pollen,UNII:175F461W10,NCIT:C85157,NCBI|PLANTS|GRIN|MPNS,biolink:ComplexMolecularMixture
DRUGBANK:DB10352,Betula lenta pollen,UNII:JQ5HI5004M,NCIT:C85131,NCBI|PLANTS|GRIN|MPNS,
DRUGBANK:DB10353,Poa annua pollen,UNII:7U437HHU5C,NCIT:C85319,NCBI|PLANTS|GRIN|MPNS,
DRUGBANK:DB10354,Acer negundo pollen,UNII:P6K070AR8V,NCIT:C80312,NCBI|PLANTS|GRIN|MPNS,
DRUGBANK:DB10355,Bromus inermis pollen,UNII:766QT72BK6,,NCBI|PLANTS|GRIN|MPNS,
DRUGBANK:DB10356,Xanthium strumarium pollen,UNII:2QOF601J1M,NCIT:C85388,NCBI|PLANTS|GRIN|MPNS,
DRUGBANK:DB10357,Zea mays pollen,UNII:74PD8J616H,NCIT:C85205,NCBI|PLANTS|GRIN|MPNS,biolink:ComplexMolecularMixture
DRUGBANK:DB10359,Rumex acetosella pollen,UNII:N52MIQ81ZW,NCIT:C85352,NCBI|PLANTS|GRIN|MPNS,
DRUGBANK:DB10360,Rumex crispus pollen,UNII:V825XJG64G,NCIT:C85354,NCBI|PLANTS|GRIN|MPNS,
DRUGBANK:DB10361,Ulmus americana pollen,UNII:89BAT511BD,NCIT:C85382,NCBI|PLANTS|GRIN|MPNS,
DRUGBANK:DB10362,Ulmus pumila pollen,UNII:030R993R8E,NCIT:C85385,NCBI|PLANTS|GRIN|MPNS,
DRUGBANK:DB10363,Corylus americana pollen,UNII:ZGS382Y3AV,NCIT:C85156,NCBI|PLANTS|GRIN|MPNS,
DRUGBANK:DB10364,Carya ovata pollen,UNII:54UN9R2798,NCIT:C85148,NCBI|PLANTS|GRIN|MPNS,
DRUGBANK:DB10365,Sorghum halepense pollen,UNII:577VA5B4HP,NCIT:C85370,NCBI|PLANTS|GRIN|MPNS,
DRUGBANK:DB10366,Poa pratensis pollen,UNII:SCB8J7LS3T,NCIT:C85321,NCBI|PLANTS|GRIN|MPNS,
DRUGBANK:DB10368,Chenopodium album pollen,UNII:098LKX5NCN,NCIT:C85152,NCBI|PLANTS|GRIN|MPNS,
DRUGBANK:DB10369,Acer saccharum pollen,UNII:V38QUQ7861,NCIT:C80315,NCBI|PLANTS|GRIN|MPNS,
DRUGBANK:DB10370,Festuca pratensis pollen,UNII:A0WFQ8P6N1,NCIT:C85166,NCBI|PLANTS|GRIN,
DRUGBANK:DB10371,Prosopis juliflora pollen,UNII:6EIJ3D04MR,NCIT:C85332,NCBI|PLANTS|GRIN|MPNS,
DRUGBANK:DB10372,Artemisia vulgaris pollen,UNII:ANT994T71D,NCIT:C85120,NCBI|PLANTS|GRIN|MPNS,
DRUGBANK:DB10373,Morus rubra pollen,UNII:9LYI4RTZ52,NCIT:C85291,NCBI|PLANTS|GRIN|MPNS,
DRUGBANK:DB10374,Quercus agrifolia pollen,UNII:VOT5MA71M7,NCIT:C85334,NCBI|PLANTS|GRIN|MPNS,
DRUGBANK:DB10375,Quercus virginiana pollen,UNII:8KDG09A4GO,NCIT:C85348,NCBI|PLANTS|GRIN|MPNS,
DRUGBANK:DB10376,Quercus alba pollen,UNII:Z4Y9ZSV4KK,NCIT:C85335,NCBI|PLANTS|GRIN|MPNS,
DRUGBANK:DB10377,Avena sativa pollen,UNII:A7IKY24TR7,NCIT:C85126,NCBI|PLANTS|GRIN|MPNS,
DRUGBANK:DB10378,Olea europaea pollen,UNII:43R41XZ627,NCIT:C80320,NCBI|PLANTS|GRIN|MPNS,
DRUGBANK:DB10379,Dactylis glomerata pollen,UNII:83N78IDA7P,NCIT:C85158,NCBI|PLANTS|GRIN|MPNS,biolink:ComplexMolecularMixture
DRUGBANK:DB10380,Carya illinoinensis pollen,UNII:PYO4JR720Y,NCIT:C85146,NCBI|PLANTS|GRIN|MPNS,
DRUGBANK:DB10381,Amaranthus retroflexus pollen,UNII:73B14PX5FW,NCIT:C85098,NCBI|PLANTS|GRIN|MPNS,
DRUGBANK:DB10382,Plantago lanceolata pollen,UNII:DO87T1U2CI,NCIT:C85314,NCBI|PLANTS|GRIN|MPNS,
DRUGBANK:DB10383,Populus alba pollen,UNII:VU8C8SB23P,NCIT:C85323,NCBI|PLANTS|GRIN|MPNS,
DRUGBANK:DB10384,Ambrosia acanthicarpa pollen,UNII:U2AI3H2J5Y,,PLANTS|GRIN|MPNS,
DRUGBANK:DB10385,Ambrosia artemisiifolia pollen,UNII:9W34L2CQ9A,,NCBI|PLANTS|GRIN|MPNS,biolink:ComplexMolecularMixture
DRUGBANK:DB10386,Ambrosia trifida pollen,UNII:KU1V1898XX,NCIT:C85110,NCBI|PLANTS|GRIN|MPNS,
DRUGBANK:DB10387,Ambrosia psilostachya pollen,UNII:RX18M46K8L,NCIT:C85108,NCBI|PLANTS|GRIN|MPNS,
DRUGBANK:DB10388,Salsola kali pollen,UNII:2MH135KC6G,NCIT:C85361,NCBI|PLANTS|GRIN,
DRUGBANK:DB10389,Lolium perenne pollen,UNII:4T81LB52R0,NCIT:C85282,NCBI|PLANTS|GRIN|MPNS,biolink:ComplexMolecularMixture
DRUGBANK:DB10390,Artemisia tridentata pollen,UNII:YI19RB8YFD,NCIT:C85119,NCBI|PLANTS|GRIN|MPNS,
DRUGBANK:DB10391,Atriplex wrightii pollen,UNII:YB1308W43O,NCIT:C85125,PLANTS,
DRUGBANK:DB10392,Platanus occidentalis pollen,UNII:E03U1K03LK,NCIT:C85317,NCBI|PLANTS|GRIN|MPNS,
DRUGBANK:DB10393,Platanus racemosa pollen,UNII:BWC8DYU8OS,NCIT:C85318,NCBI|PLANTS|GRIN|MPNS,
DRUGBANK:DB10394,Phleum pratense pollen,UNII:0P46LFE4VC,NCIT:C72397,NCBI|PLANTS|GRIN|MPNS,biolink:ComplexMolecularMixture
DRUGBANK:DB10395,Holcus lanatus pollen,UNII:70O1TP6H01,NCIT:C85209,NCBI|PLANTS|GRIN|MPNS,
DRUGBANK:DB10396,Juglans nigra pollen,UNII:1BV28146ZR,NCIT:C85264,NCBI|PLANTS|GRIN|MPNS,
DRUGBANK:DB10397,Juglans californica pollen,UNII:2147EPR64I,NCIT:C85263,NCBI|PLANTS|GRIN|MPNS,
DRUGBANK:DB10398,Salix nigra pollen,UNII:6M2JIH93ZN,NCIT:C85360,NCBI|PLANTS|GRIN|MPNS,
DRUGBANK:DB10399,Felis catus skin,UNII:5308ED00EL,,NCBI,
DRUGBANK:DB10400,Dermatophagoides farinae,UNII:PR9U2YPF3Q,,NCBI,
DRUGBANK:DB10401,Dermatophagoides pteronyssinus,UNII:57L1Z5378K,,NCBI,
DRUGBANK:DB10403,Agrostis gigantea pollen,UNII:HU8V6E7HOA,NCIT:C85089,NCBI|PLANTS|GRIN,biolink:ComplexMolecularMixture
DRUGBANK:DB10404,Anthoxanthum odoratum pollen,UNII:2KIK19R45Y,NCIT:C85111,NCBI|PLANTS|GRIN|MPNS,
DRUGBANK:DB10406,Bos taurus skin,UNII:7J12CD6O9L,,NCBI,
DRUGBANK:DB10408,Cotton seed,UNII:DI0ZRJ0MXN,NCIT:C73881,NCBI|PLANTS|GRIN|MPNS,biolink:Food
DRUGBANK:DB10409,Canis lupus familiaris skin,UNII:X2W7CLE97T,,NCBI,
DRUGBANK:DB10410,Equus caballus skin,UNII:88VZV9HGT4,,NCBI,
DRUGBANK:DB10411,Ceiba pentandra fiber,UNII:758Z9H9WV9,,NCBI|PLANTS|GRIN|MPNS,
DRUGBANK:DB10412,Mus musculus skin,UNII:390AN9GB09,,NCBI,
DRUGBANK:DB10413,Orris,UNII:8N6VTJ9IWV,,NCBI|PLANTS|MPNS,
DRUGBANK:DB10415,Rabbit,UNII:O5V0F26RUW,NCIT:C14264,NCBI,
DRUGBANK:DB10416,Cavia porcellus skin,UNII:GM3H4U6QS8,,NCBI,
DRUGBANK:DB10417,Periplaneta americana,UNII:2RQ1L9N089,,NCBI,biolink:ComplexMolecularMixture
DRUGBANK:DB10418,Blatella germanica,UNII:G9O67I0A8Q,NCIT:C87504,NCBI,biolink:ComplexMolecularMixture
DRUGBANK:DB10419,Solenopsis invicta,UNII:5O7CR4P444,,NCBI,biolink:ComplexMolecularMixture
DRUGBANK:DB10420,Gallus gallus feather,UNII:1FCM16V0FV,,NCBI,
DRUGBANK:DB10421,Anas platyrhynchos feather,UNII:83B65P4796,,NCBI,
DRUGBANK:DB10422,Anser anser feather,UNII:15XI414745,,NCBI,
DRUGBANK:DB10424,Alternaria alternata,UNII:52B29REC7H,NCIT:C87529,NCBI,biolink:ComplexMolecularMixture
DRUGBANK:DB10425,Aspergillus fumigatus,UNII:X88DF51T48,NCIT:C77182,NCBI,
DRUGBANK:DB10426,Aspergillus niger var. niger,UNII:9IOA40ANG6,,NCBI,
DRUGBANK:DB10427,Aureobasidium pullulans var. pullutans,UNII:D1A2NG69CK,,NCBI,
DRUGBANK:DB10428,Botrytis cinerea,UNII:TBW53313S7,,NCBI,
DRUGBANK:DB10429,Candida albicans,UNII:4D7G21HDBC,NCIT:C77170,NCBI,
DRUGBANK:DB10430,Chaetomium globosum,UNII:5016WB8B8A,,NCBI,
DRUGBANK:DB10431,Cladosporium cladosporioides,UNII:4ZWY20GTGO,,NCBI,
DRUGBANK:DB10432,Cladosporium sphaerospermum,UNII:P87YCA1U8R,,NCBI,
DRUGBANK:DB10433,Cochliobolus sativus,UNII:3LN5B70U4W,,NCBI,
DRUGBANK:DB10434,Epicoccum nigrum,UNII:87U156LEN7,,NCBI,
DRUGBANK:DB10435,Fusarium oxysporum vasinfectum,UNII:6M98DC08TZ,,NCBI,
DRUGBANK:DB10436,Helminthosporium solani,UNII:U6Z259H815,,NCBI,
DRUGBANK:DB10437,Mucor plumbeus,UNII:D7401PWY6E,,NCBI,
DRUGBANK:DB10438,Neurospora intermedia,UNII:2072U60DUI,,NCBI,
DRUGBANK:DB10439,Penicillium chrysogenum var. chrysogenum,UNII:3Y1PE1GCIG,,NCBI,
DRUGBANK:DB10440,Phoma exigua var. exigua,UNII:8JAG41IE4M,,NCBI,
DRUGBANK:DB10441,Rhizopus arrhizus var. arrhizus,UNII:8476849N1Y,,NCBI,biolink:ComplexMolecularMixture
DRUGBANK:DB10442,Rhodotorula rubra,UNII:15W81V867R,NCIT:C87517,NCBI,
DRUGBANK:DB10443,Ustilago maydis,UNII:4K7Z7K7SWG,NCIT:C87523,NCBI,biolink:ComplexMolecularMixture
DRUGBANK:DB10444,Ustilago tritici,UNII:BV82OL2IZ8,NCIT:C87525,NCBI,
DRUGBANK:DB10445,Stemphylium solani,UNII:1IEK4UDP5M,,NCBI,
DRUGBANK:DB10446,Trichophyton mentagrophytes,UNII:199I7J3JIV,,NCBI,
DRUGBANK:DB10447,Saccharomyces cerevisiae,UNII:978D8U419H,NCIT:C14271,NCBI,
DRUGBANK:DB10448,Aspergillus oryzae,UNII:Q6Z8UK5R3G,NCIT:C87507,NCBI,
DRUGBANK:DB10449,Aspergillus repens,UNII:SQ89E6LOME,NCIT:C87509,NCBI,
DRUGBANK:DB10450,Aspergillus terreus,UNII:QBN8K7055X,NCIT:C87511,NCBI,
DRUGBANK:DB10451,Acacia,UNII:5C5403N26O,NCIT:C80123,NCBI|PLANTS|GRIN|MPNS,biolink:ComplexMolecularMixture
DRUGBANK:DB10452,Ailanthus altissima pollen,UNII:2A64U81OQ3,NCIT:C85091,NCBI|PLANTS|GRIN|MPNS,
DRUGBANK:DB10453,Alnus incana subsp. rugosa pollen,UNII:605T96G8Y5,,NCBI|PLANTS,
DRUGBANK:DB10454,Medicago sativa pollen,UNII:G515RAI9FY,NCIT:C85285,NCBI|PLANTS|GRIN|MPNS,
DRUGBANK:DB10455,Fraxinus velutina pollen,UNII:LJT6I6Z8FD,,NCBI|PLANTS|GRIN,
DRUGBANK:DB10456,Populus tremuloides pollen,UNII:928OC2TJDA,NCIT:C85330,NCBI|PLANTS|GRIN|MPNS,
DRUGBANK:DB10457,Morella cerifera pollen,UNII:LC8MEV9S89,NCIT:C85289,NCBI|PLANTS|GRIN|MPNS,
DRUGBANK:DB10458,Betula nigra pollen,UNII:93963RFO1P,NCIT:C85132,NCBI|PLANTS|GRIN|MPNS,
DRUGBANK:DB10459,Amaranthus palmeri pollen,UNII:1GH3WV23KH,NCIT:C85097,NCBI|PLANTS|GRIN,
DRUGBANK:DB10460,Juniperus ashei pollen,UNII:544F8MEY0Y,NCIT:C85266,PLANTS|GRIN,
DRUGBANK:DB10461,Juniperus virginiana pollen,UNII:PY0JA16R2G,NCIT:C85273,NCBI|PLANTS|GRIN|MPNS,
DRUGBANK:DB10462,Xanthium strumarium var. canadense pollen,UNII:0ZK6G3W3BI,NCIT:C85389,NCBI|PLANTS|GRIN|MPNS,
DRUGBANK:DB10463,Populus deltoides pollen,UNII:476DVV63WP,NCIT:C85325,NCBI|PLANTS,
DRUGBANK:DB10464,Populus fremontii pollen,UNII:426RHB4302,NCIT:C85328,NCBI|PLANTS|GRIN|MPNS,
DRUGBANK:DB10466,Cupressus arizonica pollen,UNII:232DMH0XVF,,NCBI|PLANTS|GRIN|MPNS,
DRUGBANK:DB10467,Taxodium distichum pollen,UNII:O12H03B41R,NCIT:C85375,NCBI|PLANTS|GRIN|MPNS,
DRUGBANK:DB10468,Eupatorium capillifolium pollen,UNII:B67NF86HF0,NCIT:C85164,NCBI|PLANTS|GRIN,
DRUGBANK:DB10469,Ulmus crassifolia pollen,UNII:G82398SD3I,NCIT:C85383,NCBI|PLANTS|GRIN,
DRUGBANK:DB10470,Eucalyptus globulus pollen,UNII:7XW7TB10X9,NCIT:C85163,NCBI|PLANTS|GRIN|MPNS,
DRUGBANK:DB10471,Solidago canadensis pollen,UNII:644CZ16IR5,NCIT:C85366,NCBI|PLANTS|GRIN|MPNS,
DRUGBANK:DB10472,Celtis occidentalis pollen,UNII:68R9X9Y96X,NCIT:C85150,NCBI|PLANTS|GRIN|MPNS,
DRUGBANK:DB10473,Juniperus californica pollen,UNII:0H1V4V5V9L,NCIT:C85267,NCBI|PLANTS|GRIN|MPNS,
DRUGBANK:DB10474,Robinia pseudoacacia pollen,UNII:8003NOJ82F,NCIT:C85351,NCBI|PLANTS|GRIN|MPNS,
DRUGBANK:DB10475,Acer rubrum pollen,UNII:700NK45C76,NCIT:C80313,NCBI|PLANTS|GRIN|MPNS,
DRUGBANK:DB10478,Melaleuca quinquenervia pollen,UNII:NX974IRT8E,NCIT:C85286,NCBI|PLANTS|GRIN|MPNS,
DRUGBANK:DB10479,Chenopodium ambrosioides pollen,UNII:WIB701MW2H,NCIT:C85153,NCBI|GRIN|MPNS,
DRUGBANK:DB10480,Morus alba pollen,UNII:3I9T68187H,NCIT:C85290,NCBI|PLANTS|GRIN|MPNS,
DRUGBANK:DB10481,Quercus rubra pollen,UNII:SVW19ET93C,NCIT:C85345,NCBI|PLANTS|GRIN|MPNS,
DRUGBANK:DB10482,Syagrus romanzoffiana pollen,UNII:84ZOM591BB,NCIT:C85372,NCBI|PLANTS|GRIN|MPNS,
DRUGBANK:DB10483,Schinus molle pollen,UNII:M0G28FH9K1,NCIT:C85364,NCBI|PLANTS|GRIN|MPNS,
DRUGBANK:DB10484,Amaranthus spinosus pollen,UNII:380W4HYR6N,NCIT:C85099,NCBI|PLANTS|GRIN|MPNS,
DRUGBANK:DB10485,Casuarina equisetifolia pollen,UNII:OZJ4OE173N,NCIT:C85149,NCBI|PLANTS|GRIN|MPNS,
DRUGBANK:DB10486,Pinus strobus pollen,UNII:TX1ER5UV3T,NCIT:C85309,NCBI|PLANTS|GRIN|MPNS,
DRUGBANK:DB10487,Pinus echinata pollen,UNII:96LRW14765,NCIT:C85301,NCBI|PLANTS|GRIN|MPNS,
DRUGBANK:DB10488,Ligustrum vulgare pollen,UNII:Y3FRX92Z0E,NCIT:C85280,NCBI|PLANTS|GRIN|MPNS,
DRUGBANK:DB10489,Elymus repens pollen,UNII:ON2T85TA2O,NCIT:C85162,NCBI|PLANTS|GRIN|MPNS,
DRUGBANK:DB10490,Ambrosia tenuifolia pollen,UNII:57W5SO585B,NCIT:C85109,NCBI|PLANTS|GRIN|MPNS,
DRUGBANK:DB10491,Ambrosia bidentata pollen,UNII:M3S672G75O,NCIT:C85103,PLANTS|GRIN,
DRUGBANK:DB10493,Artemisia frigida pollen,UNII:5AN5LR8L3F,NCIT:C85117,NCBI|PLANTS|GRIN|MPNS,
DRUGBANK:DB10494,Distichlis spicata pollen,UNII:GOA51670YV,NCIT:C85160,NCBI|PLANTS|GRIN|MPNS,
DRUGBANK:DB10495,Liquidambar styraciflua pollen,UNII:5Q246DS5BS,NCIT:C85281,NCBI|PLANTS|GRIN|MPNS,
DRUGBANK:DB10496,Juglans regia pollen,UNII:ARW43087I1,NCIT:C85265,NCBI|PLANTS|GRIN|MPNS,
DRUGBANK:DB10497,Amaranthus tuberculatus pollen,UNII:92N6W6KO2G,NCIT:C85100,NCBI|PLANTS|GRIN,
DRUGBANK:DB10498,Triticum aestivum pollen,UNII:F1KAH8374D,NCIT:C85380,NCBI|PLANTS|GRIN|MPNS,
DRUGBANK:DB10499,Felis catus hair,UNII:1564HD0N96,NCIT:C80294,NCBI,biolink:ComplexMolecularMixture
DRUGBANK:DB10500,Almond,UNII:3Z252A2K9G,NCIT:C74458,NCBI|PLANTS|GRIN,biolink:Food
DRUGBANK:DB10501,Apple,UNII:B423VGH5S9,NCIT:C71985,NCBI|PLANTS|GRIN|MPNS,biolink:Food
DRUGBANK:DB10502,Apricot,UNII:269CJD5GZ9,NCIT:C71986,NCBI|PLANTS|GRIN|MPNS,biolink:Food
DRUGBANK:DB10503,Asparagus,UNII:Z1EJP3037Z,NCIT:C71987,NCBI|PLANTS|GRIN|MPNS,biolink:Food
DRUGBANK:DB10504,Avocado,UNII:6VNO72PFC1,NCIT:C107267,NCBI|PLANTS|GRIN|MPNS,
DRUGBANK:DB10505,Banana,UNII:4AJZ4765R9,NCIT:C71989,NCBI|MPNS,biolink:Food
DRUGBANK:DB10506,Barley,UNII:5PWM7YLI7R,NCIT:C73935,NCBI|PLANTS|GRIN|MPNS,biolink:Food
DRUGBANK:DB10508,String bean,UNII:N9D69B2Q7Y,NCIT:C71951,NCBI|PLANTS|GRIN|MPNS,biolink:Food
DRUGBANK:DB10509,Beef,UNII:4PIB2155QP,NCIT:C71932,NCBI,biolink:Food
DRUGBANK:DB10510,Brazil nut,UNII:XKR79OET1K,NCIT:C72048,NCBI|PLANTS|GRIN|MPNS,biolink:Food
DRUGBANK:DB10511,Broccoli,UNII:UOI4FT57BZ,NCIT:C71997,NCBI,biolink:Food
DRUGBANK:DB10512,Buckwheat,UNII:N0Y68724R3,NCIT:C73936,NCBI|PLANTS|GRIN|MPNS,biolink:Food
DRUGBANK:DB10513,Cabbage,UNII:GW0W1Y9I97,NCIT:C71999,NCBI,biolink:Food
DRUGBANK:DB10514,Cantaloupe,UNII:8QF5D5H6UH,NCIT:C72057,NCBI,biolink:Food
DRUGBANK:DB10515,Carrot,UNII:L56Z1JK48B,NCIT:C72000,NCBI|PLANTS|GRIN,biolink:Food
DRUGBANK:DB10516,Casein,UNII:48268V50D5,NCIT:C73337,NCBI,biolink:ComplexMolecularMixture
DRUGBANK:DB10517,Celery,UNII:44IDY6DTKX,NCIT:C71994,NCBI|PLANTS|GRIN|MPNS,biolink:Food
DRUGBANK:DB10519,Chicken,UNII:0X8Q245Y7B,NCIT:C14193,NCBI,
DRUGBANK:DB10520,Cinnamon,UNII:5S29HWU6QB,NCIT:C65331,NCBI|PLANTS|GRIN|MPNS,
DRUGBANK:DB10523,Coconut,UNII:3RT3536DHY,NCIT:C71966,NCBI|PLANTS|GRIN|MPNS,biolink:Food
DRUGBANK:DB10526,Red king crab,UNII:E88KKF623O,,NCBI,
DRUGBANK:DB10527,Cucumber,UNII:YY7C30VXJT,NCIT:C71968,NCBI|PLANTS|GRIN|MPNS,biolink:Food
DRUGBANK:DB10528,Egg white,UNII:3E0I92Z2GR,NCIT:C71956,NCBI,biolink:Food
DRUGBANK:DB10529,Egg,UNII:291P45F896,NCIT:C72064,NCBI,biolink:Food
DRUGBANK:DB10530,Egg yolk,UNII:4IPS17B70T,NCIT:C71955,NCBI,biolink:Food
DRUGBANK:DB10531,Flounder,UNII:F8PTG78KRB,,NCBI,biolink:ComplexMolecularMixture
DRUGBANK:DB10532,Garlic,UNII:V1V998DC17,NCIT:C38706,NCBI|PLANTS|GRIN|MPNS,
DRUGBANK:DB10534,Grapefruit,UNII:O82C39RR8C,NCIT:C71974,NCBI|PLANTS|GRIN,biolink:Food
DRUGBANK:DB10535,Karaya gum,UNII:73W9IQY50Q,NCIT:C83852,NCBI|PLANTS|GRIN|MPNS,biolink:ComplexMolecularMixture
DRUGBANK:DB10536,Honeydew melon,UNII:RN8P45F92A,NCIT:C71979,NCBI,biolink:Food
DRUGBANK:DB10537,Lamb,UNII:FOF26T73HA,NCIT:C71638,NCBI,biolink:Food
DRUGBANK:DB10538,Lemon,UNII:24RS0A988O,NCIT:C72005,NCBI|PLANTS|GRIN|MPNS,biolink:Food
DRUGBANK:DB10539,Lettuce,UNII:5PO6NN3RRJ,NCIT:C72028,NCBI|PLANTS|GRIN|MPNS,biolink:Food
DRUGBANK:DB10540,Lima bean,UNII:112YH1ZMX2,NCIT:C71950,NCBI|PLANTS|GRIN|MPNS,biolink:Food
DRUGBANK:DB10541,Lobster,UNII:6T362S6JF6,,NCBI,biolink:ComplexMolecularMixture
DRUGBANK:DB10542,Goat milk,UNII:XE5K5I4RP7,NCIT:C72806,NCBI,biolink:Food
DRUGBANK:DB10543,Cow milk,UNII:917J3173FT,NCIT:C66153,NCBI,biolink:Food
DRUGBANK:DB10544,Cultivated mushroom,UNII:54C8E6W6JY,NCIT:C71949,NCBI,biolink:ComplexMolecularMixture
DRUGBANK:DB10546,Oat,UNII:Z6J799EAJK,NCIT:C101357,NCBI|PLANTS|GRIN|MPNS,biolink:Food
DRUGBANK:DB10547,Black olive,UNII:2M6QWV94OC,NCIT:C71983,NCBI|PLANTS|GRIN|MPNS,biolink:Food
DRUGBANK:DB10548,Onion,UNII:492225Q21H,NCIT:C72035,NCBI|PLANTS|GRIN|MPNS,biolink:Food
DRUGBANK:DB10549,Orange,UNII:5EVU04N5QU,NCIT:C65208,NCBI|PLANTS|GRIN|MPNS,biolink:Food
DRUGBANK:DB10550,Oyster,UNII:0I77C68AWS,NCIT:C85050,NCBI,biolink:Food
DRUGBANK:DB10551,Pea,UNII:W4X7H8GYFM,NCIT:C72056,NCBI|PLANTS|GRIN|MPNS,biolink:Food
DRUGBANK:DB10552,Peach,UNII:3OKE88I3QG,NCIT:C72027,NCBI|PLANTS|GRIN|MPNS,biolink:Food
DRUGBANK:DB10553,Peanut,UNII:QE1QX6B99R,NCIT:C72071,NCBI|PLANTS|GRIN|MPNS,biolink:Food
DRUGBANK:DB10554,Pear,UNII:2ZN8DWC0YF,NCIT:C72039,NCBI|PLANTS|GRIN|MPNS,biolink:Food
DRUGBANK:DB10555,Pecan,UNII:F14P91GB5F,NCIT:C72051,NCBI|PLANTS|GRIN|MPNS,biolink:Food
DRUGBANK:DB10556,Green bell pepper,UNII:4J4DOU3HEK,NCIT:C71964,NCBI,biolink:Food
DRUGBANK:DB10557,Black pepper,UNII:KM66971LVF,NCIT:C72040,NCBI|PLANTS|GRIN|MPNS,
DRUGBANK:DB10558,Pineapple,UNII:2A88ZO081O,NCIT:C66390,NCBI|PLANTS|GRIN|MPNS,biolink:Food
DRUGBANK:DB10559,Pistachio,UNII:6815CPT6ZJ,NCIT:C72053,NCBI|PLANTS|GRIN|MPNS,biolink:Food
DRUGBANK:DB10560,Plum,UNII:67M3EQ6BE1,NCIT:C72044,NCBI|PLANTS|GRIN|MPNS,biolink:Food
DRUGBANK:DB10561,Pork,UNII:O138UB266J,NCIT:C71958,NCBI,biolink:Food
DRUGBANK:DB10562,Potato,UNII:CFE1S8DYWD,NCIT:C72045,NCBI|PLANTS|GRIN|MPNS,biolink:Food
DRUGBANK:DB10563,Rice,UNII:659G217HPG,NCIT:C73972,NCBI|PLANTS|GRIN|MPNS,biolink:Food
DRUGBANK:DB10564,Rye,UNII:0R4AQI398X,NCIT:C85249,NCBI|PLANTS|GRIN|MPNS,biolink:Food
DRUGBANK:DB10566,Sesame seed,UNII:7Y1255HVXR,NCIT:C71942,NCBI|PLANTS|GRIN|MPNS,biolink:Food
DRUGBANK:DB10568,Soybean,UNII:L7HT8F1ZOD,NCIT:C72010,NCBI|PLANTS|GRIN|MPNS,biolink:Food
DRUGBANK:DB10569,Spinach,UNII:6WO75C6WVB,NCIT:C72012,NCBI|PLANTS|GRIN|MPNS,biolink:Food
DRUGBANK:DB10570,Squash,UNII:9961HBA483,NCIT:C72013,NCBI|PLANTS|GRIN|MPNS,biolink:Food
DRUGBANK:DB10571,Strawberry,UNII:4J2TY8Y81V,NCIT:C66565,NCBI|MPNS,biolink:Food
DRUGBANK:DB10572,Corn,UNII:0N8672707O,NCIT:C72066,NCBI|PLANTS|GRIN|MPNS,biolink:Food
DRUGBANK:DB10573,Tomato,UNII:Z4KHF2C175,NCIT:C72019,NCBI|PLANTS|GRIN|MPNS,biolink:Food
DRUGBANK:DB10575,Turkey,UNII:8E9NT44R8I,NCIT:C73855,NCBI,biolink:Food
DRUGBANK:DB10576,Vanilla,UNII:Q74T35078H,NCIT:C84613,NCBI|PLANTS|GRIN|MPNS,biolink:ComplexMolecularMixture
DRUGBANK:DB10577,English walnut,UNII:1V3SHR7QB7,,NCBI|PLANTS|GRIN|MPNS,
DRUGBANK:DB10578,Watermelon,UNII:231473QB6R,NCIT:C72022,NCBI|PLANTS|MPNS,biolink:Food
DRUGBANK:DB10579,Wheat,UNII:4J2I0SN84Y,NCIT:C74546,NCBI|PLANTS|GRIN|MPNS,biolink:Food
DRUGBANK:DB10580,Tea leaf,UNII:GH42T47V24,NCIT:C87164,NCBI|PLANTS|GRIN|MPNS,biolink:ComplexMolecularMixture
DRUGBANK:DB10581,Khuskia oryzae,UNII:VK8C112WTS,,NCBI,
DRUGBANK:DB10582,Artemisia annua pollen,UNII:36R82U4DL6,NCIT:C85114,NCBI|PLANTS|GRIN|MPNS,
DRUGBANK:DB10603,Meriones unguiculatus skin,UNII:9WN2H714TG,,NCBI,biolink:ComplexMolecularMixture
DRUGBANK:DB10604,Capra hircus skin,UNII:JLG9853E2P,,NCBI,
DRUGBANK:DB10605,Mesocricetus auratus skin,UNII:3K873H631W,,NCBI,
DRUGBANK:DB10606,Sus scrofa skin,UNII:3EM4VW6TQN,,NCBI,
DRUGBANK:DB10607,Oryctolagus cuniculus skin,UNII:Z91WAU43WC,,NCBI,
DRUGBANK:DB10608,Rattus norvegicus skin,UNII:Y69HPD48AI,,NCBI,
DRUGBANK:DB10609,Bombyx mori fiber,UNII:6LK42KUV6W,NCIT:C79611,NCBI,biolink:ComplexMolecularMixture
DRUGBANK:DB10610,Duck,UNII:28ON068RWM,NCIT:C73850,NCBI,biolink:Food
DRUGBANK:DB10612,Veal,UNII:0X5GW3050M,NCIT:C71937,NCBI,biolink:Food
DRUGBANK:DB10614,Common carp,UNII:ZB2SV6JJY5,,NCBI,
DRUGBANK:DB10615,Haddock,UNII:0WLY635722,,NCBI,
DRUGBANK:DB10616,Pacific halibut,UNII:BKZ683617P,,NCBI,
DRUGBANK:DB10620,Red snapper,UNII:WF621S7K14,NCIT:C71917,NCBI,biolink:Food
DRUGBANK:DB10621,Atlantic salmon,UNII:7062I37LB3,,NCBI,
DRUGBANK:DB10622,European pilchard,UNII:76780GX08D,,NCBI,biolink:ComplexMolecularMixture
DRUGBANK:DB10625,Swordfish,UNII:01695YPV36,NCIT:C71911,NCBI,biolink:Food
DRUGBANK:DB10628,Blackberry,UNII:8A6OMU3I8L,NCIT:C71601,NCBI|PLANTS,biolink:Food
DRUGBANK:DB10630,Sour cherry,UNII:1L29G6428X,,NCBI|PLANTS|GRIN|MPNS,
DRUGBANK:DB10631,Cranberry,UNII:0MVO31Q3QS,NCIT:C28943,NCBI|PLANTS|GRIN|MPNS,biolink:Food
DRUGBANK:DB10632,Date,UNII:H3O7QI5HY7,NCIT:C72063,NCBI|PLANTS|GRIN|MPNS,biolink:Food
DRUGBANK:DB10633,Fig,UNII:TGD87RII2U,NCIT:C71971,NCBI|PLANTS|GRIN|MPNS,biolink:Food
DRUGBANK:DB10634,Wine grape,UNII:3GOV20705G,,NCBI|PLANTS|GRIN|MPNS,
DRUGBANK:DB10635,Lime (citrus),UNII:8CZS546954,NCIT:C72002,NCBI|PLANTS|GRIN|MPNS,biolink:Food
DRUGBANK:DB10636,Raspberry,UNII:4N14V5R27W,NCIT:C72036,NCBI|PLANTS|GRIN|MPNS,biolink:Food
DRUGBANK:DB10637,Tangerine,UNII:KH3E3096OO,NCIT:C72017,NCBI|GRIN|MPNS,biolink:Food
DRUGBANK:DB10638,Artichoke,UNII:4F3W47PLBE,,NCBI|PLANTS,
DRUGBANK:DB10639,Kidney bean,UNII:M98C8416QO,NCIT:C82900,NCBI|PLANTS|GRIN|MPNS,biolink:Food
DRUGBANK:DB10640,Beet,UNII:N487KM8COK,NCIT:C72003,NCBI,biolink:Food
DRUGBANK:DB10641,Kiwi fruit,UNII:71ES77LGJC,NCIT:C71981,NCBI|PLANTS|GRIN|MPNS,biolink:Food
DRUGBANK:DB10642,Brussels sprout,UNII:KHX46H31F8,NCIT:C71998,NCBI,biolink:Food
DRUGBANK:DB10643,Cauliflower,UNII:138LUT2DWV,NCIT:C72055,NCBI,biolink:Food
DRUGBANK:DB10644,Eggplant,UNII:W5K7RAS4VK,NCIT:C71969,NCBI|PLANTS|GRIN|MPNS,biolink:Food
DRUGBANK:DB10645,Lentil,UNII:6O38V6B52O,,NCBI|PLANTS|GRIN|MPNS,
DRUGBANK:DB10646,Green olive,UNII:6HD2W46UEG,NCIT:C72034,NCBI|PLANTS|GRIN|MPNS,biolink:Food
DRUGBANK:DB10647,Parsley,UNII:58FMD0Q0EV,NCIT:C72037,NCBI|PLANTS|GRIN|MPNS,biolink:Food
DRUGBANK:DB10648,Sweet potato,UNII:M9WGG9Z9GK,NCIT:C72015,NCBI|PLANTS|GRIN|MPNS,biolink:Food
DRUGBANK:DB10650,Raphanus sativus,UNII:86R5J6D01D,,NCBI|MPNS,
DRUGBANK:DB10651,Rhubarb,UNII:G280W4MW6E,NCIT:C74269,NCBI|PLANTS|GRIN|MPNS,biolink:Food
DRUGBANK:DB10652,Turnip,UNII:Z38C7FBM49,NCIT:C72020,NCBI|PLANTS,biolink:Food
DRUGBANK:DB10653,Cashew,UNII:3H5U5CX7KO,NCIT:C72049,NCBI|PLANTS|GRIN|MPNS,biolink:Food
DRUGBANK:DB10655,Macadamia nut,UNII:Y5432RGW8N,NCIT:C71640,NCBI|PLANTS|GRIN|MPNS,biolink:Food
DRUGBANK:DB10656,Nectarine,UNII:65KD9TD4C3,NCIT:C72032,NCBI,biolink:Food
DRUGBANK:DB10657,Mango,UNII:I629I3NR86,NCIT:C71637,NCBI|PLANTS|GRIN|MPNS,biolink:Food
DRUGBANK:DB10658,Papaya,UNII:KU94FIY6JB,NCIT:C72047,NCBI|PLANTS|GRIN|MPNS,biolink:Food
DRUGBANK:DB10659,Leek,UNII:RCU76P419D,NCIT:C71973,NCBI|PLANTS|GRIN|MPNS,biolink:Food
DRUGBANK:DB10660,Okra,UNII:51ME2L7STL,NCIT:C72033,NCBI|PLANTS|GRIN|MPNS,biolink:Food
DRUGBANK:DB10661,Parsnip,UNII:L2V28YP49S,,NCBI|PLANTS|GRIN|MPNS,
DRUGBANK:DB10662,Chickpea,UNII:N91637DNW9,NCIT:C71992,NCBI|PLANTS|GRIN|MPNS,biolink:Food
DRUGBANK:DB10663,Black-eyed pea,UNII:786YV7B602,NCIT:C71995,NCBI|PLANTS|GRIN|MPNS,biolink:Food
DRUGBANK:DB10664,Watercress,UNII:K5877MW0LE,NCIT:C75666,NCBI|PLANTS|GRIN|MPNS,biolink:Food
DRUGBANK:DB10666,Arabica coffee bean,UNII:3SW678MX72,,NCBI|PLANTS|GRIN|MPNS,biolink:ComplexMolecularMixture
DRUGBANK:DB10667,Tragacanth,UNII:2944357O2O,NCIT:C84223,NCBI|PLANTS|GRIN|MPNS,biolink:ComplexMolecularMixture
DRUGBANK:DB10669,Allspice,UNII:I5GZG55B36,NCIT:C73857,NCBI|PLANTS|GRIN|MPNS,
DRUGBANK:DB10670,Laurus nobilis,UNII:WS0Y3M85RF,,NCBI|PLANTS|GRIN|MPNS,biolink:ComplexMolecularMixture
DRUGBANK:DB10671,Caraway seed,UNII:W2FH8O2BBE,,NCBI|PLANTS|GRIN|MPNS,
DRUGBANK:DB10672,Clove,UNII:K48IKT5321,NCIT:C73872,NCBI|PLANTS|GRIN|MPNS,biolink:ComplexMolecularMixture
DRUGBANK:DB10673,Dill,UNII:Y05PC4JZRH,,NCBI|PLANTS|GRIN|MPNS,
DRUGBANK:DB10674,Horseradish,UNII:8DS6G120HJ,,NCBI|PLANTS|GRIN|MPNS,
DRUGBANK:DB10676,Nutmeg,UNII:AEE24M3MQ9,NCIT:C73928,NCBI|PLANTS|GRIN|MPNS,
DRUGBANK:DB10677,Oregano,UNII:0E5AT8T16U,,NCBI|MPNS,
DRUGBANK:DB10678,Paprika,UNII:X72Z47861V,NCIT:C73909,NCBI|PLANTS|GRIN|MPNS,
DRUGBANK:DB10679,White pepper,UNII:M29DW54Q9E,NCIT:C73922,NCBI|PLANTS|GRIN|MPNS,
DRUGBANK:DB10681,Poppy seed,UNII:60RO23IR87,NCIT:C73910,NCBI|PLANTS|GRIN|MPNS,biolink:Food
DRUGBANK:DB10683,Spearmint,UNII:J7I2T6IV1N,NCIT:C84614,NCBI|PLANTS|GRIN|MPNS,
DRUGBANK:DB10685,Wheat bran,UNII:6L966A1IMR,,NCBI|PLANTS|GRIN|MPNS,
DRUGBANK:DB10686,American chestnut,UNII:0XH1TH76XZ,,NCBI|PLANTS|GRIN|MPNS,
DRUGBANK:DB10687,Hops,UNII:01G73H6H83,NCIT:C73896,NCBI|PLANTS|GRIN|MPNS,
DRUGBANK:DB10688,Musca domestica,UNII:PV7823W303,NCIT:C87500,NCBI,biolink:ComplexMolecularMixture
DRUGBANK:DB10690,Ctenocephalides canis,UNII:LN7IM9RDEA,,NCBI,biolink:ComplexMolecularMixture
DRUGBANK:DB10691,Aedes taeniorhynchus,UNII:BN2DNW66IQ,NCIT:C87499,NCBI,biolink:ComplexMolecularMixture
DRUGBANK:DB10693,Ctenocephalides felis,UNII:5X9Y89ENI9,,NCBI,biolink:ComplexMolecularMixture
DRUGBANK:DB10694,Aspergillus flavus,UNII:3J888Y9L13,NCIT:C77181,NCBI,
DRUGBANK:DB10695,Eurotium herbariorum,UNII:49W168AES4,,NCBI,
DRUGBANK:DB10696,Trichothecium roseum,UNII:TGO054E31O,,NCBI,
DRUGBANK:DB10697,Curvularia inaequalis,UNII:W042YAB8JC,,NCBI,biolink:ComplexMolecularMixture
DRUGBANK:DB10699,Geotrichum candidum,UNII:5964J742O8,,NCBI,
DRUGBANK:DB10700,Phoma glomerata,UNII:UPX000VMIF,,NCBI,
DRUGBANK:DB10701,Rhodotorula mucilaginosa,UNII:62TY3X4N9Z,NCIT:C86027,NCBI,
DRUGBANK:DB10702,Stemphylium sarciniforme,UNII:XQ14H1462M,,NCBI,
DRUGBANK:DB10703,Trichoderma harzianum,UNII:CA33Q4013Q,,NCBI,
DRUGBANK:DB10704,Ustilago avenae,UNII:YIH315U1TU,NCIT:C87521,NCBI,biolink:ComplexMolecularMixture
DRUGBANK:DB10705,Tilletia caries,UNII:C7000B9PQI,NCIT:C87520,NCBI,
DRUGBANK:DB10706,Puccinia graminis,UNII:O0HJ02QBWN,NCIT:C87514,NCBI,
DRUGBANK:DB10707,Cotton,UNII:70LDW53ROO,,NCBI|PLANTS|GRIN|MPNS,
DRUGBANK:DB10708,Flax seed,UNII:4110YT348C,NCIT:C26650,NCBI|PLANTS|GRIN|MPNS,biolink:ComplexMolecularMixture
DRUGBANK:DB10710,Tobacco leaf,UNII:6YR2608RSU,NCIT:C891,NCBI|PLANTS|GRIN|MPNS,
DRUGBANK:DB10711,Corcorus capsularis fiber,UNII:TVA75O7S63,,NCBI|PLANTS|GRIN|MPNS,
DRUGBANK:DB10712,Agave sisalana fiber,UNII:MRJ91HVV4H,,NCBI|PLANTS|GRIN|MPNS,
DRUGBANK:DB10713,Poa compressa pollen,UNII:50HCQ1NYV5,NCIT:C85320,NCBI|PLANTS|GRIN,
DRUGBANK:DB10714,Phalaris arundinacea pollen,UNII:FAY1Y90VJ9,NCIT:C85294,NCBI|PLANTS|GRIN|MPNS,
DRUGBANK:DB10715,Bouteloua gracilis pollen,UNII:2XO08315X1,NCIT:C85137,NCBI|PLANTS|GRIN,
DRUGBANK:DB10716,Urochloa mutica pollen,UNII:3ZO9YGZ8ZJ,,NCBI|PLANTS|GRIN,
DRUGBANK:DB10717,Secale cereale pollen,UNII:I6KAZ8AO1O,NCIT:C85365,NCBI|PLANTS|GRIN|MPNS,
DRUGBANK:DB10718,Leymus condensatus pollen,UNII:257GC6QO0Q,NCIT:C85279,NCBI|PLANTS|GRIN|MPNS,
DRUGBANK:DB10719,Pascopyrum smithii pollen,UNII:6AU0ZD8T1O,NCIT:C85292,NCBI|PLANTS|GRIN,
DRUGBANK:DB10720,Acacia baileyana pollen,UNII:59WAV8G5X5,NCIT:C85084,NCBI|PLANTS|GRIN|MPNS,
DRUGBANK:DB10721,Alnus rubra pollen,UNII:Z0F2YK1B7H,NCIT:C85095,NCBI|PLANTS|GRIN|MPNS,
DRUGBANK:DB10722,Alnus rhombifolia pollen,UNII:7X8HL8GRTM,NCIT:C85094,NCBI|PLANTS|GRIN|MPNS,
DRUGBANK:DB10723,Fraxinus latifolia pollen,UNII:1FH355G8HF,NCIT:C85168,NCBI|PLANTS|GRIN|MPNS,
DRUGBANK:DB10724,Betula populifolia pollen,UNII:23H70FYJ5U,NCIT:C85136,NCBI|PLANTS|GRIN|MPNS,
DRUGBANK:DB10725,Tamarix gallica pollen,UNII:43IR7KR479,NCIT:C85373,NCBI|PLANTS|GRIN|MPNS,
DRUGBANK:DB10727,Juniperus monosperma pollen,UNII:PM6E3FG1QK,NCIT:C85268,NCBI|PLANTS|GRIN|MPNS,
DRUGBANK:DB10728,Juniperus pinchotii pollen,UNII:S8A4X05W7J,NCIT:C85271,NCBI|PLANTS|GRIN|MPNS,
DRUGBANK:DB10729,Juniperus scopulorum pollen,UNII:0G82TT8ZFY,NCIT:C85272,NCBI|PLANTS|GRIN|MPNS,
DRUGBANK:DB10730,Juniperus osteosperma pollen,UNII:15L060HV8H,NCIT:C85270,NCBI|PLANTS|GRIN|MPNS,
DRUGBANK:DB10731,Juniperus occidentalis pollen,UNII:7JWJ3HXZ9U,NCIT:C85269,NCBI|PLANTS|GRIN|MPNS,
DRUGBANK:DB10732,Tilia americana pollen,UNII:E2B4Q4BXJG,NCIT:C85377,NCBI|PLANTS|GRIN|MPNS,
DRUGBANK:DB10733,Mangifera indica pollen,UNII:BS3OW0RZ4K,NCIT:C85284,NCBI|PLANTS|GRIN|MPNS,
DRUGBANK:DB10734,Acer macrophyllum pollen,UNII:E4CG5Q55M1,NCIT:C80311,NCBI|PLANTS|GRIN|MPNS,
DRUGBANK:DB10735,Acer saccharinum pollen,UNII:95447163DG,NCIT:C80314,NCBI|PLANTS|GRIN|MPNS,
DRUGBANK:DB10736,Broussonetia papyrifera pollen,UNII:51I6N3XIML,NCIT:C85140,NCBI|PLANTS|GRIN|MPNS,
DRUGBANK:DB10737,Quercus velutina pollen,UNII:294L626TT0,NCIT:C85347,NCBI|PLANTS|GRIN|MPNS,
DRUGBANK:DB10738,Quercus macrocarpa pollen,UNII:57BTU4547U,NCIT:C85341,NCBI|PLANTS|GRIN|MPNS,
DRUGBANK:DB10739,Quercus kelloggii pollen,UNII:02RVY6X9EC,NCIT:C85339,NCBI|PLANTS|GRIN,
DRUGBANK:DB10740,Quercus gambelii pollen,UNII:9HC15X34LX,NCIT:C85337,NCBI|PLANTS|GRIN|MPNS,
DRUGBANK:DB10741,Quercus lobata pollen,UNII:HGH5K3653K,NCIT:C85340,NCBI|PLANTS|GRIN|MPNS,
DRUGBANK:DB10742,Quercus nigra pollen,UNII:6U600U1326,NCIT:C85343,NCBI|PLANTS|GRIN|MPNS,
DRUGBANK:DB10743,Citrus sinensis pollen,UNII:0U790UB32K,NCIT:C85155,NCBI|PLANTS|GRIN|MPNS,
DRUGBANK:DB10744,Pinus taeda pollen,UNII:4O1FFR8ARN,NCIT:C85311,NCBI|PLANTS|GRIN|MPNS,
DRUGBANK:DB10745,Pinus palustris pollen,UNII:E3A7U1HWIO,NCIT:C85305,NCBI|PLANTS|GRIN|MPNS,
DRUGBANK:DB10746,Pinus ponderosa pollen,UNII:042SUA2DS9,NCIT:C85306,NCBI|PLANTS|GRIN|MPNS,
DRUGBANK:DB10747,Pinus elliottii pollen,UNII:QJB9OQO689,NCIT:C85302,NCBI|PLANTS|GRIN|MPNS,
DRUGBANK:DB10748,Pinus virginiana pollen,UNII:P6818UI2E4,NCIT:C85313,NCBI|PLANTS|GRIN|MPNS,
DRUGBANK:DB10749,Pinus monticola pollen,UNII:3MDX759C0W,NCIT:C85303,NCBI|PLANTS|GRIN|MPNS,
DRUGBANK:DB10750,Populus nigra pollen,UNII:0MGE63QPFJ,NCIT:C85329,NCBI|PLANTS|GRIN|MPNS,
DRUGBANK:DB10751,Elaeagnus angustifolia pollen,UNII:68P4F4M6VD,NCIT:C85161,NCBI|PLANTS|GRIN|MPNS,
DRUGBANK:DB10752,Salix lasiolepis pollen,UNII:808UWJ59FI,NCIT:C85358,NCBI|PLANTS|GRIN|MPNS,
DRUGBANK:DB10753,Salix discolor pollen,UNII:ER172J09FM,NCIT:C85357,NCBI|PLANTS|GRIN|MPNS,
DRUGBANK:DB10754,Populus balsamifera subsp. trichocarpa pollen,UNII:H8QYU50Z2D,NCIT:C85324,NCBI|PLANTS|GRIN|MPNS,
DRUGBANK:DB10755,Taraxacum officinale pollen,UNII:WQ3S5294XY,NCIT:C85374,NCBI|PLANTS|MPNS,
DRUGBANK:DB10756,Atriplex polycarpa pollen,UNII:JQ87AA60GU,NCIT:C85124,NCBI|PLANTS|GRIN|MPNS,
DRUGBANK:DB10757,Baccharis halimifolia pollen,UNII:BBO1IJ3ZIW,NCIT:C85127,NCBI|PLANTS|GRIN,
DRUGBANK:DB10758,Hymenoclea salsola pollen,UNII:662J7FTA7T,NCIT:C85212,PLANTS|GRIN,
DRUGBANK:DB10759,Allenrolfea occidentalis pollen,UNII:5W6JAI84OI,NCIT:C85092,NCBI|PLANTS|GRIN,
DRUGBANK:DB10760,Atriplex lentiformis pollen,UNII:86LWA5503I,NCIT:C85123,NCBI|PLANTS|GRIN|MPNS,
DRUGBANK:DB10761,Artemisia douglasiana pollen,UNII:K1301R7883,,NCBI|PLANTS|GRIN|MPNS,
DRUGBANK:DB10762,Artemisia ludoviciana pollen,UNII:57KIJ4772H,NCIT:C85118,NCBI|PLANTS|GRIN|MPNS,
DRUGBANK:DB10763,Urtica dioica pollen,UNII:DNB59M1NVU,NCIT:C85387,NCBI|PLANTS|GRIN|MPNS,
DRUGBANK:DB10764,Iva axillaris pollen,UNII:13KFG30UBR,NCIT:C85261,PLANTS|GRIN|MPNS,
DRUGBANK:DB10765,Ambrosia deltoidea pollen,UNII:O4AB4546TP,NCIT:C85106,NCBI|PLANTS|GRIN,
DRUGBANK:DB10766,Sarcobatus vermiculatus pollen,UNII:6532U64A3X,NCIT:C85363,NCBI|PLANTS|GRIN,
DRUGBANK:DB10767,Atriplex canescens pollen,UNII:26U0BU8G83,NCIT:C85121,NCBI|PLANTS|GRIN|MPNS,
DRUGBANK:DB10768,Artemisia absinthium pollen,UNII:81GS97HVFO,NCIT:C85113,NCBI|PLANTS|GRIN|MPNS,
DRUGBANK:DB10769,Japanese encephalitis virus strain sa 14-14-2 antigen (formaldehyde inactivated),UNII:DZ854I04ZE,NCIT:C75796,NCBI,
DRUGBANK:DB10770,Foreskin fibroblast (neonatal),UNII:T34C307W5N,,NCBI,
DRUGBANK:DB10772,Foreskin keratinocyte (neonatal),UNII:ZJO8CP3Q2A,,NCBI,
DRUGBANK:DB10787,Bordetella pertussis toxoid antigen (glutaraldehyde inactivated),UNII:F4TN0IPY37,NCIT:C77701,NCBI,
DRUGBANK:DB10790,Bordetella pertussis fimbriae 2/3 antigen,UNII:1O0600285A,NCIT:C77698,NCBI,
DRUGBANK:DB10795,Poliovirus type 1 antigen (formaldehyde inactivated),UNII:0LVY784C09,NCIT:C80616,NCBI,
DRUGBANK:DB10796,Poliovirus type 2 antigen (formaldehyde inactivated),UNII:23JE9KDF4R,NCIT:C80617,NCBI,
DRUGBANK:DB10797,Poliovirus type 3 antigen (formaldehyde inactivated),UNII:459ROM8M9M,NCIT:C80618,NCBI,
DRUGBANK:DB10798,Neisseria meningitidis group a capsular polysaccharide diphtheria toxoid conjugate antigen,UNII:RE9A0H8OAB,NCIT:C77757,NCBI,
DRUGBANK:DB10800,Neisseria meningitidis group y capsular polysaccharide diphtheria toxoid conjugate antigen,UNII:MI340WV90B,NCIT:C77763,NCBI,
DRUGBANK:DB10801,Neisseria meningitidis group w-135 capsular polysaccharide diphtheria toxoid conjugate antigen,UNII:Z6R9D1D3KJ,NCIT:C77761,NCBI,
DRUGBANK:DB10804,Bacillus calmette-guerin substrain connaught live antigen,UNII:5H5854UBMZ,NCIT:C77694,NCBI,
DRUGBANK:DB10805,Yellow fever vaccine,UNII:PY4EET359T,NCIT:C77800,NCBI,
DRUGBANK:DB10806,Fusarium oxysporum,UNII:5398RXP8KU,,NCBI,
DRUGBANK:DB10807,Candida tropicalis,UNII:Q222J2186W,NCIT:C77177,NCBI,
DRUGBANK:DB10808,Mucor racemosus,UNII:17RH99LQ7G,,NCBI,
DRUGBANK:DB10809,Penicillium camemberti,UNII:T069R9OPVG,,NCBI,
DRUGBANK:DB10810,Penicillium expansum,UNII:1XSC3BB35Z,,NCBI,
DRUGBANK:DB10811,Penicillium italicum,UNII:AZJ5XKM7W3,,NCBI,
DRUGBANK:DB10812,Penicillium roqueforti,UNII:7ORP6R724L,,NCBI,biolink:ComplexMolecularMixture
DRUGBANK:DB10813,Phoma destructiva,UNII:A17SE577FM,,NCBI,
DRUGBANK:DB10814,Rhizopus stolonifer,UNII:FEE198DK4Q,,NCBI,
DRUGBANK:DB10815,Fraxinus pennsylvanica pollen,UNII:2WZG2G15WX,NCIT:C85169,NCBI|PLANTS|GRIN|MPNS,
DRUGBANK:DB10816,Atriplex confertifolia pollen,UNII:GG8WX068MX,NCIT:C85122,NCBI|PLANTS|GRIN|MPNS,
DRUGBANK:DB10817,Passalora fulva,UNII:HR6H5057CO,,NCBI,
DRUGBANK:DB10818,Cochliobolus spicifer,UNII:91M9RWP3TD,,NCBI,
DRUGBANK:DB10819,Myrothecium verrucaria,UNII:8Z8C642TPL,,NCBI,biolink:ComplexMolecularMixture
DRUGBANK:DB10820,Hypomyces perniciosus,UNII:6K41G30A6U,,NCBI,
DRUGBANK:DB10821,Neurospora crassa,UNII:1X92VM01YP,,NCBI,
DRUGBANK:DB10822,Paecilomyces variotii,UNII:KO7V58BY40,,NCBI,
DRUGBANK:DB10823,Microascus brevicaulis,UNII:DHI513VXU7,,NCBI,
DRUGBANK:DB10824,Colletotrichum coccodes,UNII:Y0M7LGE3Z8,,NCBI,
DRUGBANK:DB10825,Pleospora herbarum,UNII:0N3Z1P4B2W,,NCBI,
DRUGBANK:DB10826,Streptomyces griseus,UNII:G0O5980Z7W,NCIT:C86813,NCBI,
DRUGBANK:DB10827,Trichoderma viride,UNII:T8678F0P0Q,,NCBI,
DRUGBANK:DB10828,Trichophyton schoenleinii,UNII:Z4MD1809H1,,NCBI,
DRUGBANK:DB10829,Basil,UNII:2U0KZP0FDW,,NCBI|PLANTS|GRIN|MPNS,
DRUGBANK:DB10830,Mung bean,UNII:1LIB31N73G,NCIT:C28261,NCBI|PLANTS|GRIN|MPNS,biolink:Food
DRUGBANK:DB10831,Betula papyrifera pollen,UNII:3538FNV8AY,NCIT:C85134,NCBI|PLANTS|GRIN|MPNS,
DRUGBANK:DB10832,Betula occidentalis pollen,UNII:R889N2L976,NCIT:C85133,NCBI|PLANTS|GRIN|MPNS,
DRUGBANK:DB10833,Betula alleghaniensis pollen,UNII:3R393IX840,NCIT:C85130,NCBI|PLANTS|GRIN|MPNS,
DRUGBANK:DB10834,Ustilago cynodontis,UNII:0V3J4YEX2W,NCIT:C87522,NCBI,
DRUGBANK:DB10835,Ustilago nuda hordei,UNII:9Y53ZS6I82,NCIT:C87524,NCBI,
DRUGBANK:DB10836,Bromus secalinus pollen,UNII:Q4T1SJ3046,NCIT:C85139,NCBI|PLANTS|GRIN,
DRUGBANK:DB10837,Beta vulgaris pollen,UNII:W7NU4B5CIY,NCIT:C85129,NCBI|PLANTS|GRIN|MPNS,
DRUGBANK:DB10838,Chenopodium botrys pollen,UNII:IVU789297D,NCIT:C85154,NCBI|PLANTS|GRIN|MPNS,
DRUGBANK:DB10839,Mycocladus corymbiferus,UNII:1M4E76V32I,,NCBI,
DRUGBANK:DB10841,Humicola grisea,UNII:RZ55S3AQOJ,,NCBI,
DRUGBANK:DB10842,Microsporum audouinii,UNII:B7B86Y84R8,,NCBI,
DRUGBANK:DB10843,Microsporum canis,UNII:N4F4RQ7BY7,,NCBI,
DRUGBANK:DB10844,Apiospora montagnei,UNII:49VI1ZSO06,,NCBI,
DRUGBANK:DB10845,Phycomyces blakesleeanus,UNII:41Y752Y34M,,NCBI,biolink:ComplexMolecularMixture
DRUGBANK:DB10846,Sporotrichum pruinosum,UNII:H20KU95UBG,NCIT:C87519,NCBI,
DRUGBANK:DB10847,Stachybotrys chartarum,UNII:HJ4L70T1ZP,,NCBI,
DRUGBANK:DB10848,Syncephalastrum racemosum,UNII:2VWV12V9WR,,NCBI,
DRUGBANK:DB10850,Verticillium albo-atrum,UNII:X92O101CS2,,NCBI,
DRUGBANK:DB10851,White catfish,UNII:UVP9UR815M,,NCBI,
DRUGBANK:DB10852,Carob,UNII:5MG5Z946UO,,NCBI|PLANTS|GRIN|MPNS,
DRUGBANK:DB10853,Sweet cherry,UNII:93T4562ZI3,,NCBI|PLANTS|GRIN|MPNS,
DRUGBANK:DB10855,Opilio crab,UNII:PQD7ZSO3DU,,NCBI,
DRUGBANK:DB10856,Bos taurus hair,UNII:TOQ97Z8644,,NCBI,
DRUGBANK:DB10857,Serinus canaria feather,UNII:9EL3384IQY,,NCBI,
DRUGBANK:DB10858,Melilotus albus pollen,UNII:9L67M8B78R,NCIT:C85287,NCBI|PLANTS|GRIN|MPNS,
DRUGBANK:DB10859,Melilotus officinalis pollen,UNII:UVC3Z60VTX,NCIT:C85288,NCBI|PLANTS|GRIN|MPNS,
DRUGBANK:DB10860,Typha latifolia pollen,UNII:341PDX5PLM,NCIT:C85381,NCBI|PLANTS|GRIN|MPNS,
DRUGBANK:DB10861,Atlantic cod,UNII:RPX7J99EXW,,NCBI,
DRUGBANK:DB10862,Red currant,UNII:Q5YG47WU3D,,NCBI|PLANTS|GRIN|MPNS,
DRUGBANK:DB10864,Cumin,UNII:AG9BNA51DQ,NCIT:C74527,NCBI|PLANTS|GRIN|MPNS,biolink:Food
DRUGBANK:DB10865,Cladosporium herbarum,UNII:O64JF11198,,NCBI,
DRUGBANK:DB10866,Acheta domesticus,UNII:P9S201X6LH,,NCBI,biolink:ComplexMolecularMixture
DRUGBANK:DB10867,Canis lupus familiaris hair,UNII:05S7L91ZTR,,NCBI,
DRUGBANK:DB10868,Odocoileus virginianus hair,UNII:C27W02JU62,,NCBI,
DRUGBANK:DB10870,Epidermophyton floccosum,UNII:6JR6JTN25S,,NCBI,
DRUGBANK:DB10871,Ambrosia dumosa pollen,UNII:ZIO18VN6HJ,NCIT:C85107,PLANTS|GRIN,
DRUGBANK:DB10872,Ambrosia confertiflora pollen,UNII:63TBJ590BL,NCIT:C85105,PLANTS|GRIN,
DRUGBANK:DB10873,Sporisorium cruentum,UNII:GQM6LVU5V8,NCIT:C87518,NCBI,
DRUGBANK:DB10874,Goose,UNII:83DC4O5TD3,,NCBI,
DRUGBANK:DB10875,Concord grape,UNII:T3PW93IB4Q,NCIT:C72007,NCBI|PLANTS|GRIN|MPNS,biolink:Food
DRUGBANK:DB10876,Capra hircus hair,UNII:16M9MK8C4W,,NCBI,
DRUGBANK:DB10877,Cavia porcellus hair,UNII:KBA5Y6X57N,,NCBI,
DRUGBANK:DB10879,Arrhenatherum elatius pollen,UNII:B55BD1QM4Q,NCIT:C85112,NCBI|PLANTS|GRIN|MPNS,
DRUGBANK:DB10880,Equus caballus hair,UNII:4F35XG0149,,NCBI,
DRUGBANK:DB10881,Sus scrofa hair,UNII:7Q7T9Z7QUW,,NCBI,
DRUGBANK:DB10882,Carya cordiformis pollen,UNII:O99P60FU6G,NCIT:C85144,NCBI|PLANTS|GRIN|MPNS,
DRUGBANK:DB10883,Carya glabra pollen,UNII:KPO1Z9N98A,NCIT:C85145,NCBI|PLANTS|GRIN,
DRUGBANK:DB10884,Millet seed,UNII:TJR6B3R47P,NCIT:C73905,NCBI|PLANTS|GRIN|MPNS,biolink:Food
DRUGBANK:DB10885,Mustard greens,UNII:5M338IN22E,NCIT:C72031,NCBI|PLANTS|GRIN|MPNS,biolink:Food
DRUGBANK:DB10886,Quercus muehlenbergii pollen,UNII:434DQ2U4JX,NCIT:C85342,NCBI|PLANTS|GRIN|MPNS,
DRUGBANK:DB10887,Quercus palustris pollen,UNII:CU781COT7M,NCIT:C85344,NCBI|PLANTS|GRIN|MPNS,
DRUGBANK:DB10888,Quercus stellata pollen,UNII:W34X0P8636,NCIT:C85346,NCBI|PLANTS|GRIN|MPNS,
DRUGBANK:DB10889,Quercus garryana pollen,UNII:QQ00BED0DV,NCIT:C85338,NCBI|PLANTS|GRIN|MPNS,
DRUGBANK:DB10890,Red bell pepper,UNII:E917XHH50V,NCIT:C72006,NCBI,biolink:Food
DRUGBANK:DB10892,Pumpkin,UNII:SYW0QUB89Y,NCIT:C72016,NCBI|PLANTS|GRIN|MPNS,biolink:Food
DRUGBANK:DB10893,Melopsittacus undulatus feather,UNII:1XY644QKWG,,NCBI,biolink:ComplexMolecularMixture
DRUGBANK:DB10894,Pinus contorta pollen,UNII:FB7IP650ET,NCIT:C85300,NCBI|PLANTS|GRIN|MPNS,
DRUGBANK:DB10895,Pinus sylvestris pollen,UNII:59070I8M63,NCIT:C85310,NCBI|PLANTS|GRIN|MPNS,
DRUGBANK:DB10896,Pinus rigida pollen,UNII:KV6DYF25M4,NCIT:C85308,NCBI|PLANTS|GRIN|MPNS,
DRUGBANK:DB10897,Capsicum,UNII:00UK7646FG,NCIT:C75665,NCBI,biolink:Food
DRUGBANK:DB10898,Oryctolagus cuniculus hair,UNII:09N62XQ70Y,,NCBI,
DRUGBANK:DB10899,Sequoia sempervirens pollen,UNII:NBV527E8B4,,NCBI|PLANTS|GRIN|MPNS,
DRUGBANK:DB10900,Rumex obtusifolius pollen,UNII:R6H8O3GVL9,NCIT:C85355,NCBI|PLANTS|GRIN|MPNS,
DRUGBANK:DB10901,Rumex altissimus pollen,UNII:BML0J15H8W,NCIT:C85353,PLANTS|GRIN|MPNS,
DRUGBANK:DB10902,Rumex salicifolius var. mexicanus pollen,UNII:BHS470V9ON,NCIT:C85356,PLANTS|GRIN|MPNS,
DRUGBANK:DB10903,Sitotroga cerealella,UNII:9T28I7BPNO,,NCBI,
DRUGBANK:DB10904,English sole,UNII:00CR8124AS,,NCBI,
DRUGBANK:DB10905,Safflower,UNII:4VBL71TY4Y,,NCBI|PLANTS|GRIN|MPNS,biolink:ComplexMolecularMixture
DRUGBANK:DB10906,Sugarcane,UNII:81H2R5AOH3,,NCBI|PLANTS|GRIN|MPNS,
DRUGBANK:DB10907,Sunflower seed,UNII:R9N3379M4Z,NCIT:C71938,NCBI|PLANTS|GRIN|MPNS,biolink:Food
DRUGBANK:DB10908,Platanus hybrida pollen,UNII:77X11O684J,NCIT:C85316,NCBI,
DRUGBANK:DB10909,Artemisia californica pollen,UNII:1EDY616508,NCIT:C85115,NCBI|PLANTS|GRIN|MPNS,
DRUGBANK:DB10910,Helianthus annuus pollen,UNII:28D6K7E9IP,NCIT:C85206,NCBI|PLANTS|GRIN|MPNS,
DRUGBANK:DB10911,Carpinus caroliniana pollen,UNII:9UC4BM3IZ0,NCIT:C85142,NCBI|PLANTS|GRIN|MPNS,
DRUGBANK:DB10912,Picea pungens pollen,UNII:R9JBC6687X,NCIT:C85299,NCBI|PLANTS|GRIN|MPNS,
DRUGBANK:DB10914,Larix occidentalis pollen,UNII:1L67OBT731,NCIT:C85277,NCBI|PLANTS|GRIN|MPNS,
DRUGBANK:DB10915,Trichophyton rubrum,UNII:2ZAU32517N,,NCBI,
DRUGBANK:DB10917,Cedar oil,UNII:PAD4FN7P2G,NCIT:C72190,NCBI|PLANTS|GRIN|MPNS,
DRUGBANK:DB10919,Black walnut,UNII:02WM57RXZJ,NCIT:C72054,NCBI|PLANTS|GRIN|MPNS,biolink:Food
DRUGBANK:DB10921,Artemisia dracunculus pollen,UNII:UU78E56M7L,NCIT:C85116,NCBI|PLANTS|GRIN|MPNS,
DRUGBANK:DB10922,Pinus banksiana pollen,UNII:YM2P5UN502,,NCBI|PLANTS|GRIN|MPNS,
DRUGBANK:DB10923,Pinus resinosa pollen,UNII:Q7Y557L8UZ,NCIT:C85307,NCBI|PLANTS|GRIN|MPNS,
DRUGBANK:DB10924,Pinus nigra pollen,UNII:17Q05812N1,NCIT:C85304,NCBI|PLANTS|GRIN|MPNS,
DRUGBANK:DB10925,Pinus thunbergii pollen,UNII:6607IKD2XX,NCIT:C85312,NCBI|PLANTS|GRIN|MPNS,
DRUGBANK:DB10926,Carya tomentosa pollen,UNII:G2A764T54B,NCIT:C85143,NCBI|PLANTS|GRIN|MPNS,
DRUGBANK:DB10927,Iva annua pollen,UNII:Y2U5S5PF22,NCIT:C85260,PLANTS|GRIN,
DRUGBANK:DB10928,Bassia scoparia pollen,UNII:07A108ZKW5,NCIT:C85274,NCBI|PLANTS|GRIN|MPNS,
DRUGBANK:DB10929,Cyclachaena xanthifolia pollen,UNII:V80TPZ0T6J,NCIT:C85262,PLANTS,
DRUGBANK:DB10930,Amaranthus retroflexus whole,UNII:55W4M8149I,,NCBI|PLANTS|GRIN|MPNS,
DRUGBANK:DB10933,Cochliobolus lunatus,UNII:4T82EA86AJ,,NCBI,
DRUGBANK:DB10934,Haematonectria haematococca,UNII:7TLR512M4A,,NCBI,
DRUGBANK:DB10935,Chrysonilia sitophila,UNII:296FK85FY6,,NCBI,
DRUGBANK:DB10937,Puccinia striiformis var. striiformis,UNII:9NLW29GJAX,NCIT:C87515,NCBI,
DRUGBANK:DB10939,Pleospora tarda,UNII:TPL549N9R8,,NCBI,
DRUGBANK:DB10941,Bassia hyssopifolia pollen,UNII:35487N1IC9,NCIT:C85128,NCBI|PLANTS|GRIN,
DRUGBANK:DB10942,Brassica rapa pollen,UNII:85Z8OHV3K7,NCIT:C85138,NCBI|PLANTS,
DRUGBANK:DB10943,Callistemon citrinus pollen,UNII:62OII98F1T,NCIT:C85141,NCBI|PLANTS|GRIN|MPNS,
DRUGBANK:DB10945,Dicoria canescens pollen,UNII:E9H4GR1NMP,NCIT:C85159,PLANTS|GRIN,
DRUGBANK:DB10946,Krascheninnikovia lanata pollen,UNII:0GTO5BR99M,NCIT:C85276,NCBI|PLANTS|GRIN,
DRUGBANK:DB10947,Ambrosia ambrosioides pollen,UNII:81214Y871U,NCIT:C85101,PLANTS|GRIN|MPNS,
DRUGBANK:DB10948,Ambrosia chamissonis pollen,UNII:2Z41EEQ491,NCIT:C85104,PLANTS|GRIN|MPNS,
DRUGBANK:DB10949,Koeleria macrantha pollen,UNII:IIC6H3WF6J,NCIT:C85275,NCBI|PLANTS|GRIN|MPNS,
DRUGBANK:DB10950,Phoenix dactylifera pollen,UNII:2FV55IRB5B,NCIT:C85298,NCBI|PLANTS|GRIN|MPNS,
DRUGBANK:DB10952,Quercus dumosa pollen,UNII:P5W45RU6E4,NCIT:C85336,NCBI|PLANTS|GRIN|MPNS,
DRUGBANK:DB10953,Suaeda moquinii pollen,UNII:FZU040QDS7,NCIT:C85371,NCBI|PLANTS|GRIN|MPNS,
DRUGBANK:DB10954,Tilia cordata pollen,UNII:OCO1LJR5YN,NCIT:C85378,NCBI|PLANTS|GRIN|MPNS,
DRUGBANK:DB10955,Apis mellifera venom,UNII:76013O881M,,NCBI,
DRUGBANK:DB10956,Vespula maculifrons venom protein,UNII:V34908RT03,,NCBI,
DRUGBANK:DB10957,Dolichovespula arenaria venom protein,UNII:7PI26E943G,,NCBI,
DRUGBANK:DB10958,Dolichovespula maculata venom protein,UNII:J8DAZ3T66L,,NCBI,
DRUGBANK:DB10959,Polistes fuscatus venom protein,UNII:AKT0E6058K,,NCBI,
DRUGBANK:DB10961,Hordeum vulgare pollen,UNII:2LN3M29LNI,NCIT:C85211,NCBI|PLANTS|GRIN|MPNS,
DRUGBANK:DB10962,Agrostis stolonifera pollen,UNII:255H8VT4RK,NCIT:C85090,NCBI|PLANTS|GRIN,
DRUGBANK:DB10963,Phalaris minor pollen,UNII:VBT3DRA2R9,NCIT:C85296,NCBI|PLANTS|GRIN,
DRUGBANK:DB10964,Lolium perenne subsp. multiflorum pollen,UNII:VJI0WKK736,NCIT:C85390,NCBI|PLANTS|GRIN|MPNS,biolink:ComplexMolecularMixture
DRUGBANK:DB10965,Sorghum bicolor subsp. bicolor pollen,UNII:LD795V73G4,NCIT:C85368,NCBI|PLANTS|GRIN|MPNS,
DRUGBANK:DB10966,Sorghum bicolor subsp. drummondii pollen,UNII:B43R30VP73,,NCBI,
DRUGBANK:DB10967,Amphiachyris dracunculoides pollen,UNII:83X1I1RR5F,,NCBI|PLANTS|GRIN|MPNS,
DRUGBANK:DB10968,Iva angustifolia pollen,UNII:UBW6O1H50I,NCIT:C85259,PLANTS|GRIN,
DRUGBANK:DB10969,Neurospora sitophila,UNII:I9D9Z5GCW5,,NCBI,
DRUGBANK:DB10970,Trichophyton tonsurans,UNII:JY1BE33I3Y,,NCBI,
DRUGBANK:DB10973,Thermomyces lanuginosus,UNII:YI3WT83KTW,,NCBI,
DRUGBANK:DB10974,Trichosporon cutaneum,UNII:5EUI19VT92,,NCBI,
DRUGBANK:DB10975,Tanacetum cinerariifolium flower,UNII:CGF76TP7X6,NCIT:C72413,NCBI|PLANTS|GRIN|MPNS,
DRUGBANK:DB10976,Largemouth bass,UNII:XC209ITL3J,,NCBI,
DRUGBANK:DB10977,Cocoa,UNII:D9108TZ9KG,NCIT:C121851,NCBI|PLANTS|GRIN|MPNS,biolink:ComplexMolecularMixture
DRUGBANK:DB10979,Blue crab,UNII:8J18RFO4A8,,NCBI,
DRUGBANK:DB10980,Barley malt,UNII:R3NBG8914U,NCIT:C71879,NCBI|PLANTS|GRIN|MPNS,
DRUGBANK:DB10981,Radish,UNII:EM5RP35463,NCIT:C72014,NCBI|MPNS,biolink:Food
DRUGBANK:DB10982,Sage,UNII:065C5D077J,NCIT:C71519,NCBI|PLANTS|GRIN|MPNS,biolink:ComplexMolecularMixture
DRUGBANK:DB10983,Thyme,UNII:CW657OBU4N,,NCBI|PLANTS|GRIN|MPNS,
DRUGBANK:DB10984,Peppermint,UNII:V95R5KMY2B,NCIT:C66347,NCBI|PLANTS|GRIN|MPNS,
DRUGBANK:DB10985,Ulmus rubra pollen,UNII:GHC6OHK0W0,NCIT:C85386,NCBI|PLANTS|GRIN|MPNS,
DRUGBANK:DB10986,Pseudotsuga menziesii pollen,UNII:ZEI09763J3,NCIT:C85333,NCBI|PLANTS|GRIN|MPNS,
DRUGBANK:DB10987,Carya laciniosa pollen,UNII:5BGG872373,NCIT:C85147,NCBI|PLANTS|GRIN|MPNS,
DRUGBANK:DB10988,Maclura pomifera pollen,UNII:18JOK51CZH,NCIT:C85283,NCBI|PLANTS|GRIN|MPNS,
DRUGBANK:DB10991,"Bordetella pertussis toxoid antigen (formaldehyde, glutaraldehyde inactivated)",UNII:QSN5XO8ZSU,NCIT:C77702,NCBI,
DRUGBANK:DB10992,Bordetella pertussis pertactin antigen (formaldehyde inactivated),UNII:I05O535NV6,NCIT:C77700,NCBI,
DRUGBANK:DB10997,Autologous cultured chondrocytes,UNII:D5P3K3V822,NCIT:C87436,NCBI,
DRUGBANK:DB11004,Betula pendula pollen,UNII:ZL5TV40C5Y,NCIT:C85135,NCBI|PLANTS|GRIN|MPNS,
DRUGBANK:DB11005,Ulmus parvifolia pollen,UNII:IU0Z41653U,NCIT:C85384,NCBI|PLANTS|GRIN|MPNS,
DRUGBANK:DB11006,Parkinsonia florida pollen,UNII:57586C96ZL,NCIT:C85151,NCBI|PLANTS|GRIN,
DRUGBANK:DB11007,Cytisus scoparius flowering top,UNII:XZC6H8R666,,NCBI|PLANTS|GRIN|MPNS,
DRUGBANK:DB11018,Canis lupus familiaris dander,UNII:11JCK302I4,,NCBI,
DRUGBANK:DB11019,Cavia porcellus dander,UNII:84Q71TU5SU,,NCBI,
DRUGBANK:DB11020,Bos taurus dander,UNII:C8VYS726O8,,NCBI,
DRUGBANK:DB11021,Equus caballus dander,UNII:J81SZ18495,,NCBI,
DRUGBANK:DB11022,Aspergillus nidulans,UNII:242A53RB80,,NCBI,
DRUGBANK:DB11023,Penicillium digitatum,UNII:1SB49SV239,,NCBI,
DRUGBANK:DB11025,Dendryphiella vinosa,UNII:7S6NW5FH8X,,NCBI,
DRUGBANK:DB11026,Solenopsis richteri,UNII:739684T11W,,NCBI,biolink:ComplexMolecularMixture
DRUGBANK:DB11027,Polistes annularis venom protein,UNII:987GS3GJZX,,NCBI,
DRUGBANK:DB11028,Polistes exclamans venom protein,UNII:L0L5D5D9BQ,,NCBI,
DRUGBANK:DB11029,Polistes metricus venom protein,UNII:ZN217W5Y50,,NCBI,
DRUGBANK:DB11030,Vespula germanica venom protein,UNII:8SH7583MUK,,NCBI,
DRUGBANK:DB11031,Vespula pensylvanica venom protein,UNII:Q79PS8P34R,,NCBI,
DRUGBANK:DB11032,Vespula squamosa venom protein,UNII:D7974DM2EJ,,NCBI,
DRUGBANK:DB11033,Vespula vulgaris venom protein,UNII:S125N1F5X5,,NCBI,
DRUGBANK:DB11050,Typhoid Vaccine Live,UNII:0MZI008M96,NCIT:C77766,NCBI,
DRUGBANK:DB11051,Azficel-T,UNII:022461SR75,NCIT:C142945,NCBI,
DRUGBANK:DB11054,Human cord blood hematopoietic progenitor cell,UNII:XU53VK93MC,NCIT:C200602,NCBI,
DRUGBANK:DB11066,Pancrelipase protease,UNII:3560D81V50,NCIT:C84041,NCBI,
DRUGBANK:DB11067,Heme iron polypeptide,UNII:31VDO12CJY,,NCBI,
DRUGBANK:DB11086,Cocoa butter,UNII:512OYT1CRR,NCIT:C83637,NCBI|PLANTS|GRIN|MPNS,
DRUGBANK:DB11111,Witch hazel,UNII:101I4J0U34,,NCBI|PLANTS|GRIN|MPNS,
DRUGBANK:DB11112,Lanolin,UNII:7EV65EAW6H,NCIT:C94238,NCBI,
DRUGBANK:DB11113,Castor oil,UNII:D5340Y2I9G,NCIT:C80990,NCBI|PLANTS|GRIN|MPNS,
DRUGBANK:DB11114,Eucalyptus oil,UNII:2R04ONI662,NCIT:C65603,NCBI|PLANTS|GRIN|MPNS,
DRUGBANK:DB11120,Turpentine,UNII:XJ6RUH0O4G,NCIT:C84233,NCBI,
DRUGBANK:DB11130,Opium,UNII:37M3MZ001L,NCIT:C29300,NCBI|PLANTS|GRIN|MPNS,
DRUGBANK:DB11144,Hydrogenated palm kernel oil,UNII:FM8D1RE2VP,,NCBI|PLANTS|GRIN|MPNS,
DRUGBANK:DB11172,Sesame oil,UNII:QX10HYY4QV,NCIT:C66537,NCBI|PLANTS|GRIN|MPNS,biolink:Food
DRUGBANK:DB11198,Peppermint oil,UNII:AV092KU4JH,NCIT:C84045,NCBI|PLANTS|GRIN|MPNS,
DRUGBANK:DB11199,Sage oil,UNII:U27K0H1H2O,,NCBI|PLANTS|GRIN|MPNS,
DRUGBANK:DB11209,Iron protein succinylate,UNII:VBJ9L90P4L,,NCBI,
DRUGBANK:DB11218,Tea tree oil,UNII:VIF565UC2G,NCIT:C74295,NCBI|GRIN|MPNS,
DRUGBANK:DB11223,Tolu balsam,UNII:TD2LE91MBE,,NCBI|PLANTS|GRIN|MPNS,
DRUGBANK:DB11224,Liquidambar styraciflua resin,UNII:P41GWD11CX,,NCBI|PLANTS|GRIN|MPNS,
DRUGBANK:DB11238,Borage oil,UNII:F8XAG1755S,NCIT:C73975,NCBI|PLANTS|GRIN|MPNS,
DRUGBANK:DB11247,Sambucus nigra flowering top,UNII:CT03BSA18U,,NCBI|PLANTS|GRIN|MPNS,
DRUGBANK:DB11253,Xanthan gum,UNII:TTV12P4NEE,NCIT:C84244,NCBI,biolink:Food
DRUGBANK:DB11265,Curcuma xanthorrhiza oil,UNII:F8VF0V2G7H,NCIT:C107298,NCBI|GRIN|MPNS,
DRUGBANK:DB11276,Pine needle oil (pinus mugo),UNII:6KF1RLN1CI,NCIT:C107348,NCBI|PLANTS|GRIN|MPNS,
DRUGBANK:DB11286,Colloidal oatmeal,UNII:8PI54V663Y,NCIT:C29298,NCBI|PLANTS|GRIN|MPNS,
DRUGBANK:DB11293,Rice bran oil,UNII:LZO6K1506A,,NCBI|PLANTS|GRIN|MPNS,
DRUGBANK:DB11294,Coccidioides immitis spherule,UNII:ITY7G7Q744,,NCBI,
DRUGBANK:DB11295,Trichophyton verrucosum,UNII:JA74887EHM,,NCBI,
DRUGBANK:DB11301,Curcuma aromatica root oil,UNII:Q68H9P4S4J,NCIT:C107297,NCBI|PLANTS|GRIN|MPNS,
DRUGBANK:DB11302,Hydrogenated soybean oil,UNII:A2M91M918C,NCIT:C83765,NCBI|PLANTS|GRIN|MPNS,biolink:Food
DRUGBANK:DB11321,Cod liver oil,UNII:BBL281NWFG,NCIT:C65348,NCBI,
DRUGBANK:DB11338,Clove oil,UNII:578389D6D0,NCIT:C65346,NCBI|PLANTS|GRIN|MPNS,
DRUGBANK:DB11347,Bacillus subtilis,UNII:8CF93KW41W,NCIT:C86167,NCBI,
DRUGBANK:DB11357,Linseed oil,UNII:84XB4DV00W,NCIT:C107324,NCBI|PLANTS|GRIN|MPNS,
DRUGBANK:DB11358,Evening primrose oil,UNII:3Q9L08K71N,NCIT:C72199,NCBI|PLANTS|GRIN|MPNS,
DRUGBANK:DB11360,Lactobacillus plantarum,UNII:QFC21096ON,,NCBI,
DRUGBANK:DB11361,Betula pendula tar oil,UNII:7JK2RXJ8G7,,NCBI|PLANTS|GRIN|MPNS,
DRUGBANK:DB11482,Balsam of Peru,UNII:8P5F881OCY,NCIT:C66361,PLANTS|GRIN,
DRUGBANK:DB11597,Human Rho(D) immune globulin,UNII:48W7181FLP,NCIT:C80832,NCBI,
DRUGBANK:DB11600,Beeswax,UNII:2ZA36H0S2V,NCIT:C84241,NCBI,
DRUGBANK:DB11601,Tuberculin purified protein derivative,UNII:I7L8FKN87J,,NCBI,
DRUGBANK:DB11603,"Rabies immune globulin, human",UNII:95F619ATQ2,NCIT:C80831,NCBI,
DRUGBANK:DB11604,"Tetanus immune globulin, human",UNII:V4SWI4RF4J,,NCBI,
DRUGBANK:DB11605,Myrrh,UNII:JC71GJ1F3L,NCIT:C66216,NCBI|GRIN|MPNS,
DRUGBANK:DB11621,Human varicella-zoster immune globulin,UNII:33T61IWL27,NCIT:C123431,NCBI,
DRUGBANK:DB12386,Bacillus calmette-guerin substrain danish 1331 live antigen,UNII:4CGF0IDN3W,NCIT:C180987,NCBI,
DRUGBANK:DB13147,Pancrelipase lipase,UNII:8MYC33932O,NCIT:C84040,NCBI,
DRUGBANK:DB13193,Vitex agnus-castus fruit extract,UNII:433OSF3U8A,NCIT:C72243,NCBI|PLANTS|GRIN|MPNS,
DRUGBANK:DB13194,Hedera helix leaf extract,UNII:ZP9XFG71A7,,NCBI|PLANTS|GRIN|MPNS,
DRUGBANK:DB13195,Horse chestnut,UNII:3C18L6RJAZ,NCIT:C80286,NCBI|PLANTS|GRIN|MPNS,biolink:Food
DRUGBANK:DB13196,Valerian,UNII:JWF5YAW3QW,NCIT:C38725,NCBI|PLANTS|GRIN|MPNS,
DRUGBANK:DB13199,Brinase,UNII:Z3GVO2327F,NCIT:C171785,NCBI,
DRUGBANK:DB13263,Quassia,UNII:S5249Q85HW,,NCBI|PLANTS|GRIN|MPNS,
DRUGBANK:DB13293,Ipecac,UNII:62I3C8233L,NCIT:C65951,NCBI|PLANTS|GRIN|MPNS,
DRUGBANK:DB13299,Sulglicotide,UNII:26473073GC,NCIT:C152465,NCBI,
DRUGBANK:DB13446,Guar gum,UNII:E89I1637KE,NCIT:C80932,NCBI|PLANTS|GRIN|MPNS,
DRUGBANK:DB13525,Althea root,UNII:TRW2FUF47H,,NCBI|PLANTS|GRIN|MPNS,
DRUGBANK:DB13761,Tilactase,UNII:37515NWH9U,NCIT:C29147,NCBI,
DRUGBANK:DB13881,Tisagenlecleucel,UNII:Q6C9WHR03O,NCIT:C102758,NCBI,
DRUGBANK:DB13883,Coral snake (micrurus fulvius) immune globulin antivenin (equine),UNII:Y605XBM2GL,NCIT:C87794,NCBI,
DRUGBANK:DB13886,Human cytomegalovirus immune globulin,UNII:129L90A25N,NCIT:C80826,NCBI,
DRUGBANK:DB13891,Crotalus scutulatus antivenin,UNII:7WZ1744G86,,NCBI,
DRUGBANK:DB13892,Crotalus atrox antivenin,UNII:RBR61YAJ4V,,NCBI,
DRUGBANK:DB13893,Crotalus adamanteus antivenin,UNII:A4229A7019,,NCBI,
DRUGBANK:DB13894,Agkistrodon piscivorus antivenin,UNII:IA6O0K772M,,NCBI,
DRUGBANK:DB13895,Rhus Glabra Pollen,UNII:5THQ6K6J4O,NCIT:C85349,NCBI|PLANTS|GRIN|MPNS,
DRUGBANK:DB13897,Equine Botulinum Neurotoxin E Immune FAB2,UNII:T95649SUV7,,NCBI,
DRUGBANK:DB13898,Equine Botulinum Neurotoxin C Immune FAB2,UNII:X5I2P7E9TY,,NCBI,
DRUGBANK:DB13899,Equine Botulinum Neurotoxin G Immune FAB2,UNII:943578J0XG,,NCBI,
DRUGBANK:DB13900,Equine Botulinum Neurotoxin A Immune FAB2,UNII:LE3J6I6DXP,,NCBI,
DRUGBANK:DB13901,Equine Botulinum Neurotoxin F Immune FAB2,UNII:RJN8G983LQ,,NCBI,
DRUGBANK:DB13902,Equine Botulinum Neurotoxin D Immune FAB2,UNII:30Y9N0SEBE,,NCBI,
DRUGBANK:DB13903,Equine Botulinum Neurotoxin B Immune FAB2,UNII:VSK09VP4HL,,NCBI,
DRUGBANK:DB13904,Cat dander extract,UNII:ZDN2AC0L08,NCIT:C84494,NCBI,biolink:ComplexMolecularMixture
DRUGBANK:DB13905,Scorpion (centruroides) immune Fab2 antivenin (equine),UNII:DDA050FCEA,,NCBI,
DRUGBANK:DB13906,Aloe vera leaf,UNII:ZY81Z83H0X,NCIT:C71875,NCBI|PLANTS|GRIN|MPNS,
DRUGBANK:DB13913,Belladonna,UNII:WQZ3G9PF0H,,NCBI|PLANTS|GRIN|MPNS,
DRUGBANK:DB13915,Axicabtagene ciloleucel,UNII:U2I8T43Y7R,NCIT:C120309,NCBI,
DRUGBANK:DB13964,Peanut oil,UNII:5TL50QU0W4,NCIT:C66332,NCBI|PLANTS|GRIN|MPNS,biolink:Food
DRUGBANK:DB13965,Sarracenia Purpurea,UNII:FOP08H143P,NCIT:C72435,NCBI|PLANTS|GRIN|MPNS,
DRUGBANK:DB13974,Passiflora incarnata flower,UNII:K8F3G29S6Z,,NCBI|PLANTS|GRIN|MPNS,
DRUGBANK:DB13975,Black cohosh,UNII:K73E24S6X9,NCIT:C26647,NCBI|PLANTS|GRIN|MPNS,
DRUGBANK:DB14009,Medical Cannabis,UNII:FTS5RM302N,NCIT:C26659,NCBI,
DRUGBANK:DB14016,Ox bile extract,UNII:ET3651ZLOU,,NCBI,
DRUGBANK:DB14022,Typhoid vaccine,UNII:760T5R8B3O,NCIT:C86926,NCBI,
DRUGBANK:DB14100,Pork collagen,UNII:I8442U2G7J,,NCBI,
DRUGBANK:DB14112,Human vaccinia virus immune globulin,UNII:7UB4J759TD,NCIT:C80973,NCBI,
DRUGBANK:DB14113,Black widow spider antivenin (equine),UNII:5VJA14972G,,NCBI,
DRUGBANK:DB14114,Viper antivenom,UNII:92VV7G83ED,,NCBI,
DRUGBANK:DB14115,Human botulinum neurotoxin A/B immune globulin,UNII:X641Y30OA7,NCIT:C80825,NCBI,
DRUGBANK:DB14157,Hydrogenated soybean lecithin,UNII:QHQ97HF0PY,,NCBI|PLANTS|GRIN|MPNS,
DRUGBANK:DB14161,"Lecithin, soybean",UNII:1DI56QDM62,NCIT:C80292,NCBI|PLANTS|GRIN|MPNS,biolink:Food
DRUGBANK:DB14162,Northern bluefin tuna,UNII:816CLQ4017,,NCBI,
DRUGBANK:DB14163,Anthoxanthum odoratum,UNII:YMW1K70E4Q,NCIT:C72244,NCBI|PLANTS|GRIN|MPNS,
DRUGBANK:DB14164,Betula lenta whole,UNII:41A3V2257T,NCIT:C74481,NCBI|PLANTS|GRIN|MPNS,
DRUGBANK:DB14165,Culex pipiens,UNII:45KA5D7541,,NCBI,
DRUGBANK:DB14166,Rumex acetosella whole,UNII:D4MF746504,,NCBI|PLANTS|GRIN|MPNS,
DRUGBANK:DB14167,Rumex crispus top,UNII:S9T422Q956,,NCBI|PLANTS|GRIN|MPNS,
DRUGBANK:DB14168,Sarocladium strictum,UNII:3F36V0451W,NCIT:C87527,NCBI,biolink:ComplexMolecularMixture
DRUGBANK:DB14169,Salix nigra bark,UNII:QU52J3A5B3,,NCBI|PLANTS|GRIN|MPNS,
DRUGBANK:DB14170,Artemisia vulgaris root,UNII:32MP823R8S,,NCBI|PLANTS|GRIN|MPNS,
DRUGBANK:DB14172,Evernia prunastri,UNII:O3034Q5AHK,,NCBI,
DRUGBANK:DB14179,Phleum pratense top,UNII:S7PW24BX20,,NCBI|PLANTS|GRIN|MPNS,
DRUGBANK:DB14181,Lanolin alcohols,UNII:884C3FA9HE,NCIT:C219203,NCBI,
DRUGBANK:DB14222,Bifidobacterium longum infantis,UNII:EF3U3H7I76,,NCBI,
DRUGBANK:DB14223,Clostridium botulinum,UNII:0296055VE0,,NCBI,
DRUGBANK:DB14224,Lactobacillus reuteri,UNII:9913I24QEE,,NCBI,
DRUGBANK:DB14225,Enterococcus faecium,UNII:34YYS7G16P,,NCBI,
DRUGBANK:DB14226,Lactobacillus helveticus,UNII:Q08Z44662J,,NCBI,
DRUGBANK:DB14229,Lowbush blueberry,UNII:G90PX41VP0,,NCBI|PLANTS|GRIN|MPNS,
DRUGBANK:DB14233,Egg phospholipids,UNII:1Z74184RGV,NCIT:C79998,NCBI,biolink:Food
DRUGBANK:DB14234,Sus scrofa stomach,UNII:T0920P9Z9A,,NCBI,
DRUGBANK:DB14235,Bilberry,UNII:9P2U39H18W,,NCBI|PLANTS|GRIN|MPNS,
DRUGBANK:DB14236,Aloe vera leaf polysaccharides,UNII:W21O437517,,NCBI|PLANTS|GRIN|MPNS,
DRUGBANK:DB14237,Echinacea angustifolia root,UNII:D982V7VT3P,,NCBI|PLANTS|GRIN|MPNS,
DRUGBANK:DB14238,Echinacea purpurea flowering top,UNII:2EMS3QFX65,,NCBI|PLANTS|GRIN|MPNS,
DRUGBANK:DB14239,Echinacea purpurea,UNII:QI7G114Y98,NCIT:C72304,NCBI|PLANTS|GRIN|MPNS,
DRUGBANK:DB14243,Sus scrofa placenta,UNII:C8CV8867O8,,NCBI,
DRUGBANK:DB14244,Garden snail mucin,UNII:BPB1U0R467,,NCBI,
DRUGBANK:DB14247,Moschus berezovskii musk sac resin,UNII:Z70MFY52S4,,NCBI,
DRUGBANK:DB14248,Bos taurus gallstone,UNII:4162LZ0N4O,,NCBI,
DRUGBANK:DB14249,Pearl (hyriopsis cumingii),UNII:A75L5FZ40U,,NCBI,
DRUGBANK:DB14250,Royal jelly,UNII:L497I37F0C,NCIT:C87569,NCBI,
DRUGBANK:DB14251,Ostrea edulis shell,UNII:49OY13BE7Z,,NCBI,
DRUGBANK:DB14252,Jojoba oil,UNII:724GKU717M,NCIT:C107318,NCBI|PLANTS|GRIN|MPNS,
DRUGBANK:DB14253,Avena sativa flowering top,UNII:MA9CQJ3F7F,,NCBI|PLANTS|GRIN|MPNS,
DRUGBANK:DB14254,Aloe vera flower,UNII:575DY8C1ER,NCIT:C71796,NCBI|PLANTS|GRIN|MPNS,
DRUGBANK:DB14255,Angelica dahurica root,UNII:1V63N2S972,,NCBI|GRIN|MPNS,
DRUGBANK:DB14256,Centella asiatica,UNII:7M867G6T1U,NCIT:C72337,NCBI|PLANTS|GRIN|MPNS,
DRUGBANK:DB14257,Aloe ferox leaf,UNII:0D145J8EME,NCIT:C82715,NCBI|PLANTS|GRIN|MPNS,
DRUGBANK:DB14258,Elm,UNII:63POE2M46Y,NCIT:C65510,NCBI|PLANTS|GRIN|MPNS,
DRUGBANK:DB14259,Eucommia ulmoides bark,UNII:L878N1L0AR,,NCBI|GRIN|MPNS,
DRUGBANK:DB14260,Stypocaulon scoparium,UNII:C4AD0HDH4I,,NCBI,
DRUGBANK:DB14261,Panax ginseng fruit,UNII:E35T4MOI3E,,NCBI|PLANTS|GRIN|MPNS,
DRUGBANK:DB14262,Bird pepper,UNII:JLH5RT8O28,,NCBI|PLANTS|GRIN,
DRUGBANK:DB14263,Calendula officinalis flower,UNII:P0M7O4Y7YD,NCIT:C73866,NCBI|PLANTS|GRIN|MPNS,
DRUGBANK:DB14264,Maclura tricuspidata whole,UNII:QOE5U8M2TG,,NCBI|GRIN|MPNS,
DRUGBANK:DB14265,Momordica charantia fruit,UNII:UA63Y8U89U,,NCBI|PLANTS|GRIN|MPNS,
DRUGBANK:DB14266,Tribulus terrestris root,UNII:6WY8ROM74K,,NCBI|PLANTS|GRIN|MPNS,
DRUGBANK:DB14267,Rumex crispus whole,UNII:UQJ679MZAK,NCIT:C72428,NCBI|PLANTS|GRIN|MPNS,
DRUGBANK:DB14268,Swertia japonica whole flowering,UNII:01X0P6GX6C,,NCBI|GRIN|MPNS,
DRUGBANK:DB14269,Nardostachys chinensis whole,UNII:FJ4AE60Q9V,,NCBI|MPNS,
DRUGBANK:DB14270,Simmondsia chinensis seed,UNII:D24K2Q1F6H,,NCBI|PLANTS|GRIN|MPNS,
DRUGBANK:DB14271,Morus alba root bark,UNII:SV6B76DK9N,NCIT:C73906,NCBI|PLANTS|GRIN|MPNS,
DRUGBANK:DB14272,Rosemary,UNII:8JM482TI79,,NCBI|PLANTS|GRIN|MPNS,biolink:ComplexMolecularMixture
DRUGBANK:DB14273,Ocimum tenuiflorum top,UNII:34T63W8ULS,,NCBI|PLANTS|GRIN|MPNS,
DRUGBANK:DB14274,Salix alba bark,UNII:205MXS71H7,NCIT:C71773,NCBI|PLANTS|GRIN|MPNS,
DRUGBANK:DB14275,Indian frankincense,UNII:4PW41QCO2M,NCIT:C49089,NCBI|PLANTS|GRIN|MPNS,
DRUGBANK:DB14276,Turmeric,UNII:856YO1Z64F,,NCBI|PLANTS|GRIN|MPNS,biolink:ComplexMolecularMixture
DRUGBANK:DB14277,Tripterygium wilfordii whole,UNII:GBE347P41D,,NCBI|GRIN|MPNS,
DRUGBANK:DB14278,Carthamus tinctorius flower bud,UNII:B86IS274O0,,NCBI|PLANTS|GRIN|MPNS,
DRUGBANK:DB14279,Corydalis ambigua tuber,UNII:1DN1EU584R,,NCBI|GRIN|MPNS,
DRUGBANK:DB14280,Lonicera caprifolium flower,UNII:5N1WD9784U,,NCBI|PLANTS|GRIN|MPNS,
DRUGBANK:DB14281,Lagerstroemia indica whole,UNII:N47D84L52F,,NCBI|PLANTS|GRIN|MPNS,
DRUGBANK:DB14282,Phellinus linteus mycelium,UNII:40K19XJV3C,,NCBI,
DRUGBANK:DB14283,Angelica archangelica root,UNII:885452N0GZ,,NCBI|PLANTS|GRIN|MPNS,
DRUGBANK:DB14284,Panax ginseng whole,UNII:9L5JEP7MES,,NCBI|PLANTS|GRIN|MPNS,
DRUGBANK:DB14285,Ginkgo biloba leaf oil,UNII:Y5967KO1JH,,NCBI|PLANTS|GRIN|MPNS,
DRUGBANK:DB14286,Panax ginseng root oil,UNII:P9T4K47OM0,,NCBI|PLANTS|GRIN|MPNS,
DRUGBANK:DB14287,Trametes versicolor fruiting body,UNII:4C900477MT,,NCBI,
DRUGBANK:DB14288,Kaempferia galanga root,UNII:7B7U9D12AI,,NCBI|PLANTS|GRIN|MPNS,
DRUGBANK:DB14289,Larix sibirica wood,UNII:KSC3PGF73L,,NCBI|PLANTS|GRIN|MPNS,
DRUGBANK:DB14290,Rehmannia glutinosa root,UNII:1BEM3U6LQQ,NCIT:C80293,NCBI|GRIN|MPNS,
DRUGBANK:DB14291,Wormwood,UNII:51PW3BIW1K,,NCBI|PLANTS|GRIN|MPNS,
DRUGBANK:DB14292,Acorus calamus root,UNII:XY1K7KIQ0F,,NCBI|PLANTS|GRIN|MPNS,
DRUGBANK:DB14293,Eutrema japonicum whole,UNII:WA34673193,,NCBI|PLANTS|GRIN|MPNS,
DRUGBANK:DB14294,Styphnolobium japonicum flower bud,UNII:DES4RX1Z3E,,NCBI|PLANTS|GRIN|MPNS,
DRUGBANK:DB14295,Reynoutria multiflora root,UNII:AUZ3VD75MC,,NCBI|GRIN|MPNS,
DRUGBANK:DB14296,Panax quinquefolius whole,UNII:0P067WOA1X,,NCBI|PLANTS|GRIN|MPNS,
DRUGBANK:DB14297,Arnica montana,UNII:O80TY208ZW,NCIT:C71849,NCBI|PLANTS|GRIN|MPNS,
DRUGBANK:DB14298,Gambir,UNII:3NJQ5D8S6N,,PLANTS|GRIN|MPNS,
DRUGBANK:DB14299,Mucuna pruriens seed,UNII:55G8SQ543S,,NCBI|PLANTS|GRIN|MPNS,
DRUGBANK:DB14300,Erythroxylum catuaba bark,UNII:3W8LSF0XRN,,NCBI|GRIN|MPNS,
DRUGBANK:DB14301,Epimedium grandiflorum top,UNII:137PC46F89,,NCBI|GRIN|MPNS,
DRUGBANK:DB14302,Turnera diffusa leaf,UNII:812R0W1I3K,,NCBI|PLANTS|GRIN|MPNS,
DRUGBANK:DB14303,Eleuthero,UNII:ZQH6VH092Z,,NCBI|PLANTS|GRIN|MPNS,
DRUGBANK:DB14304,Panax notoginseng root,UNII:GQX1C1175U,,NCBI|GRIN|MPNS,
DRUGBANK:DB14305,Tribulus terrestris fruit,UNII:QNL076V6EQ,,NCBI|PLANTS|GRIN|MPNS,
DRUGBANK:DB14306,Juglans regia shell,UNII:PJ10MT7VKA,,NCBI|PLANTS|GRIN|MPNS,
DRUGBANK:DB14307,Green tea leaf,UNII:W2ZU1RY8B0,NCIT:C67048,NCBI|PLANTS|GRIN|MPNS,
DRUGBANK:DB14308,Camellia japonica seed oil,UNII:U37N0S910T,,NCBI|PLANTS|GRIN|MPNS,
DRUGBANK:DB14309,Meadowfoam seed oil,UNII:412ZHA4T4Y,NCIT:C72213,NCBI|PLANTS|GRIN,
DRUGBANK:DB14310,Argan oil,UNII:4V59G5UW9X,NCIT:C107265,NCBI|GRIN|MPNS,
DRUGBANK:DB14311,Shea butter,UNII:K49155WL9Y,NCIT:C73914,NCBI|PLANTS|GRIN|MPNS,
DRUGBANK:DB14312,Glycyrrhiza glabra,UNII:2788Z9758H,NCIT:C80295,NCBI|PLANTS|GRIN|MPNS,biolink:ComplexMolecularMixture
DRUGBANK:DB14313,Lawsonia inermis leaf,UNII:E5818YZ355,NCIT:C72518,NCBI|PLANTS|GRIN|MPNS,biolink:ComplexMolecularMixture
DRUGBANK:DB14314,Indigofera tinctoria leaf,UNII:2K7DF8HZDM,,NCBI|PLANTS|GRIN|MPNS,
DRUGBANK:DB14315,Calendula officinalis whole,UNII:PFR03EBU0H,,NCBI|PLANTS|GRIN|MPNS,
DRUGBANK:DB14316,Tangerine peel,UNII:JU3D414057,,NCBI|PLANTS|GRIN,
DRUGBANK:DB14317,Pomegranate,UNII:56687D1Z4D,NCIT:C73929,NCBI|PLANTS|GRIN|MPNS,biolink:Food
DRUGBANK:DB14319,Magnolia kobus flowering top,UNII:X2725LP5TL,,NCBI|PLANTS|GRIN|MPNS,
DRUGBANK:DB14320,Eucalyptus globulus leaf,UNII:S546YLW6E6,,NCBI|PLANTS|GRIN|MPNS,
DRUGBANK:DB14321,Bambusa vulgaris top,UNII:FIW80T6P6V,,NCBI|PLANTS|GRIN|MPNS,
DRUGBANK:DB14322,Coconut oil,UNII:Q9L0O73W7L,NCIT:C65347,NCBI|PLANTS|GRIN|MPNS,biolink:Food
DRUGBANK:DB14323,Grape seed oil,UNII:930MLC8XGG,NCIT:C107311,NCBI|PLANTS|GRIN|MPNS,
DRUGBANK:DB14324,Apricot kernel oil,UNII:54JB35T06A,NCIT:C107264,NCBI|PLANTS|GRIN|MPNS,
DRUGBANK:DB14325,Schisandra chinensis fruit,UNII:ABS794681C,,NCBI|GRIN|MPNS,
DRUGBANK:DB14326,Amber,UNII:70J9Z0J26P,,NCBI|GRIN,
DRUGBANK:DB14327,Purslane,UNII:M6S840WXG5,,NCBI|PLANTS|GRIN|MPNS,
DRUGBANK:DB14328,Chamaemelum nobile flower,UNII:O2T154T6OG,,NCBI|PLANTS|GRIN|MPNS,
DRUGBANK:DB14329,Sunflower oil,UNII:3W1JG795YI,NCIT:C1241,NCBI|PLANTS|GRIN|MPNS,biolink:Food
DRUGBANK:DB14330,Macadamia oil,UNII:515610SU8C,,NCBI|PLANTS|GRIN|MPNS,
DRUGBANK:DB14331,Heterotheca inuloides flower,UNII:W9NZ9OZF68,,GRIN|MPNS,
DRUGBANK:DB14332,Inonotus obliquus fruiting body,UNII:MRO1FS760M,,NCBI,
DRUGBANK:DB14333,Nelumbo nucifera flower,UNII:61W322NLDV,,NCBI|PLANTS|GRIN|MPNS,
DRUGBANK:DB14335,Bergamot oil,UNII:39W1PKE3JI,NCIT:C107291,NCBI|PLANTS|GRIN,
DRUGBANK:DB14336,Angelica sinensis root,UNII:697D19QDBN,,NCBI|GRIN|MPNS,
DRUGBANK:DB14337,Salvia miltiorrhiza root,UNII:1693AM5SBN,,NCBI|GRIN|MPNS,
DRUGBANK:DB14338,Atractylodes lancea root oil,UNII:EC228KGY00,,NCBI|GRIN|MPNS,
DRUGBANK:DB14339,Scutellaria lateriflora,UNII:7BP4DH5PDC,NCIT:C73980,NCBI|PLANTS|GRIN|MPNS,
DRUGBANK:DB14340,Prunus armeniaca seed,UNII:75356789IW,,NCBI|PLANTS|GRIN|MPNS,
DRUGBANK:DB14341,Chamaecyparis obtusa wood oil,UNII:P2OMP71Y62,NCIT:C107284,NCBI|PLANTS|GRIN|MPNS,
DRUGBANK:DB14342,Taraxacum officinale leaf,UNII:0022LFJ74Y,NCIT:C71842,NCBI|PLANTS|MPNS,
DRUGBANK:DB14343,Arnica montana flower,UNII:OZ0E5Y15PZ,NCIT:C72490,NCBI|PLANTS|GRIN|MPNS,
DRUGBANK:DB14344,Lonicera confusa flower,UNII:3JV904IJ0V,,NCBI|GRIN|MPNS,
DRUGBANK:DB14345,Forsythia suspensa fruit,UNII:P4793M1ES5,,NCBI|PLANTS|GRIN|MPNS,
DRUGBANK:DB14346,Mentha arvensis top,UNII:8J5Y2F7A5X,,NCBI|PLANTS|GRIN|MPNS,
DRUGBANK:DB14347,Platycodon grandiflorus root,UNII:2DF0NS0O2Z,,NCBI|PLANTS|GRIN|MPNS,
DRUGBANK:DB14348,Citrus junos fruit,UNII:53KHW58C1V,,NCBI,
DRUGBANK:DB14349,Equisetum arvense top,UNII:1DP6Y6B65Z,,NCBI|PLANTS|GRIN|MPNS,
DRUGBANK:DB14350,Inula helenium root,UNII:E55SMD6DA8,,NCBI|PLANTS|GRIN|MPNS,
DRUGBANK:DB14351,Usnea barbata,UNII:D6DVA9TCAP,,NCBI,
DRUGBANK:DB14352,Azadirachta indica leaf,UNII:HKY915780T,,NCBI|PLANTS|GRIN|MPNS,
DRUGBANK:DB14353,Zanthoxylum clava-herculis whole,UNII:Z5VZA25BUK,,NCBI|PLANTS|GRIN|MPNS,
DRUGBANK:DB14354,Salix alba bark volatile oil,UNII:PW3MX00JXN,,NCBI|PLANTS|GRIN|MPNS,
DRUGBANK:DB14355,Apple fruit oil,UNII:9NT987I3A8,,NCBI|PLANTS|GRIN|MPNS,
DRUGBANK:DB14356,Platycodon grandiflorus leaf,UNII:2L64H2X8DY,,NCBI|PLANTS|GRIN|MPNS,
DRUGBANK:DB14357,Chamomile,UNII:FGL3685T2X,NCIT:C73870,NCBI|PLANTS|GRIN|MPNS,
DRUGBANK:DB14358,Tribulus terrestris,UNII:4X4HLN92OT,,NCBI|PLANTS|GRIN|MPNS,
DRUGBANK:DB14359,Tremella fuciformis whole,UNII:4938BNS0GU,,NCBI,
DRUGBANK:DB14360,Saw palmetto,UNII:J7WWH9M8QS,,NCBI|PLANTS|GRIN|MPNS,
DRUGBANK:DB14361,Rice bran,UNII:R60QEP13IC,NCIT:C111686,NCBI|PLANTS|GRIN|MPNS,
DRUGBANK:DB14362,Moringa oleifera leaf,UNII:4WET1AWO9B,,NCBI|PLANTS|GRIN|MPNS,
DRUGBANK:DB14363,Rosa centifolia flower oil,UNII:H32V31VMWY,NCIT:C107356,NCBI|PLANTS|GRIN,
DRUGBANK:DB14364,Scutellaria baicalensis root,UNII:7J95K7ID2S,NCIT:C71863,NCBI|GRIN|MPNS,
DRUGBANK:DB14365,Garcinia gummi-gutta fruit,UNII:D0QJI8UQVR,,NCBI|GRIN|MPNS,
DRUGBANK:DB14366,Ilex paraguariensis leaf,UNII:1Q953B4O4F,NCIT:C71770,NCBI|PLANTS|GRIN|MPNS,
DRUGBANK:DB14367,Chondrus crispus,UNII:OQS23HUA1X,NCIT:C180534,NCBI,
DRUGBANK:DB14368,Capsicum annuum whole,UNII:7FKZ3QQQ1F,,NCBI|PLANTS|GRIN|MPNS,
DRUGBANK:DB14369,Typhonium giganteum whole,UNII:C61Y66MY4H,,NCBI|MPNS,
DRUGBANK:DB14370,Phellodendron amurense bark,UNII:PBG27B754G,NCIT:C103230,NCBI|PLANTS|GRIN|MPNS,
DRUGBANK:DB14372,Melaleuca alternifolia leaf,UNII:G43C57162K,,NCBI|GRIN|MPNS,
DRUGBANK:DB14373,Quercus acutissima whole,UNII:0TVP714IPW,,NCBI|PLANTS|GRIN|MPNS,
DRUGBANK:DB14375,Milk thistle,UNII:U946SH95EE,NCIT:C29261,NCBI|PLANTS|GRIN|MPNS,
DRUGBANK:DB14376,Chicory leaf,UNII:WBQ249COFR,,NCBI|PLANTS|GRIN|MPNS,
DRUGBANK:DB14377,Palm oil,UNII:5QUO05548Z,NCIT:C72211,NCBI|PLANTS|GRIN|MPNS,
DRUGBANK:DB14378,Camphor leaf oil,UNII:51D0RGY52V,,NCBI|PLANTS|GRIN|MPNS,
DRUGBANK:DB14379,Zanthoxylum clava-herculis bark,UNII:0QN10WG2A2,,NCBI|PLANTS|GRIN|MPNS,
DRUGBANK:DB14388,Bordetella pertussis toxoid antigen (formaldehyde inactivated),UNII:N51SPD4A45,NCIT:C77703,NCBI,
DRUGBANK:DB14410,Human adenovirus b serotype 7,UNII:K7O6S79496,,NCBI,
DRUGBANK:DB14427,Neisseria meningitidis group a capsular oligosaccharide diphtheria crm197 protein conjugate antigen,UNII:3O44U6XYQK,,NCBI,
DRUGBANK:DB14429,Neisseria meningitidis group w-135 capsular oligosaccharide diphtheria crm197 protein conjugate antigen,UNII:5JT3N61JSP,,NCBI,
DRUGBANK:DB14430,Neisseria meningitidis group y capsular oligosaccharide diphtheria crm197 protein conjugate antigen,UNII:2W566Z2PEJ,,NCBI,
DRUGBANK:DB14443,Vibrio cholerae CVD 103-HgR strain live antigen,UNII:V9G528E9E0,,NCBI,
DRUGBANK:DB14563,Magnolia kobus bark,UNII:54LVP49595,,NCBI|PLANTS|GRIN|MPNS,
DRUGBANK:DB14564,Kale,UNII:0Y3L4J38H1,,NCBI,
DRUGBANK:DB14565,Sophora flavescens root,UNII:IYR6K8KQ5K,NCIT:C71831,NCBI|PLANTS|GRIN|MPNS,
DRUGBANK:DB14566,Lavender oil,UNII:ZBP1YXW0H8,NCIT:C66002,NCBI|PLANTS|GRIN|MPNS,
DRUGBANK:DB14585,Plantago ovata seed,UNII:K9NXW456E2,,PLANTS|GRIN,
DRUGBANK:DB14588,Bambusa arundinacea stem,UNII:NRA4497HC5,,NCBI|PLANTS|GRIN|MPNS,
DRUGBANK:DB14590,Anemarrhena asphodeloides root,UNII:U0OC9BJL0I,NCIT:C80316,NCBI|GRIN|MPNS,
DRUGBANK:DB14601,Barley malt syrup,UNII:22P8DKP670,,NCBI|PLANTS|GRIN|MPNS,
DRUGBANK:DB14613,"Serum, horse",UNII:QHD0E51VON,NCIT:C29772,NCBI,
DRUGBANK:DB14686,Chamaecyparis obtusa leaf,UNII:7OL154J5XB,,NCBI|PLANTS|GRIN|MPNS,
DRUGBANK:DB14687,Centella asiatica leaf,UNII:6810070TYD,NCIT:C71797,NCBI|PLANTS|GRIN|MPNS,
DRUGBANK:DB14688,Sambucus nigra flower,UNII:07V4DX094T,,NCBI|PLANTS|GRIN|MPNS,
DRUGBANK:DB14689,Rosemary oil,UNII:8LGU7VM393,NCIT:C107360,NCBI|PLANTS|GRIN|MPNS,
DRUGBANK:DB14690,Ginger oil,UNII:SAS9Z1SVUK,NCIT:C107310,NCBI|PLANTS|GRIN|MPNS,
DRUGBANK:DB14692,Turmeric oil,UNII:6KGS8SP16U,NCIT:C107368,NCBI|PLANTS|GRIN|MPNS,
DRUGBANK:DB14693,Atractylodes lancea root,UNII:CAZ6282J2O,NCIT:C80318,NCBI|GRIN|MPNS,
DRUGBANK:DB14694,Beef liver,UNII:W8N8R55022,NCIT:C75669,NCBI,biolink:Food
DRUGBANK:DB14710,Camponotus pennsylvanicus,UNII:9J6GJ0890E,,NCBI,
DRUGBANK:DB14744,Spirulina platensis,UNII:9K7IG15M0Q,,NCBI,
DRUGBANK:DB14745,Olea europaea leaf,UNII:MJ95C3OH47,,NCBI|PLANTS|GRIN|MPNS,
DRUGBANK:DB14747,Ephedra sinica stem,UNII:55L3XLO37E,NCIT:C71795,NCBI|PLANTS|GRIN|MPNS,
DRUGBANK:DB14748,Polygala tenuifolia root,UNII:5S7W573MTU,NCIT:C171390,NCBI|GRIN|MPNS,
DRUGBANK:DB14749,Polygala senega root,UNII:M7T6H7D4IF,NCIT:C71845,NCBI|PLANTS|GRIN|MPNS,
DRUGBANK:DB14757,Agrostis gigantea top,UNII:A5ODF78EPD,,NCBI|PLANTS|GRIN,
DRUGBANK:DB14759,Red pepper,UNII:6M47G7C4SY,NCIT:C73793,NCBI,biolink:Food
DRUGBANK:DB15274,Pertussis vaccine,UNII:2QNL82089R,NCIT:C76205,NCBI,
DRUGBANK:DB15461,Yersinia pestis 195/p antigen (formaldehyde inactivated),UNII:G10832YT0L,NCIT:C75860,NCBI,
DRUGBANK:DB15478,Frangula purshiana bark,UNII:4VBP01X99F,NCIT:C28909,NCBI|PLANTS|GRIN|MPNS,
DRUGBANK:DB15502,Baccharis sarothroides whole,UNII:C94X53K2GW,,PLANTS|GRIN|MPNS,
DRUGBANK:DB15503,Amaranthus hybridus pollen,UNII:EK7F0414PI,NCIT:C85096,NCBI|PLANTS|GRIN|MPNS,
DRUGBANK:DB15504,Acacia dealbata pollen,UNII:L16Z5HLP8V,NCIT:C85200,NCBI|PLANTS|GRIN|MPNS,
DRUGBANK:DB15509,Alnus serrulata pollen,UNII:390VZ1D0L5,,NCBI|PLANTS|GRIN|MPNS,
DRUGBANK:DB15510,Prosopis velutina seed,UNII:R0120Z3YIC,,NCBI|PLANTS|GRIN|MPNS,
DRUGBANK:DB15511,Gibberella fujikuroi,UNII:815V716OR2,,NCBI,
DRUGBANK:DB15512,Mucor circinelloides f. circinelloides,UNII:48Z8OUT98B,,NCBI,
DRUGBANK:DB15521,Cyd dengue virus serotype 1 live (attenuated) antigen,UNII:75KB2HPX5H,,NCBI,
DRUGBANK:DB15522,Cyd dengue virus serotype 2 live (attenuated) antigen,UNII:FH5SVG7GLC,,NCBI,
DRUGBANK:DB15523,Cyd dengue virus serotype 3 live (attenuated) antigen,UNII:RHT2Q37FYG,,NCBI,
DRUGBANK:DB15524,Cyd dengue virus serotype 4 live (attenuated) antigen,UNII:RS26HP5ND2,,NCBI,
DRUGBANK:DB15525,Mucor circinelloides f. lusitanicus,UNII:0J0X819B3C,,NCBI,
DRUGBANK:DB15526,Eurotium amstelodami,UNII:D932NLL87Z,,NCBI,
DRUGBANK:DB15529,Leucanthemum vulgare pollen,UNII:H9E0IX4MOX,NCIT:C85278,NCBI|PLANTS|GRIN|MPNS,
DRUGBANK:DB15530,Trifolium pratense pollen,UNII:3SNK70F46Y,NCIT:C85379,NCBI|PLANTS|GRIN|MPNS,
DRUGBANK:DB15537,Eucalyptus gum,UNII:72T9EZC2VX,,NCBI|PLANTS|GRIN|MPNS,
DRUGBANK:DB15538,Sea scallop,UNII:BY65V9YV1I,,NCBI,
DRUGBANK:DB15539,Northern brown shrimp,UNII:TJH4LL437H,,NCBI,
DRUGBANK:DB15540,Rainbow trout,UNII:P4M52SZ8L6,,NCBI,
DRUGBANK:DB15541,Yellowfin tuna,UNII:12ZC3K09X7,,NCBI,
DRUGBANK:DB15542,Atlantic mackerel,UNII:HO615U86UJ,,NCBI,biolink:ComplexMolecularMixture
DRUGBANK:DB15543,Pacific ocean perch,UNII:81369ZC3RW,,NCBI,
DRUGBANK:DB15544,Myristica fragrans fruit,UNII:GOO22BTU71,,NCBI|PLANTS|GRIN|MPNS,
DRUGBANK:DB15545,Pisum sativum whole,UNII:J21YE3W98E,,NCBI|PLANTS|GRIN|MPNS,
DRUGBANK:DB15546,Skim milk,UNII:6A001Y4M5A,,NCBI,
DRUGBANK:DB15547,Black sea bass,UNII:0YJW8KYT51,,NCBI,
DRUGBANK:DB15548,Channel catfish,UNII:FIX499R7DR,,NCBI,
DRUGBANK:DB15549,Atlantic halibut,UNII:7E34E106BO,,NCBI,
DRUGBANK:DB15572,Exagamglogene autotemcel,UNII:S53L777GM8,NCIT:C169042,NCBI,
DRUGBANK:DB15602,Cashew fruit,UNII:4A10JR4E7E,,NCBI|PLANTS|GRIN|MPNS,
DRUGBANK:DB15603,"Coffea arabica seed, roasted",UNII:9H58JRT35E,,NCBI|PLANTS|GRIN|MPNS,
DRUGBANK:DB15604,Lactuca sativa whole,UNII:C0K52765EZ,,NCBI|PLANTS|GRIN|MPNS,
DRUGBANK:DB15605,Field mushroom,UNII:19988ORO24,,NCBI,
DRUGBANK:DB15606,White mustard seed,UNII:25VR943RPP,,NCBI|PLANTS|GRIN|MPNS,
DRUGBANK:DB15607,Hydrolyzed soy protein,UNII:1394NXB9L6,,NCBI|PLANTS|GRIN|MPNS,
DRUGBANK:DB15608,Theobroma cacao whole,UNII:EB048G1S9J,,NCBI|PLANTS|GRIN|MPNS,
DRUGBANK:DB15611,Muskmelon,UNII:ZV095H5633,NCIT:C72030,NCBI|PLANTS|GRIN|MPNS,biolink:Food
DRUGBANK:DB15612,American hazelnut,UNII:IUP4S55D8S,,NCBI|PLANTS|GRIN|MPNS,
DRUGBANK:DB15613,Musa acuminata fruit,UNII:T6ENY6RV6W,,NCBI|PLANTS|GRIN|MPNS,
DRUGBANK:DB15615,Fennel,UNII:557II4LLC3,NCIT:C71970,NCBI|GRIN,biolink:Food
DRUGBANK:DB15663,Grapefruit oil,UNII:YR377U58W9,,NCBI|PLANTS|GRIN,
DRUGBANK:DB15667,Bacillus amyloliquefaciens,UNII:1M5Y26M37U,,NCBI,
DRUGBANK:DB15680,Neisseria meningitidis group A capsular polysaccharide tetanus toxoid conjugate antigen,UNII:T4GYX3110D,,NCBI,
DRUGBANK:DB15682,Neisseria meningitidis group Y capsular polysaccharide tetanus toxoid conjugate antigen,UNII:4WAN8PQK15,,NCBI,
DRUGBANK:DB15683,Neisseria meningitidis group W-135 capsular polysaccharide tetanus toxoid conjugate antigen,UNII:L77OK410KW,,NCBI,
DRUGBANK:DB15692,COVID-19 convalescent plasma,UNII:YM6LN8TU2V,,NCBI,
DRUGBANK:DB15699,Brexucabtagene autoleucel,UNII:4MD2J2T8SJ,NCIT:C170439,NCBI,
DRUGBANK:DB15721,Natural Killer Cell,UNII:IZR558KO53,NCIT:C178330,NCBI,
DRUGBANK:DB15729,Adipose-Derived Mesenchymal Stem Cells: Autologous or Allogeneic Origins,UNII:3ME9TTI5QB,NCIT:C190749,NCBI,
DRUGBANK:DB15742,MultiStem,UNII:WNR9FH307P,NCIT:C77874,NCBI,
DRUGBANK:DB15744,Allogeneic Cardiosphere-Derived Cells,UNII:ZM7OCV7H6H,NCIT:C220985,NCBI,
DRUGBANK:DB15776,Anise oil,UNII:6Y89129C8H,NCIT:C89792,NCBI|PLANTS|GRIN|MPNS,
DRUGBANK:DB15786,Maritime pine extract,UNII:50JZ5Z98QY,NCIT:C128889,NCBI|PLANTS|GRIN|MPNS,
DRUGBANK:DB15789,Alpinia officinarum leaf,UNII:8584IDD6OR,,NCBI|PLANTS|GRIN|MPNS,
DRUGBANK:DB15815,Boldo leaf extract,UNII:Q4EWM09M3O,,NCBI|PLANTS|GRIN|MPNS,
DRUGBANK:DB15823,Lactobacillus acidophilus,UNII:1PRR1V42V5,NCIT:C79797,NCBI,
DRUGBANK:DB15836,Cedar leaf oil,UNII:BJ169U4NLG,NCIT:C80991,NCBI|PLANTS|GRIN|MPNS,
DRUGBANK:DB15838,Orthosiphon aristatus leaf,UNII:DSS8V86H3Y,,NCBI|PLANTS|GRIN,
DRUGBANK:DB15840,Pine tar,UNII:YFH4WC535J,,NCBI,
DRUGBANK:DB15850,IMM-101,UNII:IZT740JY57,NCIT:C173535,NCBI,
DRUGBANK:DB15857,Janssen COVID-19 Vaccine,UNII:JT2NS6183B,NCIT:C176055,NCBI,
DRUGBANK:DB15860,Cassia fistula fruit,UNII:J65X53KM9E,,NCBI|PLANTS|GRIN|MPNS,
DRUGBANK:DB15866,CK0802,UNII:H7DFT9JF6M,NCIT:C158084,NCBI,
DRUGBANK:DB15869,Platelet Lysate,UNII:A2WX2UCW6F,,NCBI,
DRUGBANK:DB15871,Human Amniotic Fluid,UNII:6SQ06FQ2GH,,NCBI,
DRUGBANK:DB15879,Polygeline,UNII:CEI2QJ2WAR,NCIT:C174655,NCBI,
DRUGBANK:DB15889,Senna leaf,UNII:AK7JF626KX,,NCBI|PLANTS|GRIN|MPNS,
DRUGBANK:DB15894,Glycyrrhiza uralensis root,UNII:42B5YD8F0K,NCIT:C80296,NCBI|GRIN|MPNS,
DRUGBANK:DB15904,Alnus glutinosa,UNII:24A0VB48CA,,NCBI|PLANTS|GRIN|MPNS,
DRUGBANK:DB15922,Cajuput oil,UNII:J3TO6BUQ37,NCIT:C74291,NCBI|PLANTS|GRIN|MPNS,
DRUGBANK:DB15928,Asafoetida,UNII:W9FZA51AS1,NCIT:C83538,NCBI|PLANTS|GRIN|MPNS,
DRUGBANK:DB15966,Influenza virus type B,UNII:1314JZ2X6W,NCIT:C53468,NCBI,
DRUGBANK:DB15986,Cinnamon oil,UNII:A4WO0626T5,NCIT:C65293,NCBI|PLANTS|GRIN|MPNS,
DRUGBANK:DB15989,Garlic oil,UNII:4WG8U28833,NCIT:C63652,NCBI|PLANTS|GRIN|MPNS,
DRUGBANK:DB15996,Nutmeg oil,UNII:Z1CLM48948,NCIT:C107336,NCBI|PLANTS|GRIN|MPNS,
DRUGBANK:DB16360,Anti-SARS-CoV-2 immunoglobulin,UNII:VF62JD6WN3,,NCBI,
DRUGBANK:DB16361,Descartes-30,UNII:4P8TSC4FR8,,NCBI,
DRUGBANK:DB16499,INM005,UNII:QJ4WJD8DD3,NCIT:C175231,NCBI,
DRUGBANK:DB16536,Birch bark extract,UNII:3R504894L9,,NCBI|PLANTS|GRIN|MPNS,
DRUGBANK:DB16537,Bacillus clausii,UNII:KQ2N4RPK58,,NCBI,
DRUGBANK:DB16538,Bifidobacterium bifidum,UNII:WN5C16297P,,NCBI,
DRUGBANK:DB16539,Escherichia coli,UNII:514B9K0L10,NCIT:C14206,NCBI,
DRUGBANK:DB16540,Lactobacillus delbrueckii bulgaricus,UNII:HU1W4L947H,,NCBI,
DRUGBANK:DB16541,Lactobacillus casei,UNII:SA940P2U00,,NCBI,
DRUGBANK:DB16543,Lactobacillus gasseri,UNII:Q66E0D2443,,NCBI,
DRUGBANK:DB16544,Lactobacillus salivarius,UNII:7A4S6N2EG2,,NCBI,
DRUGBANK:DB16545,Malpighia emarginata extract,UNII:XDD2WEC9L5,,NCBI|PLANTS|GRIN|MPNS,
DRUGBANK:DB16546,Medicago sativa top,UNII:SQI2NBY9KR,NCIT:C84406,NCBI|PLANTS|GRIN|MPNS,
DRUGBANK:DB16548,Streptococcus thermophilus,UNII:T8F3MOB0CG,,NCBI,
DRUGBANK:DB16549,Bifidobacterium breve,UNII:L07O8T40TE,,NCBI,
DRUGBANK:DB16550,Bifidobacterium animalis lactis,UNII:5307V7XW8I,,NCBI,
DRUGBANK:DB16551,Lactobacillus paracasei,UNII:N1G291SC6Q,,NCBI,
DRUGBANK:DB16556,Spermaceti,UNII:P86KHA8V3K,,NCBI,
DRUGBANK:DB16558,Rosa canina fruit,UNII:3TNW8D08V3,NCIT:C71789,NCBI|PLANTS|GRIN|MPNS,biolink:Food
DRUGBANK:DB16559,Nux vomica extract,UNII:269XH13919,,NCBI|PLANTS|GRIN|MPNS,
DRUGBANK:DB16562,Sepia esculenta bone,UNII:M6XU683549,,NCBI,
DRUGBANK:DB16566,Gentiana lutea extract,UNII:S72O3284MS,NCIT:C71791,NCBI|PLANTS|GRIN|MPNS,
DRUGBANK:DB16570,Wheat germ oil,UNII:14C97E680P,NCIT:C107372,NCBI|PLANTS|GRIN|MPNS,
DRUGBANK:DB16575,Mentha arvensis leaf oil,UNII:1AEY1M553N,,NCBI|PLANTS|GRIN|MPNS,
DRUGBANK:DB16576,Cardamom,UNII:8BC4CUT4JL,NCIT:C74464,NCBI|PLANTS|GRIN|MPNS,
DRUGBANK:DB16577,"Japanese encephalitis vaccine (live, attenuated)",UNII:ZZ1CP75F3U,,NCBI,
DRUGBANK:DB16581,Darvadstrocel,UNII:31W7R94KYT,NCIT:C171654,NCBI,
DRUGBANK:DB16582,Lisocabtagene maraleucel,UNII:7K2YOJ14X0,NCIT:C125192,NCBI,
DRUGBANK:DB16583,Pelargonium sidoides root,UNII:H6J53HEX8E,,NCBI|GRIN|MPNS,
DRUGBANK:DB16586,Pygeum africanum bark,UNII:709HYI14M4,,NCBI|GRIN|MPNS,
DRUGBANK:DB16589,Pinus densiflora whole,UNII:U797H98B8Y,,NCBI|PLANTS|GRIN|MPNS,
DRUGBANK:DB16591,Ascophyllum nodosum,UNII:168S4EO8YJ,,NCBI,
DRUGBANK:DB16592,Frankincense,UNII:R9XLF1R1WM,,NCBI|PLANTS|GRIN|MPNS,
DRUGBANK:DB16593,Chinese cinnamon,UNII:WS4CQ062KM,,NCBI|PLANTS|GRIN|MPNS,
DRUGBANK:DB16594,Goldenseal,UNII:ZW3Z11D0JV,NCIT:C71859,NCBI|PLANTS|GRIN|MPNS,
DRUGBANK:DB16595,Paeonia lactiflora root,UNII:3Z3866YW6P,,NCBI|PLANTS|GRIN|MPNS,
DRUGBANK:DB16596,Apple cider vinegar,UNII:0UE22Q87VC,,NCBI|PLANTS|GRIN|MPNS,
DRUGBANK:DB16597,Artemisia annua leaf,UNII:E4M09UY5BL,,NCBI|PLANTS|GRIN|MPNS,
DRUGBANK:DB16598,Citrus aurantium fruit,UNII:DQD16J2B5O,,NCBI|PLANTS|GRIN|MPNS,
DRUGBANK:DB16599,Cerebrolysin,UNII:37KZM6S21G,NCIT:C221892,NCBI,
DRUGBANK:DB16600,Cinnamon leaf oil,UNII:S92U8SQ71V,NCIT:C107290,NCBI|PLANTS|GRIN|MPNS,
DRUGBANK:DB16601,Citronella oil,UNII:QYO8Q067D0,NCIT:C71856,NCBI|PLANTS|GRIN|MPNS,
DRUGBANK:DB16603,Escherichia coli strain Nissle 1917,UNII:V2I5FAS6Y5,,NCBI,
DRUGBANK:DB16605,Fucus vesiculosus,UNII:535G2ABX9M,NCIT:C72321,NCBI,
DRUGBANK:DB16606,Vitis vinifera seed,UNII:C34U15ICXA,,NCBI|PLANTS|GRIN|MPNS,
DRUGBANK:DB16610,Thyme oil,UNII:2UK410MY6B,NCIT:C107367,NCBI|PLANTS|GRIN|MPNS,
DRUGBANK:DB16611,"Tick-borne encephalitis vaccine (whole virus, inactivated)",UNII:42XD79UQQ6,,NCBI,
DRUGBANK:DB16612,Bee pollen,UNII:3729L8MA2C,NCIT:C87557,NCBI,
DRUGBANK:DB16613,Equine collagen,UNII:3221SCV0LS,,NCBI,
DRUGBANK:DB16615,Krill oil,UNII:V0I3IBX33C,,NCBI,
DRUGBANK:DB16618,Niaouli oil,UNII:D50IC2T8FU,NCIT:C72212,NCBI|PLANTS|GRIN|MPNS,
DRUGBANK:DB16632,Chamaecyparis obtusa whole,UNII:80ZNL1G5XY,,NCBI|PLANTS|GRIN|MPNS,
DRUGBANK:DB16633,Cryptomeria japonica bark,UNII:5VB6Q5926T,,NCBI|PLANTS|GRIN|MPNS,
DRUGBANK:DB16636,Gastrodia elata whole,UNII:08F85I5YAV,,NCBI|GRIN|MPNS,
DRUGBANK:DB16638,Cnidium monnieri fruit,UNII:V1IA3S3CUS,NCIT:C73874,NCBI|PLANTS|GRIN|MPNS,biolink:Food
DRUGBANK:DB16639,Juniper tar,UNII:1Q84T0P2G3,NCIT:C71827,NCBI|PLANTS|GRIN|MPNS,
DRUGBANK:DB16665,Idecabtagene vicleucel,UNII:8PX1X7UG4D,NCIT:C117729,NCBI,
DRUGBANK:DB16710,Streptococcus pneumoniae type 22F capsular polysaccharide diphtheria CRM197 protein conjugate antigen,UNII:U1E9VSB2K2,,NCBI,
DRUGBANK:DB16711,Streptococcus pneumoniae type 33F capsular polysaccharide diphtheria CRM197 protein conjugate antigen,UNII:9WP2BC3I04,,NCBI,
DRUGBANK:DB16713,Streptococcus pneumoniae type 8 capsular polysaccharide diphtheria CRM197 protein conjugate antigen,UNII:ADR2S9OIF2,,NCBI,
DRUGBANK:DB16714,Streptococcus pneumoniae type 10A capsular polysaccharide diphtheria CRM197 protein conjugate antigen,UNII:N47C1SHV0F,,NCBI,
DRUGBANK:DB16715,Streptococcus pneumoniae type 11A capsular polysaccharide diphtheria CRM197 protein conjugate antigen,UNII:RDA5AKV23D,,NCBI,
DRUGBANK:DB16716,Streptococcus pneumoniae type 12F capsular polysaccharide diphtheria CRM197 protein conjugate antigen,UNII:T6O227OX7Q,,NCBI,
DRUGBANK:DB16717,Streptococcus pneumoniae type 15B capsular polysaccharide diphtheria CRM197 protein conjugate antigen,UNII:H8Q6FRO6DY,,NCBI,
DRUGBANK:DB16736,Allogeneic processed thymus tissue,UNII:XD66YK3YY3,,NCBI,
DRUGBANK:DB16738,Ciltacabtagene autoleucel,UNII:0L1F17908Q,NCIT:C148498,NCBI,
DRUGBANK:DB16746,Elivaldogene autotemcel,UNII:KUM75TD6SG,NCIT:C171808,NCBI,
DRUGBANK:DB16900,Betibeglogene autotemcel,UNII:MEE8487RTP,NCIT:C123881,NCBI,
DRUGBANK:DB16960,Lenzumestrocel,UNII:6YY2MY21JA,NCIT:C175108,NCBI,
DRUGBANK:DB17072,Tabelecleucel,UNII:G3NJ7M8N4H,NCIT:C143140,NCBI,
DRUGBANK:DB17098,Virulizin,UNII:E5SF1Z7U1S,NCIT:C26677,NCBI,
DRUGBANK:DB17107,Lifileucel,UNII:R0835E18NH,NCIT:C120552,NCBI,
DRUGBANK:DB17130,Spanlecortemlocel,UNII:D8O38M043D,NCIT:C111571,NCBI,
DRUGBANK:DB17132,Omidubicel,UNII:ET4JC4S66E,NCIT:C127119,NCBI,
DRUGBANK:DB17185,Azercabtagene zapreleucel,UNII:PFZ3AP93TA,NCIT:C158558,NCBI,
DRUGBANK:DB17230,Vadacabtagene leraleucel,UNII:A4O2H9W17Y,NCIT:C133718,NCBI,
DRUGBANK:DB17231,Orvacabtagene autoleucel,UNII:K8RW1TW3EM,NCIT:C147523,NCBI,
DRUGBANK:DB17233,Letetresgene autoleucel,UNII:B5ME4ZU4BS,NCIT:C121379,NCBI,
DRUGBANK:DB17266,Zevorcabtagene autoleucel,UNII:GMV2GFP3G2,NCIT:C165507,NCBI,
DRUGBANK:DB17296,Gebasaxturev,UNII:4B57CWT710,NCIT:C61493,NCBI,
DRUGBANK:DB17324,Listeria monocytogenes,UNII:3O44K14A86,,NCBI,
DRUGBANK:DB17329,Eltrapuldencel-T,UNII:M2LBQ7RN2X,NCIT:C120183,NCBI,
DRUGBANK:DB17362,Obecabtagene autoleucel,UNII:760HJB0YRD,NCIT:C172746,NCBI,
DRUGBANK:DB17367,Gavocabtagene autoleucel,UNII:NP6CFH3G8H,NCIT:C160780,NCBI,
DRUGBANK:DB17402,Belagenpumatucel-L (SK-LU-1),UNII:15D3M1SIYH,,NCBI,
DRUGBANK:DB17412,Gemogenovatucel-T,UNII:27RU78H2H9,NCIT:C90552,NCBI,
DRUGBANK:DB17464,ETBX-011,UNII:RP9RQ0SOM8,NCIT:C91373,NCBI,
DRUGBANK:DB17528,ETBX-021,UNII:S4MK9TOL0D,NCIT:C150517,NCBI,
DRUGBANK:DB17529,ETBX-051,UNII:BPG11IF0HW,NCIT:C143034,NCBI,
DRUGBANK:DB17530,ETBX-061,UNII:17K7SN702N,NCIT:C143035,NCBI,
DRUGBANK:DB17538,Atidarsagene autotemcel,UNII:EPP8G99QG4,NCIT:C180638,NCBI,
DRUGBANK:DB17588,Rocapuldencel-T,UNII:8I9S6401XZ,NCIT:C77907,NCBI,
DRUGBANK:DB17595,RP-L201,UNII:RD86XHH46N,NCIT:C180650,NCBI,
DRUGBANK:DB17606,Rexlemestrocel-L,UNII:4LS0IJZ59V,NCIT:C171655,NCBI,
DRUGBANK:DB17676,Oxabact,UNII:330ZY4KI6F,,NCBI,
DRUGBANK:DB17721,Astragalus mongholicus root polysaccharides,UNII:71WW2LNL50,NCIT:C103822,NCBI|PLANTS|GRIN|MPNS,
DRUGBANK:DB17743,Fecal microbiota,UNII:Q805XO2F7C,,NCBI,
DRUGBANK:DB17753,Bos taurus colostrum immunoglobulins,UNII:EP5SDKM7A0,,NCBI,
DRUGBANK:DB17755,Staphylococcus aureus immune globulin (human),UNII:SX5Y4A7UBI,,NCBI,
DRUGBANK:DB17765,Respigam,UNII:78I1W13C3D,,NCBI,
DRUGBANK:DB17813,Hepatitis C immune globulin (human),UNII:U5V5MUD1KD,NCIT:C105618,NCBI,
DRUGBANK:DB17878,Dabocemagene autoficel,UNII:0S9A4XK1WT,NCIT:C180642,NCBI,
DRUGBANK:DB17879,Bacteroides thetaiotaomicron,UNII:H9HCE7993P,,NCBI,
DRUGBANK:DB17895,Prademagene zamikeracel,UNII:4UU2O40RHU,NCIT:C175196,NCBI,
DRUGBANK:DB17914,Sorghum,UNII:CUL9PN8ELJ,,NCBI|PLANTS|GRIN|MPNS,
DRUGBANK:DB17925,Autologous adipose derived mesenchymal stromal cells,UNII:KA0IJR9DZ7,,NCBI,
DRUGBANK:DB17926,Autologous cord blood,UNII:VDX0F5H4FP,,NCBI,
DRUGBANK:DB17955,Palucorcel,UNII:3T0UGR2M5Q,,NCBI,
DRUGBANK:DB17990,PLX-PAD,UNII:DPX6XLD4X1,NCIT:C169942,NCBI,
DRUGBANK:DB18032,Allogenic bone marrow-derived mesenchymal stem cells,UNII:OEN4982XNW,,NCBI,
DRUGBANK:DB18147,Firolimogene autotemcel,UNII:XH2XT2GQS6,NCIT:C184824,NCBI,
DRUGBANK:DB18202,Ilixadencel,UNII:PY29292DVJ,NCIT:C99902,NCBI,
DRUGBANK:DB18311,Taniraleucel,UNII:XO25H8E4QP,NCIT:C173877,NCBI,
DRUGBANK:DB18386,AV-0113,UNII:H2CDQ1PWN7,NCIT:C123928,NCBI,
DRUGBANK:DB18449,Mycobacterium vaccae,UNII:I639ME27W5,,NCBI,
DRUGBANK:DB18530,Bifidobacterium spp.,UNII:IO1WP3918D,,NCBI,
DRUGBANK:DB18532,Lactobacillus brevis,UNII:268IL53Q7O,,NCBI,
DRUGBANK:DB18592,Afamitresgene autoleucel,UNII:CUY18BJ7BP,NCIT:C175738,NCBI,
DRUGBANK:DB18598,INH-A21,UNII:9LKK68BOP0,,NCBI,
DRUGBANK:DB18639,MT-401,UNII:L4D9X59F34,NCIT:C175351,NCBI,
DRUGBANK:DB18640,ALLO-715,UNII:Q137JC2CLV,NCIT:C165779,NCBI,
DRUGBANK:DB18659,Avoplacel,UNII:79NT7I8J0C,NCIT:C171652,NCBI,
DRUGBANK:DB18680,Lovotibeglogene autotemcel,UNII:2C6A9NH2Z8,NCIT:C176855,NCBI,
DRUGBANK:DB18685,Whey,UNII:8617Z5FMF6,NCIT:C71947,NCBI,biolink:Food
DRUGBANK:DB18691,Rovaleucel,UNII:TL8FKX4ISW,NCIT:C174916,NCBI,
DRUGBANK:DB18722,Dilanubicel,UNII:FR89SC8CT4,NCIT:C146992,NCBI,
DRUGBANK:DB18764,Zamtocabtagene autoleucel,UNII:NT3BAN5MDV,NCIT:C180596,NCBI,
DRUGBANK:DB18906,MG-4101,UNII:WX2ZW10GHO,NCIT:C94209,NCBI,
DRUGBANK:DB18979,Relmacabtagene autoleucel,UNII:K5CXA4X5U8,NCIT:C155878,NCBI,
DRUGBANK:DB19059,Iltamiocel,UNII:QTA2A5N6BE,NCIT:C177094,NCBI,
DRUGBANK:DB19089,Propionibacterium acnes,UNII:TRZ1AA965O,NCIT:C14378,NCBI,
DRUGBANK:DB19093,Lactobacillus crispatus strain CTV-05,UNII:RP8X0ZB061,,NCBI,
DRUGBANK:DB19103,Simoladagene autotemcel,UNII:MOD3RG31RS,NCIT:C171810,NCBI,
DRUGBANK:DB19107,Rivogenlecleucel,UNII:E6349B696W,NCIT:C105395,NCBI,
DRUGBANK:DB19117,Lapuleucel-t,UNII:J5Z87L8ROA,NCIT:C2057,NCBI,
DRUGBANK:DB19145,Baltaleucel-T,UNII:F9670LP52I,NCIT:C129374,NCBI,
DRUGBANK:DB19154,Mocemestrocel,UNII:8HM51ZKE1F,NCIT:C175146,NCBI,
DRUGBANK:DB19155,Nalotimagene carmaleucel,UNII:2SS05WO6EV,NCIT:C175827,NCBI,
DRUGBANK:DB19188,Cenplacel-L,UNII:OOH12XV6XR,NCIT:C171653,NCBI,
DRUGBANK:DB19219,Autologous ex vivo expanded cd4+-enriched leukocytes treated with the de-methylating agent 5-aza-deoxycytidine,UNII:B2NUS89036,NCIT:C112495,NCBI,
DRUGBANK:DB19245,Bacillus cereus,UNII:7YC151N82L,NCIT:C86161,NCBI,
DRUGBANK:DB19246,Bacillus coagulans,UNII:ISK1LOY57E,NCIT:C86939,NCBI,
DRUGBANK:DB19247,Bacillus licheniformis,UNII:WAN07H3BQL,,NCBI,
DRUGBANK:DB19248,Bifidobacterium longum,UNII:831AQW699W,,NCBI,
DRUGBANK:DB19249,Bos taurus colostrum,UNII:S256WJ3OFQ,,NCBI,
DRUGBANK:DB19252,Ecklonia cava,UNII:UXX2N5V39P,,NCBI,
DRUGBANK:DB19262,Grifola frondosa whole,UNII:A1U5YJI0Z8,,NCBI,
DRUGBANK:DB19268,Romyelocel-L,UNII:BEX65U1K6I,NCIT:C82381,NCBI,
DRUGBANK:DB19272,Taiwanofungus camphoratus fruiting body,UNII:3796H63LII,NCIT:C129711,NCBI,
DRUGBANK:DB19274,Streptococcus salivarius,UNII:NN52U3ZACZ,NCIT:C86804,NCBI,
DRUGBANK:DB19275,Stapuldencel,UNII:RB8MSD888P,NCIT:C115106,NCBI,
DRUGBANK:DB19282,Lacticaseibacillus rhamnosus,UNII:9601IVB87J,,NCBI,
DRUGBANK:DB19284,Pseudomonas aeruginosa,UNII:Y793W5V55N,NCIT:C86696,NCBI,
DRUGBANK:DB19286,Human colostrum,UNII:VB6F65I6F5,NCIT:C32348,NCBI,
DRUGBANK:DB19288,Ophiocordyceps sinensis,UNII:8Q1GYP08KU,,NCBI,
DRUGBANK:DB19289,Xanthium sibiricum fruit,UNII:3H333L84C2,,NCBI,
DRUGBANK:DB19294,Japanese Encephalitis Virus Vaccine Inactivated,UNII:2V2JJ0S00T,NCIT:C75797,NCBI,
DRUGBANK:DB19295,Platelet Rich Plasma,UNII:ZW1U5HYZ1A,NCIT:C177738,NCBI,
DRUGBANK:DB19297,Human placenta hydrolysate,UNII:24L835P10X,NCIT:C90806,NCBI,
DRUGBANK:DB19342,Streptococcus pneumoniae type 9N capsular polysaccharide diphtheria CRM197 protein conjugate antigen,UNII:XI7GQF2NHD,,NCBI,
